valuation_date,portfolio_code,isin,daily_return_bps,contribution_bps
2025-01-02,FUND_A,US0378331005,-33.01,-2.5733
2025-01-03,FUND_A,US0378331005,22.75,1.8621
2025-01-06,FUND_A,US0378331005,19.62,1.6647
2025-01-07,FUND_A,US0378331005,40.88,3.3287
2025-01-08,FUND_A,US0378331005,2.83,0.2217
2025-01-09,FUND_A,US0378331005,-45.55,-3.6892
2025-01-10,FUND_A,US0378331005,-67.61,-5.6465
2025-01-13,FUND_A,US0378331005,61.08,5.072
2025-01-14,FUND_A,US0378331005,-137.5,-11.8804
2025-01-15,FUND_A,US0378331005,-34.04,-2.7598
2025-01-16,FUND_A,US0378331005,-62.65,-4.9813
2025-01-17,FUND_A,US0378331005,4.23,0.3232
2025-01-20,FUND_A,US0378331005,-31.76,-2.506
2025-01-21,FUND_A,US0378331005,-27.38,-2.1539
2025-01-22,FUND_A,US0378331005,47.41,3.8955
2025-01-23,FUND_A,US0378331005,-33.54,-2.7512
2025-01-24,FUND_A,US0378331005,-69.32,-5.9424
2025-01-27,FUND_A,US0378331005,58.75,4.5836
2025-01-28,FUND_A,US0378331005,50.82,3.9554
2025-01-29,FUND_A,US0378331005,72.09,5.8723
2025-01-30,FUND_A,US0378331005,32.07,2.6446
2025-01-31,FUND_A,US0378331005,-44.16,-3.7228
2025-02-03,FUND_A,US0378331005,69.53,5.8274
2025-02-04,FUND_A,US0378331005,-24.12,-1.9704
2025-02-05,FUND_A,US0378331005,10.34,0.7968
2025-02-06,FUND_A,US0378331005,-66.72,-5.5222
2025-02-07,FUND_A,US0378331005,-38.92,-3.1675
2025-02-10,FUND_A,US0378331005,27.31,2.1802
2025-02-11,FUND_A,US0378331005,40.46,3.5069
2025-02-12,FUND_A,US0378331005,1.94,0.1619
2025-02-13,FUND_A,US0378331005,74.02,5.8378
2025-02-14,FUND_A,US0378331005,-4.86,-0.3994
2025-02-17,FUND_A,US0378331005,-125.19,-10.0756
2025-02-18,FUND_A,US0378331005,30.4,2.4429
2025-02-19,FUND_A,US0378331005,-129.68,-10.9465
2025-02-20,FUND_A,US0378331005,-101.26,-7.7034
2025-02-21,FUND_A,US0378331005,-26.16,-2.1658
2025-02-24,FUND_A,US0378331005,32.65,2.705
2025-02-25,FUND_A,US0378331005,31.22,2.4504
2025-02-26,FUND_A,US0378331005,-16.97,-1.3824
2025-02-27,FUND_A,US0378331005,20.98,1.7
2025-02-28,FUND_A,US0378331005,-77.94,-6.0195
2025-03-03,FUND_A,US0378331005,143.19,12.1734
2025-03-04,FUND_A,US0378331005,-15.45,-1.279
2025-03-05,FUND_A,US0378331005,-8.81,-0.685
2025-03-06,FUND_A,US0378331005,-13.94,-1.0627
2025-03-07,FUND_A,US0378331005,67.26,5.4252
2025-03-10,FUND_A,US0378331005,9.92,0.8246
2025-03-11,FUND_A,US0378331005,10.46,0.865
2025-03-12,FUND_A,US0378331005,-22.36,-1.728
2025-03-13,FUND_A,US0378331005,-22.7,-1.8696
2025-03-14,FUND_A,US0378331005,11.49,0.9823
2025-03-17,FUND_A,US0378331005,-2.35,-0.1954
2025-03-18,FUND_A,US0378331005,5.95,0.4961
2025-03-19,FUND_A,US0378331005,-35.07,-2.7315
2025-03-20,FUND_A,US0378331005,64.08,5.2915
2025-03-21,FUND_A,US0378331005,32.12,2.6157
2025-03-24,FUND_A,US0378331005,100.55,8.5282
2025-03-25,FUND_A,US0378331005,38.88,3.2678
2025-03-26,FUND_A,US0378331005,14.11,1.0907
2025-03-27,FUND_A,US0378331005,-2.91,-0.2478
2025-03-28,FUND_A,US0378331005,60.98,5.076
2025-03-31,FUND_A,US0378331005,4.85,0.3705
2025-01-02,FUND_A,US5949181045,-55.86,-4.0693
2025-01-03,FUND_A,US5949181045,-45.93,-3.4621
2025-01-06,FUND_A,US5949181045,-127.58,-8.9591
2025-01-07,FUND_A,US5949181045,81.52,6.0347
2025-01-08,FUND_A,US5949181045,87.83,6.4196
2025-01-09,FUND_A,US5949181045,-80.63,-5.5152
2025-01-10,FUND_A,US5949181045,-58.32,-4.1937
2025-01-13,FUND_A,US5949181045,-47.84,-3.3551
2025-01-14,FUND_A,US5949181045,-38.59,-2.6436
2025-01-15,FUND_A,US5949181045,27.46,1.8675
2025-01-16,FUND_A,US5949181045,19.04,1.3138
2025-01-17,FUND_A,US5949181045,17.22,1.282
2025-01-20,FUND_A,US5949181045,33.34,2.4522
2025-01-21,FUND_A,US5949181045,24.98,1.7601
2025-01-22,FUND_A,US5949181045,32.42,2.3305
2025-01-23,FUND_A,US5949181045,-95.49,-6.5956
2025-01-24,FUND_A,US5949181045,-38.48,-2.551
2025-01-27,FUND_A,US5949181045,34.46,2.4444
2025-01-28,FUND_A,US5949181045,-110.85,-7.7691
2025-01-29,FUND_A,US5949181045,82.63,6.043
2025-01-30,FUND_A,US5949181045,74.92,4.9683
2025-01-31,FUND_A,US5949181045,9.11,0.6682
2025-02-03,FUND_A,US5949181045,21.4,1.5686
2025-02-04,FUND_A,US5949181045,-18.7,-1.3832
2025-02-05,FUND_A,US5949181045,77.42,5.3679
2025-02-06,FUND_A,US5949181045,40.03,2.7169
2025-02-07,FUND_A,US5949181045,12.36,0.8991
2025-02-10,FUND_A,US5949181045,-89.87,-5.8031
2025-02-11,FUND_A,US5949181045,66.07,4.5967
2025-02-12,FUND_A,US5949181045,-50.05,-3.3868
2025-02-13,FUND_A,US5949181045,36.65,2.4708
2025-02-14,FUND_A,US5949181045,-18.23,-1.3466
2025-02-17,FUND_A,US5949181045,19.18,1.3022
2025-02-18,FUND_A,US5949181045,98.8,6.4276
2025-02-19,FUND_A,US5949181045,-93.29,-6.3535
2025-02-20,FUND_A,US5949181045,-10.72,-0.7782
2025-02-21,FUND_A,US5949181045,-59.55,-4.1383
2025-02-24,FUND_A,US5949181045,-48.65,-3.5128
2025-02-25,FUND_A,US5949181045,17.87,1.2361
2025-02-26,FUND_A,US5949181045,-49.39,-3.5626
2025-02-27,FUND_A,US5949181045,-72.03,-5.2241
2025-02-28,FUND_A,US5949181045,-45.45,-3.3257
2025-03-03,FUND_A,US5949181045,113.41,7.5609
2025-03-04,FUND_A,US5949181045,-7.71,-0.5295
2025-03-05,FUND_A,US5949181045,-41.43,-2.9473
2025-03-06,FUND_A,US5949181045,32.7,2.2165
2025-03-07,FUND_A,US5949181045,-83.71,-5.6017
2025-03-10,FUND_A,US5949181045,0.09,0.0065
2025-03-11,FUND_A,US5949181045,50.31,3.6376
2025-03-12,FUND_A,US5949181045,0.23,0.0173
2025-03-13,FUND_A,US5949181045,-24.52,-1.8185
2025-03-14,FUND_A,US5949181045,-142.93,-10.2386
2025-03-17,FUND_A,US5949181045,58.87,4.3482
2025-03-18,FUND_A,US5949181045,-2.77,-0.2012
2025-03-19,FUND_A,US5949181045,70.91,4.7178
2025-03-20,FUND_A,US5949181045,102.07,7.0586
2025-03-21,FUND_A,US5949181045,-67.31,-4.9659
2025-03-24,FUND_A,US5949181045,17.61,1.2294
2025-03-25,FUND_A,US5949181045,-71.94,-5.1541
2025-03-26,FUND_A,US5949181045,41.81,3.1642
2025-03-27,FUND_A,US5949181045,-19.73,-1.3452
2025-03-28,FUND_A,US5949181045,45.3,3.2922
2025-03-31,FUND_A,US5949181045,-41.7,-3.0027
2025-01-02,FUND_A,US46625H1005,-44.96,-2.6621
2025-01-03,FUND_A,US46625H1005,-69.12,-3.8991
2025-01-06,FUND_A,US46625H1005,-18.21,-1.069
2025-01-07,FUND_A,US46625H1005,88.5,5.0401
2025-01-08,FUND_A,US46625H1005,-140.58,-8.7717
2025-01-09,FUND_A,US46625H1005,-108.02,-6.9026
2025-01-10,FUND_A,US46625H1005,-32.27,-1.8555
2025-01-13,FUND_A,US46625H1005,-55.98,-3.3377
2025-01-14,FUND_A,US46625H1005,-91.33,-5.8907
2025-01-15,FUND_A,US46625H1005,85.95,5.6061
2025-01-16,FUND_A,US46625H1005,-50.19,-3.3386
2025-01-17,FUND_A,US46625H1005,73.48,4.586
2025-01-20,FUND_A,US46625H1005,-53.16,-3.3511
2025-01-21,FUND_A,US46625H1005,-145.74,-8.7445
2025-01-22,FUND_A,US46625H1005,30.96,1.9433
2025-01-23,FUND_A,US46625H1005,83.16,5.2885
2025-01-24,FUND_A,US46625H1005,40.54,2.348
2025-01-27,FUND_A,US46625H1005,75.59,4.6986
2025-01-28,FUND_A,US46625H1005,-54.48,-3.3273
2025-01-29,FUND_A,US46625H1005,-82.55,-4.6487
2025-01-30,FUND_A,US46625H1005,29.04,1.7237
2025-01-31,FUND_A,US46625H1005,-32.41,-1.9379
2025-02-03,FUND_A,US46625H1005,35.35,2.1881
2025-02-04,FUND_A,US46625H1005,-42.46,-2.5903
2025-02-05,FUND_A,US46625H1005,-23.69,-1.4336
2025-02-06,FUND_A,US46625H1005,17.23,1.0909
2025-02-07,FUND_A,US46625H1005,-2.99,-0.1844
2025-02-10,FUND_A,US46625H1005,-0.6,-0.0342
2025-02-11,FUND_A,US46625H1005,-33.27,-1.9342
2025-02-12,FUND_A,US46625H1005,83.22,4.7842
2025-02-13,FUND_A,US46625H1005,-0.56,-0.0345
2025-02-14,FUND_A,US46625H1005,-36.31,-1.975
2025-02-17,FUND_A,US46625H1005,14.13,0.9068
2025-02-18,FUND_A,US46625H1005,-63.47,-3.5315
2025-02-19,FUND_A,US46625H1005,27.64,1.6859
2025-02-20,FUND_A,US46625H1005,95.79,5.8505
2025-02-21,FUND_A,US46625H1005,-4.69,-0.2769
2025-02-24,FUND_A,US46625H1005,-67.25,-3.9449
2025-02-25,FUND_A,US46625H1005,-81.86,-5.0342
2025-02-26,FUND_A,US46625H1005,-16.17,-0.9581
2025-02-27,FUND_A,US46625H1005,-69.11,-4.0892
2025-02-28,FUND_A,US46625H1005,-75.18,-4.8507
2025-03-03,FUND_A,US46625H1005,4.76,0.269
2025-03-04,FUND_A,US46625H1005,-39.83,-2.2804
2025-03-05,FUND_A,US46625H1005,28.05,1.6916
2025-03-06,FUND_A,US46625H1005,3.65,0.2364
2025-03-07,FUND_A,US46625H1005,-27.96,-1.7252
2025-03-10,FUND_A,US46625H1005,73.98,4.2791
2025-03-11,FUND_A,US46625H1005,60.46,3.5771
2025-03-12,FUND_A,US46625H1005,-15.06,-0.9243
2025-03-13,FUND_A,US46625H1005,-52.16,-3.3517
2025-03-14,FUND_A,US46625H1005,56.09,3.3958
2025-03-17,FUND_A,US46625H1005,75.73,4.745
2025-03-18,FUND_A,US46625H1005,-25.5,-1.4405
2025-03-19,FUND_A,US46625H1005,-28.25,-1.7777
2025-03-20,FUND_A,US46625H1005,96.84,6.0872
2025-03-21,FUND_A,US46625H1005,106.45,6.1763
2025-03-24,FUND_A,US46625H1005,-5.48,-0.3069
2025-03-25,FUND_A,US46625H1005,-29.63,-1.7443
2025-03-26,FUND_A,US46625H1005,21.98,1.3934
2025-03-27,FUND_A,US46625H1005,-30.52,-1.875
2025-03-28,FUND_A,US46625H1005,7.67,0.463
2025-03-31,FUND_A,US46625H1005,44.48,2.9158
2025-01-02,FUND_A,FR0000131104,47.76,2.224
2025-01-03,FUND_A,FR0000131104,54.97,2.9997
2025-01-06,FUND_A,FR0000131104,-75.44,-3.9713
2025-01-07,FUND_A,FR0000131104,-129.79,-6.7652
2025-01-08,FUND_A,FR0000131104,73.32,3.546
2025-01-09,FUND_A,FR0000131104,19.69,1.0824
2025-01-10,FUND_A,FR0000131104,41.05,2.0262
2025-01-13,FUND_A,FR0000131104,-11.55,-0.5911
2025-01-14,FUND_A,FR0000131104,77.38,3.706
2025-01-15,FUND_A,FR0000131104,45.35,2.2211
2025-01-16,FUND_A,FR0000131104,-37.63,-1.8501
2025-01-17,FUND_A,FR0000131104,65.35,3.0907
2025-01-20,FUND_A,FR0000131104,-125.01,-6.4405
2025-01-21,FUND_A,FR0000131104,-125.75,-5.8325
2025-01-22,FUND_A,FR0000131104,16.55,0.8414
2025-01-23,FUND_A,FR0000131104,52.39,2.6586
2025-01-24,FUND_A,FR0000131104,-43.75,-2.2774
2025-01-27,FUND_A,FR0000131104,11.46,0.5292
2025-01-28,FUND_A,FR0000131104,20.69,1.0675
2025-01-29,FUND_A,FR0000131104,4.36,0.2065
2025-01-30,FUND_A,FR0000131104,66.45,3.619
2025-01-31,FUND_A,FR0000131104,53.42,2.6738
2025-02-03,FUND_A,FR0000131104,5.19,0.2449
2025-02-04,FUND_A,FR0000131104,-54.24,-2.5365
2025-02-05,FUND_A,FR0000131104,2.0,0.1026
2025-02-06,FUND_A,FR0000131104,-7.95,-0.3754
2025-02-07,FUND_A,FR0000131104,-77.5,-3.8744
2025-02-10,FUND_A,FR0000131104,-83.19,-4.2233
2025-02-11,FUND_A,FR0000131104,-17.51,-0.9293
2025-02-12,FUND_A,FR0000131104,-53.79,-2.6378
2025-02-13,FUND_A,FR0000131104,-30.88,-1.5581
2025-02-14,FUND_A,FR0000131104,40.26,2.0548
2025-02-17,FUND_A,FR0000131104,69.04,3.6781
2025-02-18,FUND_A,FR0000131104,15.56,0.8043
2025-02-19,FUND_A,FR0000131104,4.79,0.2369
2025-02-20,FUND_A,FR0000131104,-23.79,-1.2379
2025-02-21,FUND_A,FR0000131104,36.27,1.8749
2025-02-24,FUND_A,FR0000131104,1.22,0.0664
2025-02-25,FUND_A,FR0000131104,-35.23,-1.767
2025-02-26,FUND_A,FR0000131104,-85.84,-4.0116
2025-02-27,FUND_A,FR0000131104,34.56,1.7908
2025-02-28,FUND_A,FR0000131104,-94.36,-4.7375
2025-03-03,FUND_A,FR0000131104,53.65,2.4576
2025-03-04,FUND_A,FR0000131104,27.3,1.4398
2025-03-05,FUND_A,FR0000131104,24.74,1.1741
2025-03-06,FUND_A,FR0000131104,-9.12,-0.4481
2025-03-07,FUND_A,FR0000131104,56.47,2.7548
2025-03-10,FUND_A,FR0000131104,-37.11,-1.776
2025-03-11,FUND_A,FR0000131104,-14.61,-0.7056
2025-03-12,FUND_A,FR0000131104,-87.0,-4.4328
2025-03-13,FUND_A,FR0000131104,-33.82,-1.6098
2025-03-14,FUND_A,FR0000131104,-63.34,-3.0119
2025-03-17,FUND_A,FR0000131104,-90.25,-4.6403
2025-03-18,FUND_A,FR0000131104,78.74,3.6821
2025-03-19,FUND_A,FR0000131104,44.23,2.346
2025-03-20,FUND_A,FR0000131104,-17.7,-0.8822
2025-03-21,FUND_A,FR0000131104,-110.63,-5.3448
2025-03-24,FUND_A,FR0000131104,14.98,0.712
2025-03-25,FUND_A,FR0000131104,20.67,1.1006
2025-03-26,FUND_A,FR0000131104,4.99,0.2445
2025-03-27,FUND_A,FR0000131104,-86.4,-4.0808
2025-03-28,FUND_A,FR0000131104,60.77,3.1369
2025-03-31,FUND_A,FR0000131104,105.1,5.4921
2025-01-02,FUND_A,CH0012221716,-17.1,-0.6689
2025-01-03,FUND_A,CH0012221716,-81.12,-3.2859
2025-01-06,FUND_A,CH0012221716,5.46,0.2358
2025-01-07,FUND_A,CH0012221716,-82.28,-3.4662
2025-01-08,FUND_A,CH0012221716,-10.6,-0.4527
2025-01-09,FUND_A,CH0012221716,16.68,0.6412
2025-01-10,FUND_A,CH0012221716,-46.1,-1.9407
2025-01-13,FUND_A,CH0012221716,70.27,2.8317
2025-01-14,FUND_A,CH0012221716,14.34,0.5375
2025-01-15,FUND_A,CH0012221716,34.92,1.2402
2025-01-16,FUND_A,CH0012221716,53.84,2.188
2025-01-17,FUND_A,CH0012221716,45.19,1.7652
2025-01-20,FUND_A,CH0012221716,95.06,4.0871
2025-01-21,FUND_A,CH0012221716,-20.22,-0.8665
2025-01-22,FUND_A,CH0012221716,58.17,2.3681
2025-01-23,FUND_A,CH0012221716,4.59,0.2067
2025-01-24,FUND_A,CH0012221716,-11.21,-0.4428
2025-01-27,FUND_A,CH0012221716,-24.67,-0.9091
2025-01-28,FUND_A,CH0012221716,12.22,0.4893
2025-01-29,FUND_A,CH0012221716,-42.22,-1.5607
2025-01-30,FUND_A,CH0012221716,-99.92,-4.3496
2025-01-31,FUND_A,CH0012221716,36.79,1.6256
2025-02-03,FUND_A,CH0012221716,17.26,0.7615
2025-02-04,FUND_A,CH0012221716,-17.43,-0.7151
2025-02-05,FUND_A,CH0012221716,50.23,2.118
2025-02-06,FUND_A,CH0012221716,-111.69,-4.2844
2025-02-07,FUND_A,CH0012221716,54.67,2.0183
2025-02-10,FUND_A,CH0012221716,-87.87,-3.7295
2025-02-11,FUND_A,CH0012221716,-36.35,-1.3724
2025-02-12,FUND_A,CH0012221716,37.22,1.3439
2025-02-13,FUND_A,CH0012221716,57.84,2.3967
2025-02-14,FUND_A,CH0012221716,17.04,0.6639
2025-02-17,FUND_A,CH0012221716,-11.04,-0.4282
2025-02-18,FUND_A,CH0012221716,33.52,1.4321
2025-02-19,FUND_A,CH0012221716,116.11,4.2636
2025-02-20,FUND_A,CH0012221716,-42.92,-1.7889
2025-02-21,FUND_A,CH0012221716,18.4,0.7324
2025-02-24,FUND_A,CH0012221716,-46.75,-1.8927
2025-02-25,FUND_A,CH0012221716,45.2,1.6558
2025-02-26,FUND_A,CH0012221716,44.41,1.635
2025-02-27,FUND_A,CH0012221716,50.38,2.0875
2025-02-28,FUND_A,CH0012221716,24.6,0.9603
2025-03-03,FUND_A,CH0012221716,-41.12,-1.6704
2025-03-04,FUND_A,CH0012221716,-32.52,-1.3771
2025-03-05,FUND_A,CH0012221716,-27.04,-1.22
2025-03-06,FUND_A,CH0012221716,46.04,1.8471
2025-03-07,FUND_A,CH0012221716,7.58,0.3157
2025-03-10,FUND_A,CH0012221716,-13.99,-0.5133
2025-03-11,FUND_A,CH0012221716,32.18,1.4447
2025-03-12,FUND_A,CH0012221716,-75.82,-2.6844
2025-03-13,FUND_A,CH0012221716,-88.13,-3.7271
2025-03-14,FUND_A,CH0012221716,-27.4,-1.0078
2025-03-17,FUND_A,CH0012221716,118.84,4.7728
2025-03-18,FUND_A,CH0012221716,13.91,0.5583
2025-03-19,FUND_A,CH0012221716,-14.62,-0.5704
2025-03-20,FUND_A,CH0012221716,58.81,2.2768
2025-03-21,FUND_A,CH0012221716,-128.72,-5.1452
2025-03-24,FUND_A,CH0012221716,-9.95,-0.3586
2025-03-25,FUND_A,CH0012221716,10.15,0.451
2025-03-26,FUND_A,CH0012221716,72.41,2.8473
2025-03-27,FUND_A,CH0012221716,41.38,1.8442
2025-03-28,FUND_A,CH0012221716,-2.18,-0.0968
2025-03-31,FUND_A,CH0012221716,-21.5,-0.8095
2025-01-02,FUND_A,GB0009252882,-28.74,-1.3835
2025-01-03,FUND_A,GB0009252882,-58.46,-2.8812
2025-01-06,FUND_A,GB0009252882,-26.26,-1.1894
2025-01-07,FUND_A,GB0009252882,-13.27,-0.5955
2025-01-08,FUND_A,GB0009252882,-5.8,-0.2566
2025-01-09,FUND_A,GB0009252882,38.27,1.8764
2025-01-10,FUND_A,GB0009252882,123.11,5.0413
2025-01-13,FUND_A,GB0009252882,21.67,0.9125
2025-01-14,FUND_A,GB0009252882,45.86,1.9531
2025-01-15,FUND_A,GB0009252882,45.89,2.1736
2025-01-16,FUND_A,GB0009252882,-3.12,-0.1311
2025-01-17,FUND_A,GB0009252882,-55.85,-2.5098
2025-01-20,FUND_A,GB0009252882,-30.59,-1.2589
2025-01-21,FUND_A,GB0009252882,86.17,4.2701
2025-01-22,FUND_A,GB0009252882,1.74,0.0867
2025-01-23,FUND_A,GB0009252882,-141.04,-5.737
2025-01-24,FUND_A,GB0009252882,-2.64,-0.1132
2025-01-27,FUND_A,GB0009252882,23.28,1.1
2025-01-28,FUND_A,GB0009252882,-3.44,-0.1615
2025-01-29,FUND_A,GB0009252882,-46.62,-2.2329
2025-01-30,FUND_A,GB0009252882,-28.86,-1.3291
2025-01-31,FUND_A,GB0009252882,90.33,3.771
2025-02-03,FUND_A,GB0009252882,98.76,4.8519
2025-02-04,FUND_A,GB0009252882,59.58,2.543
2025-02-05,FUND_A,GB0009252882,38.33,1.7133
2025-02-06,FUND_A,GB0009252882,8.53,0.3673
2025-02-07,FUND_A,GB0009252882,77.8,3.6766
2025-02-10,FUND_A,GB0009252882,30.46,1.4707
2025-02-11,FUND_A,GB0009252882,113.85,4.866
2025-02-12,FUND_A,GB0009252882,-37.09,-1.8602
2025-02-13,FUND_A,GB0009252882,15.68,0.6586
2025-02-14,FUND_A,GB0009252882,10.09,0.4886
2025-02-17,FUND_A,GB0009252882,-30.64,-1.4731
2025-02-18,FUND_A,GB0009252882,-3.37,-0.1639
2025-02-19,FUND_A,GB0009252882,-45.22,-1.8765
2025-02-20,FUND_A,GB0009252882,24.97,1.2019
2025-02-21,FUND_A,GB0009252882,-38.87,-1.7651
2025-02-24,FUND_A,GB0009252882,-52.0,-2.3658
2025-02-25,FUND_A,GB0009252882,-72.99,-3.0827
2025-02-26,FUND_A,GB0009252882,-121.3,-5.8652
2025-02-27,FUND_A,GB0009252882,-3.43,-0.1526
2025-02-28,FUND_A,GB0009252882,-42.28,-1.8416
2025-03-03,FUND_A,GB0009252882,-11.77,-0.481
2025-03-04,FUND_A,GB0009252882,-90.38,-3.8795
2025-03-05,FUND_A,GB0009252882,-14.02,-0.6625
2025-03-06,FUND_A,GB0009252882,-64.32,-2.8957
2025-03-07,FUND_A,GB0009252882,34.84,1.6892
2025-03-10,FUND_A,GB0009252882,40.92,1.949
2025-03-11,FUND_A,GB0009252882,20.04,0.8352
2025-03-12,FUND_A,GB0009252882,5.81,0.2759
2025-03-13,FUND_A,GB0009252882,-53.8,-2.3326
2025-03-14,FUND_A,GB0009252882,39.8,1.8218
2025-03-17,FUND_A,GB0009252882,98.86,4.3142
2025-03-18,FUND_A,GB0009252882,16.47,0.7035
2025-03-19,FUND_A,GB0009252882,3.1,0.1383
2025-03-20,FUND_A,GB0009252882,35.98,1.6394
2025-03-21,FUND_A,GB0009252882,14.81,0.6584
2025-03-24,FUND_A,GB0009252882,47.51,1.931
2025-03-25,FUND_A,GB0009252882,15.43,0.6828
2025-03-26,FUND_A,GB0009252882,-15.53,-0.719
2025-03-27,FUND_A,GB0009252882,135.02,6.2147
2025-03-28,FUND_A,GB0009252882,-2.43,-0.1102
2025-03-31,FUND_A,GB0009252882,78.7,3.4284
2025-01-02,FUND_A,JP3633400001,-27.12,-1.3228
2025-01-03,FUND_A,JP3633400001,92.62,4.5781
2025-01-06,FUND_A,JP3633400001,41.58,2.1533
2025-01-07,FUND_A,JP3633400001,36.23,2.018
2025-01-08,FUND_A,JP3633400001,32.06,1.5114
2025-01-09,FUND_A,JP3633400001,39.91,1.94
2025-01-10,FUND_A,JP3633400001,-4.29,-0.2339
2025-01-13,FUND_A,JP3633400001,65.71,3.4613
2025-01-14,FUND_A,JP3633400001,13.22,0.6442
2025-01-15,FUND_A,JP3633400001,-4.9,-0.2686
2025-01-16,FUND_A,JP3633400001,9.48,0.4543
2025-01-17,FUND_A,JP3633400001,81.6,4.2322
2025-01-20,FUND_A,JP3633400001,29.79,1.5489
2025-01-21,FUND_A,JP3633400001,-50.5,-2.8308
2025-01-22,FUND_A,JP3633400001,-33.16,-1.7168
2025-01-23,FUND_A,JP3633400001,40.69,2.0996
2025-01-24,FUND_A,JP3633400001,-52.84,-2.652
2025-01-27,FUND_A,JP3633400001,52.66,2.7664
2025-01-28,FUND_A,JP3633400001,2.33,0.1225
2025-01-29,FUND_A,JP3633400001,-12.3,-0.6522
2025-01-30,FUND_A,JP3633400001,19.08,1.0095
2025-01-31,FUND_A,JP3633400001,38.01,1.9292
2025-02-03,FUND_A,JP3633400001,-73.63,-3.6045
2025-02-04,FUND_A,JP3633400001,-69.78,-3.3634
2025-02-05,FUND_A,JP3633400001,2.09,0.111
2025-02-06,FUND_A,JP3633400001,0.99,0.0535
2025-02-07,FUND_A,JP3633400001,48.43,2.5348
2025-02-10,FUND_A,JP3633400001,42.14,2.2268
2025-02-11,FUND_A,JP3633400001,-57.49,-2.9517
2025-02-12,FUND_A,JP3633400001,-150.37,-7.8218
2025-02-13,FUND_A,JP3633400001,-43.06,-2.0866
2025-02-14,FUND_A,JP3633400001,45.99,2.3221
2025-02-17,FUND_A,JP3633400001,72.98,3.6129
2025-02-18,FUND_A,JP3633400001,-71.99,-3.544
2025-02-19,FUND_A,JP3633400001,38.64,2.0939
2025-02-20,FUND_A,JP3633400001,-26.51,-1.3644
2025-02-21,FUND_A,JP3633400001,-25.75,-1.1959
2025-02-24,FUND_A,JP3633400001,-105.99,-4.8942
2025-02-25,FUND_A,JP3633400001,-6.53,-0.3486
2025-02-26,FUND_A,JP3633400001,44.34,2.2626
2025-02-27,FUND_A,JP3633400001,38.28,1.879
2025-02-28,FUND_A,JP3633400001,-17.92,-0.9158
2025-03-03,FUND_A,JP3633400001,-12.83,-0.661
2025-03-04,FUND_A,JP3633400001,24.77,1.2302
2025-03-05,FUND_A,JP3633400001,59.61,3.3057
2025-03-06,FUND_A,JP3633400001,-58.64,-2.6944
2025-03-07,FUND_A,JP3633400001,2.81,0.1413
2025-03-10,FUND_A,JP3633400001,64.78,3.1307
2025-03-11,FUND_A,JP3633400001,-10.4,-0.4895
2025-03-12,FUND_A,JP3633400001,3.77,0.1958
2025-03-13,FUND_A,JP3633400001,-0.95,-0.0505
2025-03-14,FUND_A,JP3633400001,-24.1,-1.2606
2025-03-17,FUND_A,JP3633400001,-72.99,-3.3114
2025-03-18,FUND_A,JP3633400001,65.64,3.5499
2025-03-19,FUND_A,JP3633400001,-20.57,-0.979
2025-03-20,FUND_A,JP3633400001,99.95,4.7529
2025-03-21,FUND_A,JP3633400001,76.46,3.9573
2025-03-24,FUND_A,JP3633400001,-54.02,-2.6559
2025-03-25,FUND_A,JP3633400001,-123.44,-5.7781
2025-03-26,FUND_A,JP3633400001,62.1,3.1456
2025-03-27,FUND_A,JP3633400001,-86.67,-4.1516
2025-03-28,FUND_A,JP3633400001,181.51,9.506
2025-03-31,FUND_A,JP3633400001,-58.64,-3.2292
2025-01-02,FUND_A,AU000000BHP4,-45.47,-1.7477
2025-01-03,FUND_A,AU000000BHP4,19.63,0.6556
2025-01-06,FUND_A,AU000000BHP4,-20.5,-0.6573
2025-01-07,FUND_A,AU000000BHP4,-23.59,-0.8134
2025-01-08,FUND_A,AU000000BHP4,100.94,3.4783
2025-01-09,FUND_A,AU000000BHP4,124.34,3.9658
2025-01-10,FUND_A,AU000000BHP4,56.73,1.8734
2025-01-13,FUND_A,AU000000BHP4,-66.72,-2.4559
2025-01-14,FUND_A,AU000000BHP4,19.94,0.6617
2025-01-15,FUND_A,AU000000BHP4,25.3,0.9838
2025-01-16,FUND_A,AU000000BHP4,-0.62,-0.0193
2025-01-17,FUND_A,AU000000BHP4,76.62,3.0092
2025-01-20,FUND_A,AU000000BHP4,9.6,0.2938
2025-01-21,FUND_A,AU000000BHP4,-79.46,-2.5477
2025-01-22,FUND_A,AU000000BHP4,-89.27,-2.9845
2025-01-23,FUND_A,AU000000BHP4,44.04,1.3948
2025-01-24,FUND_A,AU000000BHP4,116.28,4.4735
2025-01-27,FUND_A,AU000000BHP4,-43.24,-1.4664
2025-01-28,FUND_A,AU000000BHP4,-65.99,-2.071
2025-01-29,FUND_A,AU000000BHP4,106.72,3.3669
2025-01-30,FUND_A,AU000000BHP4,13.2,0.4571
2025-01-31,FUND_A,AU000000BHP4,17.75,0.6618
2025-02-03,FUND_A,AU000000BHP4,87.29,2.7034
2025-02-04,FUND_A,AU000000BHP4,9.59,0.3503
2025-02-05,FUND_A,AU000000BHP4,-0.4,-0.0155
2025-02-06,FUND_A,AU000000BHP4,-128.13,-4.7904
2025-02-07,FUND_A,AU000000BHP4,60.57,1.9669
2025-02-10,FUND_A,AU000000BHP4,-26.29,-1.0195
2025-02-11,FUND_A,AU000000BHP4,111.4,3.8525
2025-02-12,FUND_A,AU000000BHP4,38.59,1.4369
2025-02-13,FUND_A,AU000000BHP4,-83.43,-2.7517
2025-02-14,FUND_A,AU000000BHP4,93.83,3.3549
2025-02-17,FUND_A,AU000000BHP4,-0.99,-0.0302
2025-02-18,FUND_A,AU000000BHP4,91.2,2.83
2025-02-19,FUND_A,AU000000BHP4,70.45,2.5657
2025-02-20,FUND_A,AU000000BHP4,0.65,0.0243
2025-02-21,FUND_A,AU000000BHP4,-59.27,-2.0132
2025-02-24,FUND_A,AU000000BHP4,39.07,1.1726
2025-02-25,FUND_A,AU000000BHP4,27.01,0.8633
2025-02-26,FUND_A,AU000000BHP4,-44.91,-1.5306
2025-02-27,FUND_A,AU000000BHP4,-7.51,-0.2624
2025-02-28,FUND_A,AU000000BHP4,35.1,1.1277
2025-03-03,FUND_A,AU000000BHP4,-2.94,-0.1015
2025-03-04,FUND_A,AU000000BHP4,-4.66,-0.1636
2025-03-05,FUND_A,AU000000BHP4,30.47,1.1545
2025-03-06,FUND_A,AU000000BHP4,-1.02,-0.041
2025-03-07,FUND_A,AU000000BHP4,-112.65,-3.8136
2025-03-10,FUND_A,AU000000BHP4,-0.31,-0.0101
2025-03-11,FUND_A,AU000000BHP4,59.77,2.2129
2025-03-12,FUND_A,AU000000BHP4,61.88,2.0445
2025-03-13,FUND_A,AU000000BHP4,-52.23,-1.775
2025-03-14,FUND_A,AU000000BHP4,41.24,1.2818
2025-03-17,FUND_A,AU000000BHP4,199.2,7.0211
2025-03-18,FUND_A,AU000000BHP4,6.31,0.2091
2025-03-19,FUND_A,AU000000BHP4,-50.96,-1.9026
2025-03-20,FUND_A,AU000000BHP4,-66.9,-2.2129
2025-03-21,FUND_A,AU000000BHP4,22.73,0.8612
2025-03-24,FUND_A,AU000000BHP4,-44.16,-1.7712
2025-03-25,FUND_A,AU000000BHP4,-49.79,-1.8504
2025-03-26,FUND_A,AU000000BHP4,31.78,1.1989
2025-03-27,FUND_A,AU000000BHP4,43.18,1.4802
2025-03-28,FUND_A,AU000000BHP4,48.94,1.8275
2025-03-31,FUND_A,AU000000BHP4,51.3,1.8209
2025-01-02,FUND_A,XS1000000001,-30.77,-3.0694
2025-01-03,FUND_A,XS1000000001,-26.67,-2.58
2025-01-06,FUND_A,XS1000000001,34.52,3.531
2025-01-07,FUND_A,XS1000000001,16.4,1.5941
2025-01-08,FUND_A,XS1000000001,7.66,0.787
2025-01-09,FUND_A,XS1000000001,-38.38,-4.0113
2025-01-10,FUND_A,XS1000000001,-27.57,-2.8061
2025-01-13,FUND_A,XS1000000001,44.83,4.4551
2025-01-14,FUND_A,XS1000000001,-43.02,-4.3561
2025-01-15,FUND_A,XS1000000001,31.44,3.2416
2025-01-16,FUND_A,XS1000000001,12.88,1.2927
2025-01-17,FUND_A,XS1000000001,0.85,0.0826
2025-01-20,FUND_A,XS1000000001,-12.1,-1.2643
2025-01-21,FUND_A,XS1000000001,3.28,0.35
2025-01-22,FUND_A,XS1000000001,23.6,2.3689
2025-01-23,FUND_A,XS1000000001,65.68,6.819
2025-01-24,FUND_A,XS1000000001,4.22,0.4249
2025-01-27,FUND_A,XS1000000001,-24.92,-2.5595
2025-01-28,FUND_A,XS1000000001,36.58,3.7821
2025-01-29,FUND_A,XS1000000001,32.06,3.2916
2025-01-30,FUND_A,XS1000000001,-4.82,-0.4914
2025-01-31,FUND_A,XS1000000001,-17.87,-1.7195
2025-02-03,FUND_A,XS1000000001,-40.41,-3.9593
2025-02-04,FUND_A,XS1000000001,-14.54,-1.516
2025-02-05,FUND_A,XS1000000001,12.37,1.2249
2025-02-06,FUND_A,XS1000000001,7.74,0.768
2025-02-07,FUND_A,XS1000000001,56.48,5.6706
2025-02-10,FUND_A,XS1000000001,9.0,0.9106
2025-02-11,FUND_A,XS1000000001,-8.01,-0.8144
2025-02-12,FUND_A,XS1000000001,25.88,2.6291
2025-02-13,FUND_A,XS1000000001,41.83,4.2213
2025-02-14,FUND_A,XS1000000001,11.53,1.1907
2025-02-17,FUND_A,XS1000000001,-0.03,-0.0031
2025-02-18,FUND_A,XS1000000001,37.5,3.7632
2025-02-19,FUND_A,XS1000000001,-16.23,-1.6737
2025-02-20,FUND_A,XS1000000001,22.51,2.1808
2025-02-21,FUND_A,XS1000000001,25.64,2.6447
2025-02-24,FUND_A,XS1000000001,7.1,0.716
2025-02-25,FUND_A,XS1000000001,61.31,5.9394
2025-02-26,FUND_A,XS1000000001,-37.48,-3.6924
2025-02-27,FUND_A,XS1000000001,50.17,4.8599
2025-02-28,FUND_A,XS1000000001,-30.13,-3.0806
2025-03-03,FUND_A,XS1000000001,15.77,1.6131
2025-03-04,FUND_A,XS1000000001,-39.14,-3.8749
2025-03-05,FUND_A,XS1000000001,-37.76,-3.8234
2025-03-06,FUND_A,XS1000000001,-29.24,-2.9031
2025-03-07,FUND_A,XS1000000001,39.57,4.1292
2025-03-10,FUND_A,XS1000000001,-10.02,-1.0136
2025-03-11,FUND_A,XS1000000001,-45.33,-4.5372
2025-03-12,FUND_A,XS1000000001,-17.09,-1.6484
2025-03-13,FUND_A,XS1000000001,20.82,2.1069
2025-03-14,FUND_A,XS1000000001,-30.67,-3.2257
2025-03-17,FUND_A,XS1000000001,40.6,3.9444
2025-03-18,FUND_A,XS1000000001,5.27,0.5519
2025-03-19,FUND_A,XS1000000001,-8.76,-0.8736
2025-03-20,FUND_A,XS1000000001,13.06,1.2861
2025-03-21,FUND_A,XS1000000001,35.55,3.7184
2025-03-24,FUND_A,XS1000000001,10.52,1.071
2025-03-25,FUND_A,XS1000000001,36.82,3.8076
2025-03-26,FUND_A,XS1000000001,-10.69,-1.0326
2025-03-27,FUND_A,XS1000000001,9.31,0.8998
2025-03-28,FUND_A,XS1000000001,-15.97,-1.6603
2025-03-31,FUND_A,XS1000000001,-35.57,-3.4144
2025-01-02,FUND_A,XS1000000002,65.78,6.5145
2025-01-03,FUND_A,XS1000000002,-18.14,-1.9018
2025-01-06,FUND_A,XS1000000002,-44.79,-4.2968
2025-01-07,FUND_A,XS1000000002,-12.59,-1.2445
2025-01-08,FUND_A,XS1000000002,42.73,4.2069
2025-01-09,FUND_A,XS1000000002,-11.03,-1.1495
2025-01-10,FUND_A,XS1000000002,16.64,1.6116
2025-01-13,FUND_A,XS1000000002,10.23,1.054
2025-01-14,FUND_A,XS1000000002,15.58,1.6196
2025-01-15,FUND_A,XS1000000002,24.98,2.4439
2025-01-16,FUND_A,XS1000000002,16.4,1.732
2025-01-17,FUND_A,XS1000000002,25.33,2.6458
2025-01-20,FUND_A,XS1000000002,-27.83,-2.6898
2025-01-21,FUND_A,XS1000000002,-29.93,-2.9466
2025-01-22,FUND_A,XS1000000002,30.84,3.1505
2025-01-23,FUND_A,XS1000000002,20.51,2.13
2025-01-24,FUND_A,XS1000000002,-10.91,-1.1436
2025-01-27,FUND_A,XS1000000002,74.01,7.3724
2025-01-28,FUND_A,XS1000000002,-41.61,-4.0768
2025-01-29,FUND_A,XS1000000002,-6.46,-0.6355
2025-01-30,FUND_A,XS1000000002,8.69,0.9119
2025-01-31,FUND_A,XS1000000002,-28.25,-2.7915
2025-02-03,FUND_A,XS1000000002,-61.05,-6.1549
2025-02-04,FUND_A,XS1000000002,-17.54,-1.7711
2025-02-05,FUND_A,XS1000000002,19.22,2.0123
2025-02-06,FUND_A,XS1000000002,1.27,0.1319
2025-02-07,FUND_A,XS1000000002,15.4,1.586
2025-02-10,FUND_A,XS1000000002,-12.74,-1.2817
2025-02-11,FUND_A,XS1000000002,-21.27,-2.1904
2025-02-12,FUND_A,XS1000000002,28.05,2.8729
2025-02-13,FUND_A,XS1000000002,-12.51,-1.2662
2025-02-14,FUND_A,XS1000000002,30.67,3.0836
2025-02-17,FUND_A,XS1000000002,32.23,3.127
2025-02-18,FUND_A,XS1000000002,15.7,1.6014
2025-02-19,FUND_A,XS1000000002,-1.82,-0.1812
2025-02-20,FUND_A,XS1000000002,43.38,4.5782
2025-02-21,FUND_A,XS1000000002,-8.25,-0.8302
2025-02-24,FUND_A,XS1000000002,8.04,0.806
2025-02-25,FUND_A,XS1000000002,-71.91,-7.4111
2025-02-26,FUND_A,XS1000000002,-35.44,-3.6826
2025-02-27,FUND_A,XS1000000002,-11.05,-1.0976
2025-02-28,FUND_A,XS1000000002,19.32,2.0213
2025-03-03,FUND_A,XS1000000002,24.09,2.5413
2025-03-04,FUND_A,XS1000000002,-22.28,-2.2292
2025-03-05,FUND_A,XS1000000002,-7.61,-0.7609
2025-03-06,FUND_A,XS1000000002,-27.04,-2.7885
2025-03-07,FUND_A,XS1000000002,11.86,1.1911
2025-03-10,FUND_A,XS1000000002,14.46,1.5155
2025-03-11,FUND_A,XS1000000002,-23.55,-2.4715
2025-03-12,FUND_A,XS1000000002,17.18,1.7199
2025-03-13,FUND_A,XS1000000002,-13.11,-1.3449
2025-03-14,FUND_A,XS1000000002,-20.53,-2.1003
2025-03-17,FUND_A,XS1000000002,-28.73,-2.9555
2025-03-18,FUND_A,XS1000000002,-16.59,-1.6589
2025-03-19,FUND_A,XS1000000002,49.46,5.2365
2025-03-20,FUND_A,XS1000000002,15.59,1.5916
2025-03-21,FUND_A,XS1000000002,-1.1,-0.1089
2025-03-24,FUND_A,XS1000000002,4.28,0.4317
2025-03-25,FUND_A,XS1000000002,-10.59,-1.0641
2025-03-26,FUND_A,XS1000000002,-46.14,-4.4669
2025-03-27,FUND_A,XS1000000002,59.44,5.7246
2025-03-28,FUND_A,XS1000000002,67.0,6.6309
2025-03-31,FUND_A,XS1000000002,-14.92,-1.5561
2025-01-02,FUND_A,XS1000000003,-30.26,-3.6212
2025-01-03,FUND_A,XS1000000003,38.87,4.5802
2025-01-06,FUND_A,XS1000000003,10.85,1.2893
2025-01-07,FUND_A,XS1000000003,-1.57,-0.19
2025-01-08,FUND_A,XS1000000003,22.72,2.8516
2025-01-09,FUND_A,XS1000000003,-42.46,-5.0559
2025-01-10,FUND_A,XS1000000003,29.92,3.7918
2025-01-13,FUND_A,XS1000000003,-13.58,-1.6747
2025-01-14,FUND_A,XS1000000003,-31.6,-3.8352
2025-01-15,FUND_A,XS1000000003,-39.82,-4.6793
2025-01-16,FUND_A,XS1000000003,-47.74,-5.7812
2025-01-17,FUND_A,XS1000000003,1.02,0.1207
2025-01-20,FUND_A,XS1000000003,1.89,0.2253
2025-01-21,FUND_A,XS1000000003,8.87,1.082
2025-01-22,FUND_A,XS1000000003,16.24,1.8858
2025-01-23,FUND_A,XS1000000003,85.61,10.6236
2025-01-24,FUND_A,XS1000000003,-57.05,-6.8981
2025-01-27,FUND_A,XS1000000003,26.23,3.2763
2025-01-28,FUND_A,XS1000000003,65.73,7.844
2025-01-29,FUND_A,XS1000000003,-12.41,-1.5664
2025-01-30,FUND_A,XS1000000003,-23.57,-2.7521
2025-01-31,FUND_A,XS1000000003,-7.55,-0.913
2025-02-03,FUND_A,XS1000000003,-39.89,-4.8292
2025-02-04,FUND_A,XS1000000003,-32.49,-4.0266
2025-02-05,FUND_A,XS1000000003,-1.34,-0.1669
2025-02-06,FUND_A,XS1000000003,-7.61,-0.889
2025-02-07,FUND_A,XS1000000003,7.24,0.8501
2025-02-10,FUND_A,XS1000000003,2.69,0.3268
2025-02-11,FUND_A,XS1000000003,0.16,0.0191
2025-02-12,FUND_A,XS1000000003,30.0,3.6173
2025-02-13,FUND_A,XS1000000003,-35.01,-4.211
2025-02-14,FUND_A,XS1000000003,36.62,4.2743
2025-02-17,FUND_A,XS1000000003,2.2,0.2646
2025-02-18,FUND_A,XS1000000003,-24.44,-3.0484
2025-02-19,FUND_A,XS1000000003,-36.67,-4.4135
2025-02-20,FUND_A,XS1000000003,51.41,6.0386
2025-02-21,FUND_A,XS1000000003,-2.75,-0.3432
2025-02-24,FUND_A,XS1000000003,-7.13,-0.8864
2025-02-25,FUND_A,XS1000000003,-26.81,-3.3137
2025-02-26,FUND_A,XS1000000003,49.02,5.8183
2025-02-27,FUND_A,XS1000000003,-19.57,-2.3379
2025-02-28,FUND_A,XS1000000003,-4.54,-0.5676
2025-03-03,FUND_A,XS1000000003,-38.79,-4.7391
2025-03-04,FUND_A,XS1000000003,22.97,2.7947
2025-03-05,FUND_A,XS1000000003,10.1,1.2004
2025-03-06,FUND_A,XS1000000003,20.63,2.5064
2025-03-07,FUND_A,XS1000000003,16.09,1.9123
2025-03-10,FUND_A,XS1000000003,-25.07,-2.9877
2025-03-11,FUND_A,XS1000000003,-77.3,-9.2413
2025-03-12,FUND_A,XS1000000003,47.4,5.9585
2025-03-13,FUND_A,XS1000000003,24.62,2.9361
2025-03-14,FUND_A,XS1000000003,-6.65,-0.7901
2025-03-17,FUND_A,XS1000000003,18.43,2.2616
2025-03-18,FUND_A,XS1000000003,0.01,0.0012
2025-03-19,FUND_A,XS1000000003,46.15,5.6262
2025-03-20,FUND_A,XS1000000003,-7.16,-0.8764
2025-03-21,FUND_A,XS1000000003,7.42,0.9478
2025-03-24,FUND_A,XS1000000003,64.56,7.9359
2025-03-25,FUND_A,XS1000000003,33.91,4.0857
2025-03-26,FUND_A,XS1000000003,-33.04,-3.9306
2025-03-27,FUND_A,XS1000000003,36.56,4.3383
2025-03-28,FUND_A,XS1000000003,4.1,0.4873
2025-03-31,FUND_A,XS1000000003,3.98,0.472
2025-01-02,FUND_A,XS1000000005,22.71,1.9243
2025-01-03,FUND_A,XS1000000005,-23.82,-1.8572
2025-01-06,FUND_A,XS1000000005,18.86,1.5726
2025-01-07,FUND_A,XS1000000005,21.71,1.6625
2025-01-08,FUND_A,XS1000000005,-19.33,-1.5352
2025-01-09,FUND_A,XS1000000005,8.8,0.6803
2025-01-10,FUND_A,XS1000000005,15.08,1.2484
2025-01-13,FUND_A,XS1000000005,-23.57,-1.8569
2025-01-14,FUND_A,XS1000000005,5.48,0.4663
2025-01-15,FUND_A,XS1000000005,22.52,1.8293
2025-01-16,FUND_A,XS1000000005,-35.8,-3.0236
2025-01-17,FUND_A,XS1000000005,-2.17,-0.1736
2025-01-20,FUND_A,XS1000000005,-18.62,-1.5074
2025-01-21,FUND_A,XS1000000005,-41.97,-3.2435
2025-01-22,FUND_A,XS1000000005,-18.73,-1.5309
2025-01-23,FUND_A,XS1000000005,28.89,2.1954
2025-01-24,FUND_A,XS1000000005,9.04,0.6971
2025-01-27,FUND_A,XS1000000005,-8.52,-0.7388
2025-01-28,FUND_A,XS1000000005,-15.07,-1.2651
2025-01-29,FUND_A,XS1000000005,19.96,1.5997
2025-01-30,FUND_A,XS1000000005,-5.52,-0.4431
2025-01-31,FUND_A,XS1000000005,33.81,2.8325
2025-02-03,FUND_A,XS1000000005,30.85,2.378
2025-02-04,FUND_A,XS1000000005,51.46,4.0973
2025-02-05,FUND_A,XS1000000005,-4.74,-0.3848
2025-02-06,FUND_A,XS1000000005,-26.24,-2.21
2025-02-07,FUND_A,XS1000000005,-5.34,-0.4461
2025-02-10,FUND_A,XS1000000005,2.35,0.1875
2025-02-11,FUND_A,XS1000000005,10.69,0.8849
2025-02-12,FUND_A,XS1000000005,6.91,0.5821
2025-02-13,FUND_A,XS1000000005,41.66,3.5288
2025-02-14,FUND_A,XS1000000005,1.48,0.123
2025-02-17,FUND_A,XS1000000005,89.62,7.5788
2025-02-18,FUND_A,XS1000000005,12.43,1.0283
2025-02-19,FUND_A,XS1000000005,18.71,1.5106
2025-02-20,FUND_A,XS1000000005,-62.21,-5.2174
2025-02-21,FUND_A,XS1000000005,40.83,3.1263
2025-02-24,FUND_A,XS1000000005,-10.38,-0.8091
2025-02-25,FUND_A,XS1000000005,16.11,1.3463
2025-02-26,FUND_A,XS1000000005,-2.01,-0.167
2025-02-27,FUND_A,XS1000000005,-12.57,-1.0556
2025-02-28,FUND_A,XS1000000005,-20.54,-1.5875
2025-03-03,FUND_A,XS1000000005,3.82,0.3115
2025-03-04,FUND_A,XS1000000005,31.82,2.6572
2025-03-05,FUND_A,XS1000000005,-4.85,-0.3929
2025-03-06,FUND_A,XS1000000005,-74.96,-6.3104
2025-03-07,FUND_A,XS1000000005,-2.66,-0.2232
2025-03-10,FUND_A,XS1000000005,-54.0,-4.2819
2025-03-11,FUND_A,XS1000000005,-76.74,-6.4179
2025-03-12,FUND_A,XS1000000005,-54.84,-4.6172
2025-03-13,FUND_A,XS1000000005,26.37,2.1141
2025-03-14,FUND_A,XS1000000005,-22.15,-1.8082
2025-03-17,FUND_A,XS1000000005,9.66,0.7602
2025-03-18,FUND_A,XS1000000005,40.64,3.3667
2025-03-19,FUND_A,XS1000000005,-10.21,-0.8211
2025-03-20,FUND_A,XS1000000005,24.16,2.0192
2025-03-21,FUND_A,XS1000000005,30.5,2.3458
2025-03-24,FUND_A,XS1000000005,-5.86,-0.4776
2025-03-25,FUND_A,XS1000000005,-15.11,-1.1757
2025-03-26,FUND_A,XS1000000005,-32.33,-2.7186
2025-03-27,FUND_A,XS1000000005,3.37,0.2864
2025-03-28,FUND_A,XS1000000005,18.6,1.4948
2025-03-31,FUND_A,XS1000000005,41.75,3.1999
2025-01-02,FUND_A,XS1000000006,-40.25,-2.8467
2025-01-03,FUND_A,XS1000000006,3.25,0.2274
2025-01-06,FUND_A,XS1000000006,-40.39,-2.7185
2025-01-07,FUND_A,XS1000000006,-9.23,-0.6417
2025-01-08,FUND_A,XS1000000006,6.25,0.4323
2025-01-09,FUND_A,XS1000000006,-33.93,-2.453
2025-01-10,FUND_A,XS1000000006,63.14,4.5812
2025-01-13,FUND_A,XS1000000006,-14.13,-1.018
2025-01-14,FUND_A,XS1000000006,-14.64,-1.0318
2025-01-15,FUND_A,XS1000000006,4.3,0.3149
2025-01-16,FUND_A,XS1000000006,-29.32,-1.9823
2025-01-17,FUND_A,XS1000000006,1.88,0.1421
2025-01-20,FUND_A,XS1000000006,19.95,1.4577
2025-01-21,FUND_A,XS1000000006,-16.78,-1.162
2025-01-22,FUND_A,XS1000000006,18.4,1.2436
2025-01-23,FUND_A,XS1000000006,7.26,0.5092
2025-01-24,FUND_A,XS1000000006,11.0,0.779
2025-01-27,FUND_A,XS1000000006,-10.61,-0.7473
2025-01-28,FUND_A,XS1000000006,26.81,2.0168
2025-01-29,FUND_A,XS1000000006,-17.09,-1.2073
2025-01-30,FUND_A,XS1000000006,-48.63,-3.4312
2025-01-31,FUND_A,XS1000000006,-12.81,-0.8967
2025-02-03,FUND_A,XS1000000006,9.89,0.704
2025-02-04,FUND_A,XS1000000006,-10.87,-0.7779
2025-02-05,FUND_A,XS1000000006,-16.47,-1.0875
2025-02-06,FUND_A,XS1000000006,-10.27,-0.6869
2025-02-07,FUND_A,XS1000000006,49.46,3.6523
2025-02-10,FUND_A,XS1000000006,-14.48,-1.0198
2025-02-11,FUND_A,XS1000000006,-0.67,-0.0463
2025-02-12,FUND_A,XS1000000006,27.64,1.9162
2025-02-13,FUND_A,XS1000000006,74.72,5.3919
2025-02-14,FUND_A,XS1000000006,-11.43,-0.8402
2025-02-17,FUND_A,XS1000000006,0.9,0.0601
2025-02-18,FUND_A,XS1000000006,-8.41,-0.6009
2025-02-19,FUND_A,XS1000000006,7.72,0.5634
2025-02-20,FUND_A,XS1000000006,40.06,2.7575
2025-02-21,FUND_A,XS1000000006,9.74,0.7002
2025-02-24,FUND_A,XS1000000006,34.86,2.5237
2025-02-25,FUND_A,XS1000000006,33.34,2.4795
2025-02-26,FUND_A,XS1000000006,1.35,0.1022
2025-02-27,FUND_A,XS1000000006,-55.73,-3.9396
2025-02-28,FUND_A,XS1000000006,8.37,0.596
2025-03-03,FUND_A,XS1000000006,-36.79,-2.7967
2025-03-04,FUND_A,XS1000000006,52.86,3.8636
2025-03-05,FUND_A,XS1000000006,0.22,0.0146
2025-03-06,FUND_A,XS1000000006,5.62,0.4166
2025-03-07,FUND_A,XS1000000006,-17.34,-1.2148
2025-03-10,FUND_A,XS1000000006,5.41,0.4057
2025-03-11,FUND_A,XS1000000006,53.53,3.6359
2025-03-12,FUND_A,XS1000000006,-15.53,-1.0424
2025-03-13,FUND_A,XS1000000006,19.13,1.2853
2025-03-14,FUND_A,XS1000000006,-8.14,-0.552
2025-03-17,FUND_A,XS1000000006,46.96,3.3241
2025-03-18,FUND_A,XS1000000006,-47.05,-3.4611
2025-03-19,FUND_A,XS1000000006,-11.13,-0.771
2025-03-20,FUND_A,XS1000000006,53.97,3.8651
2025-03-21,FUND_A,XS1000000006,-13.08,-0.8835
2025-03-24,FUND_A,XS1000000006,14.14,1.0598
2025-03-25,FUND_A,XS1000000006,-12.06,-0.8392
2025-03-26,FUND_A,XS1000000006,-24.23,-1.8137
2025-03-27,FUND_A,XS1000000006,-13.75,-1.0103
2025-03-28,FUND_A,XS1000000006,40.9,2.6531
2025-03-31,FUND_A,XS1000000006,-3.06,-0.2216
2025-01-02,FUND_A,XS1000000008,-4.13,-0.3925
2025-01-03,FUND_A,XS1000000008,36.57,3.3583
2025-01-06,FUND_A,XS1000000008,6.66,0.6228
2025-01-07,FUND_A,XS1000000008,12.11,1.1519
2025-01-08,FUND_A,XS1000000008,7.7,0.7236
2025-01-09,FUND_A,XS1000000008,67.76,5.8505
2025-01-10,FUND_A,XS1000000008,-29.57,-2.5552
2025-01-13,FUND_A,XS1000000008,-16.2,-1.4187
2025-01-14,FUND_A,XS1000000008,-66.09,-5.8534
2025-01-15,FUND_A,XS1000000008,-25.22,-2.1994
2025-01-16,FUND_A,XS1000000008,-63.71,-6.0468
2025-01-17,FUND_A,XS1000000008,28.96,2.5724
2025-01-20,FUND_A,XS1000000008,0.64,0.0588
2025-01-21,FUND_A,XS1000000008,-18.11,-1.6348
2025-01-22,FUND_A,XS1000000008,20.44,1.8107
2025-01-23,FUND_A,XS1000000008,-3.23,-0.2832
2025-01-24,FUND_A,XS1000000008,26.14,2.4216
2025-01-27,FUND_A,XS1000000008,-2.9,-0.2546
2025-01-28,FUND_A,XS1000000008,-73.22,-6.4877
2025-01-29,FUND_A,XS1000000008,26.33,2.4815
2025-01-30,FUND_A,XS1000000008,-14.03,-1.2037
2025-01-31,FUND_A,XS1000000008,-17.33,-1.5388
2025-02-03,FUND_A,XS1000000008,-13.11,-1.2129
2025-02-04,FUND_A,XS1000000008,-23.82,-2.0905
2025-02-05,FUND_A,XS1000000008,61.62,5.3905
2025-02-06,FUND_A,XS1000000008,-12.49,-1.1853
2025-02-07,FUND_A,XS1000000008,-3.08,-0.2681
2025-02-10,FUND_A,XS1000000008,-52.58,-4.8357
2025-02-11,FUND_A,XS1000000008,6.04,0.5462
2025-02-12,FUND_A,XS1000000008,-6.14,-0.5444
2025-02-13,FUND_A,XS1000000008,-13.23,-1.2896
2025-02-14,FUND_A,XS1000000008,-20.2,-1.7723
2025-02-17,FUND_A,XS1000000008,16.98,1.6073
2025-02-18,FUND_A,XS1000000008,4.1,0.3869
2025-02-19,FUND_A,XS1000000008,22.15,2.0253
2025-02-20,FUND_A,XS1000000008,19.95,1.7337
2025-02-21,FUND_A,XS1000000008,-32.44,-3.0591
2025-02-24,FUND_A,XS1000000008,9.86,0.9261
2025-02-25,FUND_A,XS1000000008,-28.5,-2.7076
2025-02-26,FUND_A,XS1000000008,1.98,0.1786
2025-02-27,FUND_A,XS1000000008,-3.03,-0.2884
2025-02-28,FUND_A,XS1000000008,-10.58,-0.9379
2025-03-03,FUND_A,XS1000000008,16.4,1.4916
2025-03-04,FUND_A,XS1000000008,-5.69,-0.5188
2025-03-05,FUND_A,XS1000000008,48.57,4.3691
2025-03-06,FUND_A,XS1000000008,26.62,2.3576
2025-03-07,FUND_A,XS1000000008,55.47,4.9958
2025-03-10,FUND_A,XS1000000008,-53.82,-5.0901
2025-03-11,FUND_A,XS1000000008,-29.25,-2.6541
2025-03-12,FUND_A,XS1000000008,10.6,0.9952
2025-03-13,FUND_A,XS1000000008,1.54,0.1363
2025-03-14,FUND_A,XS1000000008,86.58,8.0607
2025-03-17,FUND_A,XS1000000008,18.18,1.6776
2025-03-18,FUND_A,XS1000000008,-10.33,-0.9463
2025-03-19,FUND_A,XS1000000008,2.02,0.1896
2025-03-20,FUND_A,XS1000000008,-6.56,-0.6069
2025-03-21,FUND_A,XS1000000008,27.26,2.4151
2025-03-24,FUND_A,XS1000000008,-1.46,-0.137
2025-03-25,FUND_A,XS1000000008,26.06,2.2871
2025-03-26,FUND_A,XS1000000008,1.55,0.1384
2025-03-27,FUND_A,XS1000000008,22.62,2.1522
2025-03-28,FUND_A,XS1000000008,-13.36,-1.144
2025-03-31,FUND_A,XS1000000008,6.12,0.5758
2025-01-02,FUND_B,DE0005140008,-88.77,-12.939
2025-01-03,FUND_B,DE0005140008,-63.02,-9.6408
2025-01-06,FUND_B,DE0005140008,38.32,5.932
2025-01-07,FUND_B,DE0005140008,76.35,11.0698
2025-01-08,FUND_B,DE0005140008,-20.55,-3.0859
2025-01-09,FUND_B,DE0005140008,-48.17,-7.3116
2025-01-10,FUND_B,DE0005140008,-24.62,-3.6365
2025-01-13,FUND_B,DE0005140008,21.85,3.2639
2025-01-14,FUND_B,DE0005140008,-123.8,-18.6552
2025-01-15,FUND_B,DE0005140008,-110.59,-16.7564
2025-01-16,FUND_B,DE0005140008,6.95,1.0332
2025-01-17,FUND_B,DE0005140008,-41.13,-6.1717
2025-01-20,FUND_B,DE0005140008,-64.44,-9.5729
2025-01-21,FUND_B,DE0005140008,31.26,4.5577
2025-01-22,FUND_B,DE0005140008,-29.65,-4.4325
2025-01-23,FUND_B,DE0005140008,151.35,22.5331
2025-01-24,FUND_B,DE0005140008,47.03,7.0383
2025-01-27,FUND_B,DE0005140008,-45.21,-6.5811
2025-01-28,FUND_B,DE0005140008,14.62,2.2122
2025-01-29,FUND_B,DE0005140008,99.22,15.1071
2025-01-30,FUND_B,DE0005140008,-94.4,-13.7959
2025-01-31,FUND_B,DE0005140008,-11.07,-1.6403
2025-02-03,FUND_B,DE0005140008,112.94,17.0747
2025-02-04,FUND_B,DE0005140008,-113.5,-17.5575
2025-02-05,FUND_B,DE0005140008,8.85,1.3795
2025-02-06,FUND_B,DE0005140008,-39.69,-6.1222
2025-02-07,FUND_B,DE0005140008,-90.05,-13.3584
2025-02-10,FUND_B,DE0005140008,-31.59,-4.6904
2025-02-11,FUND_B,DE0005140008,82.22,12.5728
2025-02-12,FUND_B,DE0005140008,160.72,23.8957
2025-02-13,FUND_B,DE0005140008,-16.1,-2.4364
2025-02-14,FUND_B,DE0005140008,115.43,17.4098
2025-02-17,FUND_B,DE0005140008,25.5,3.7167
2025-02-18,FUND_B,DE0005140008,2.37,0.3652
2025-02-19,FUND_B,DE0005140008,25.57,3.8056
2025-02-20,FUND_B,DE0005140008,2.53,0.3734
2025-02-21,FUND_B,DE0005140008,21.72,3.1795
2025-02-24,FUND_B,DE0005140008,10.98,1.6688
2025-02-25,FUND_B,DE0005140008,-22.58,-3.44
2025-02-26,FUND_B,DE0005140008,-133.13,-19.5938
2025-02-27,FUND_B,DE0005140008,32.38,4.9674
2025-02-28,FUND_B,DE0005140008,-105.97,-16.0164
2025-03-03,FUND_B,DE0005140008,6.78,1.0527
2025-03-04,FUND_B,DE0005140008,-36.49,-5.5633
2025-03-05,FUND_B,DE0005140008,-13.98,-2.1303
2025-03-06,FUND_B,DE0005140008,12.26,1.8362
2025-03-07,FUND_B,DE0005140008,16.94,2.5623
2025-03-10,FUND_B,DE0005140008,35.82,5.2696
2025-03-11,FUND_B,DE0005140008,-132.36,-19.883
2025-03-12,FUND_B,DE0005140008,31.23,4.5708
2025-03-13,FUND_B,DE0005140008,-55.96,-8.1681
2025-03-14,FUND_B,DE0005140008,72.64,10.6234
2025-03-17,FUND_B,DE0005140008,-27.72,-4.2505
2025-03-18,FUND_B,DE0005140008,-43.3,-6.5767
2025-03-19,FUND_B,DE0005140008,40.4,6.0102
2025-03-20,FUND_B,DE0005140008,11.11,1.6448
2025-03-21,FUND_B,DE0005140008,22.09,3.3032
2025-03-24,FUND_B,DE0005140008,68.74,10.1154
2025-03-25,FUND_B,DE0005140008,-35.21,-5.3288
2025-03-26,FUND_B,DE0005140008,79.73,12.1374
2025-03-27,FUND_B,DE0005140008,-22.13,-3.4065
2025-03-28,FUND_B,DE0005140008,-18.84,-2.8239
2025-03-31,FUND_B,DE0005140008,39.68,5.9183
2025-01-02,FUND_B,FR0000131104,-47.98,-8.8433
2025-01-03,FUND_B,FR0000131104,3.78,0.6807
2025-01-06,FUND_B,FR0000131104,15.25,2.7191
2025-01-07,FUND_B,FR0000131104,-30.0,-5.4852
2025-01-08,FUND_B,FR0000131104,3.7,0.648
2025-01-09,FUND_B,FR0000131104,0.76,0.1376
2025-01-10,FUND_B,FR0000131104,-40.27,-7.3035
2025-01-13,FUND_B,FR0000131104,30.03,5.3504
2025-01-14,FUND_B,FR0000131104,55.65,10.1959
2025-01-15,FUND_B,FR0000131104,116.34,20.715
2025-01-16,FUND_B,FR0000131104,61.52,11.0726
2025-01-17,FUND_B,FR0000131104,15.14,2.7176
2025-01-20,FUND_B,FR0000131104,-19.33,-3.4482
2025-01-21,FUND_B,FR0000131104,5.61,1.0221
2025-01-22,FUND_B,FR0000131104,113.41,20.5708
2025-01-23,FUND_B,FR0000131104,8.33,1.5142
2025-01-24,FUND_B,FR0000131104,-73.86,-13.1865
2025-01-27,FUND_B,FR0000131104,-28.65,-5.0613
2025-01-28,FUND_B,FR0000131104,-57.99,-10.2372
2025-01-29,FUND_B,FR0000131104,-64.84,-11.9155
2025-01-30,FUND_B,FR0000131104,-52.46,-9.5693
2025-01-31,FUND_B,FR0000131104,-5.96,-1.0705
2025-02-03,FUND_B,FR0000131104,-160.2,-28.4202
2025-02-04,FUND_B,FR0000131104,-31.43,-5.6317
2025-02-05,FUND_B,FR0000131104,-3.77,-0.6927
2025-02-06,FUND_B,FR0000131104,20.86,3.7763
2025-02-07,FUND_B,FR0000131104,-160.86,-28.5387
2025-02-10,FUND_B,FR0000131104,-136.01,-24.7597
2025-02-11,FUND_B,FR0000131104,-32.45,-5.7584
2025-02-12,FUND_B,FR0000131104,1.24,0.2278
2025-02-13,FUND_B,FR0000131104,-100.0,-18.0604
2025-02-14,FUND_B,FR0000131104,21.87,4.0147
2025-02-17,FUND_B,FR0000131104,-79.14,-14.5699
2025-02-18,FUND_B,FR0000131104,25.08,4.6229
2025-02-19,FUND_B,FR0000131104,20.41,3.6101
2025-02-20,FUND_B,FR0000131104,58.24,10.6904
2025-02-21,FUND_B,FR0000131104,-63.34,-11.4894
2025-02-24,FUND_B,FR0000131104,20.85,3.8063
2025-02-25,FUND_B,FR0000131104,38.71,7.0588
2025-02-26,FUND_B,FR0000131104,21.91,3.9971
2025-02-27,FUND_B,FR0000131104,-22.0,-3.9304
2025-02-28,FUND_B,FR0000131104,-87.12,-15.9202
2025-03-03,FUND_B,FR0000131104,-51.95,-9.1646
2025-03-04,FUND_B,FR0000131104,-2.79,-0.5079
2025-03-05,FUND_B,FR0000131104,10.55,1.8889
2025-03-06,FUND_B,FR0000131104,-67.17,-12.3782
2025-03-07,FUND_B,FR0000131104,59.11,10.367
2025-03-10,FUND_B,FR0000131104,58.46,10.7586
2025-03-11,FUND_B,FR0000131104,-56.13,-10.0488
2025-03-12,FUND_B,FR0000131104,35.81,6.5896
2025-03-13,FUND_B,FR0000131104,17.44,3.0551
2025-03-14,FUND_B,FR0000131104,-45.65,-8.32
2025-03-17,FUND_B,FR0000131104,-2.62,-0.4746
2025-03-18,FUND_B,FR0000131104,23.37,4.1733
2025-03-19,FUND_B,FR0000131104,25.74,4.7099
2025-03-20,FUND_B,FR0000131104,10.63,1.9525
2025-03-21,FUND_B,FR0000131104,-54.57,-9.7969
2025-03-24,FUND_B,FR0000131104,89.66,15.7393
2025-03-25,FUND_B,FR0000131104,-120.69,-21.7369
2025-03-26,FUND_B,FR0000131104,-49.69,-8.9206
2025-03-27,FUND_B,FR0000131104,74.75,13.2279
2025-03-28,FUND_B,FR0000131104,12.12,2.2102
2025-03-31,FUND_B,FR0000131104,46.91,8.5213
2025-01-02,FUND_B,CH0012221716,12.48,2.1187
2025-01-03,FUND_B,CH0012221716,70.27,12.1159
2025-01-06,FUND_B,CH0012221716,87.32,14.6867
2025-01-07,FUND_B,CH0012221716,64.81,11.0494
2025-01-08,FUND_B,CH0012221716,-9.92,-1.6819
2025-01-09,FUND_B,CH0012221716,-29.4,-4.9245
2025-01-10,FUND_B,CH0012221716,-8.16,-1.3553
2025-01-13,FUND_B,CH0012221716,45.54,7.793
2025-01-14,FUND_B,CH0012221716,120.83,20.0963
2025-01-15,FUND_B,CH0012221716,-44.31,-7.5737
2025-01-16,FUND_B,CH0012221716,18.24,3.0479
2025-01-17,FUND_B,CH0012221716,81.73,13.8003
2025-01-20,FUND_B,CH0012221716,0.67,0.1141
2025-01-21,FUND_B,CH0012221716,-72.88,-12.0963
2025-01-22,FUND_B,CH0012221716,-22.2,-3.82
2025-01-23,FUND_B,CH0012221716,114.78,18.9945
2025-01-24,FUND_B,CH0012221716,140.38,23.6942
2025-01-27,FUND_B,CH0012221716,12.61,2.1956
2025-01-28,FUND_B,CH0012221716,1.75,0.302
2025-01-29,FUND_B,CH0012221716,-83.65,-14.1111
2025-01-30,FUND_B,CH0012221716,-3.62,-0.6073
2025-01-31,FUND_B,CH0012221716,25.83,4.394
2025-02-03,FUND_B,CH0012221716,-55.21,-9.3391
2025-02-04,FUND_B,CH0012221716,46.19,7.7081
2025-02-05,FUND_B,CH0012221716,-34.07,-5.7027
2025-02-06,FUND_B,CH0012221716,-16.82,-2.7881
2025-02-07,FUND_B,CH0012221716,-24.25,-4.1803
2025-02-10,FUND_B,CH0012221716,25.17,4.2041
2025-02-11,FUND_B,CH0012221716,71.02,12.0025
2025-02-12,FUND_B,CH0012221716,10.91,1.8666
2025-02-13,FUND_B,CH0012221716,-81.36,-13.8476
2025-02-14,FUND_B,CH0012221716,9.32,1.5835
2025-02-17,FUND_B,CH0012221716,-81.18,-14.156
2025-02-18,FUND_B,CH0012221716,35.81,6.0747
2025-02-19,FUND_B,CH0012221716,56.69,9.6643
2025-02-20,FUND_B,CH0012221716,-21.26,-3.6141
2025-02-21,FUND_B,CH0012221716,-62.73,-10.8463
2025-02-24,FUND_B,CH0012221716,-36.68,-6.1857
2025-02-25,FUND_B,CH0012221716,-4.59,-0.7748
2025-02-26,FUND_B,CH0012221716,0.4,0.0675
2025-02-27,FUND_B,CH0012221716,68.16,11.434
2025-02-28,FUND_B,CH0012221716,39.64,6.6429
2025-03-03,FUND_B,CH0012221716,-49.01,-8.5079
2025-03-04,FUND_B,CH0012221716,-30.16,-5.1937
2025-03-05,FUND_B,CH0012221716,-15.67,-2.6953
2025-03-06,FUND_B,CH0012221716,23.14,3.916
2025-03-07,FUND_B,CH0012221716,-37.93,-6.6126
2025-03-10,FUND_B,CH0012221716,-77.34,-13.4407
2025-03-11,FUND_B,CH0012221716,26.04,4.4267
2025-03-12,FUND_B,CH0012221716,24.26,4.1448
2025-03-13,FUND_B,CH0012221716,1.84,0.3137
2025-03-14,FUND_B,CH0012221716,49.05,8.4749
2025-03-17,FUND_B,CH0012221716,-98.97,-16.9159
2025-03-18,FUND_B,CH0012221716,-41.19,-6.8516
2025-03-19,FUND_B,CH0012221716,-96.9,-16.2621
2025-03-20,FUND_B,CH0012221716,-42.82,-7.4719
2025-03-21,FUND_B,CH0012221716,-21.36,-3.6413
2025-03-24,FUND_B,CH0012221716,54.94,9.5552
2025-03-25,FUND_B,CH0012221716,-55.81,-9.4101
2025-03-26,FUND_B,CH0012221716,-100.14,-17.2899
2025-03-27,FUND_B,CH0012221716,82.24,14.3418
2025-03-28,FUND_B,CH0012221716,-49.12,-8.382
2025-03-31,FUND_B,CH0012221716,35.7,5.9352
2025-01-02,FUND_B,GB0009252882,71.7,11.3669
2025-01-03,FUND_B,GB0009252882,33.12,5.2477
2025-01-06,FUND_B,GB0009252882,19.19,3.0435
2025-01-07,FUND_B,GB0009252882,-77.37,-12.4133
2025-01-08,FUND_B,GB0009252882,32.36,5.2081
2025-01-09,FUND_B,GB0009252882,16.03,2.605
2025-01-10,FUND_B,GB0009252882,61.3,10.0244
2025-01-13,FUND_B,GB0009252882,-8.5,-1.3266
2025-01-14,FUND_B,GB0009252882,27.15,4.2965
2025-01-15,FUND_B,GB0009252882,86.84,13.7014
2025-01-16,FUND_B,GB0009252882,-71.72,-11.6189
2025-01-17,FUND_B,GB0009252882,7.28,1.1882
2025-01-20,FUND_B,GB0009252882,-32.69,-5.2215
2025-01-21,FUND_B,GB0009252882,64.31,10.2406
2025-01-22,FUND_B,GB0009252882,-121.95,-19.1813
2025-01-23,FUND_B,GB0009252882,41.01,6.6857
2025-01-24,FUND_B,GB0009252882,19.0,3.0547
2025-01-27,FUND_B,GB0009252882,-10.52,-1.7363
2025-01-28,FUND_B,GB0009252882,38.59,6.1112
2025-01-29,FUND_B,GB0009252882,-90.46,-14.2705
2025-01-30,FUND_B,GB0009252882,-35.88,-5.7669
2025-01-31,FUND_B,GB0009252882,-109.47,-17.6075
2025-02-03,FUND_B,GB0009252882,-66.3,-10.8297
2025-02-04,FUND_B,GB0009252882,-77.31,-12.0038
2025-02-05,FUND_B,GB0009252882,-59.26,-9.3728
2025-02-06,FUND_B,GB0009252882,-93.83,-14.9612
2025-02-07,FUND_B,GB0009252882,31.41,5.1718
2025-02-10,FUND_B,GB0009252882,42.15,6.9162
2025-02-11,FUND_B,GB0009252882,52.11,8.5467
2025-02-12,FUND_B,GB0009252882,-0.96,-0.1497
2025-02-13,FUND_B,GB0009252882,58.04,9.3655
2025-02-14,FUND_B,GB0009252882,-17.28,-2.7494
2025-02-17,FUND_B,GB0009252882,16.31,2.5975
2025-02-18,FUND_B,GB0009252882,-41.44,-6.4219
2025-02-19,FUND_B,GB0009252882,-3.87,-0.6221
2025-02-20,FUND_B,GB0009252882,-73.58,-11.7593
2025-02-21,FUND_B,GB0009252882,-9.22,-1.4932
2025-02-24,FUND_B,GB0009252882,-114.83,-18.7244
2025-02-25,FUND_B,GB0009252882,43.6,7.075
2025-02-26,FUND_B,GB0009252882,-88.14,-13.9108
2025-02-27,FUND_B,GB0009252882,-17.66,-2.8456
2025-02-28,FUND_B,GB0009252882,59.61,9.5937
2025-03-03,FUND_B,GB0009252882,-25.34,-3.9649
2025-03-04,FUND_B,GB0009252882,40.32,6.2596
2025-03-05,FUND_B,GB0009252882,-46.67,-7.2338
2025-03-06,FUND_B,GB0009252882,42.55,6.8651
2025-03-07,FUND_B,GB0009252882,4.96,0.7945
2025-03-10,FUND_B,GB0009252882,1.0,0.1573
2025-03-11,FUND_B,GB0009252882,86.71,13.7242
2025-03-12,FUND_B,GB0009252882,41.14,6.6648
2025-03-13,FUND_B,GB0009252882,76.42,12.5039
2025-03-14,FUND_B,GB0009252882,-33.59,-5.4967
2025-03-17,FUND_B,GB0009252882,80.21,12.9538
2025-03-18,FUND_B,GB0009252882,73.34,12.0263
2025-03-19,FUND_B,GB0009252882,-48.52,-7.6534
2025-03-20,FUND_B,GB0009252882,-26.09,-4.197
2025-03-21,FUND_B,GB0009252882,-75.16,-11.7747
2025-03-24,FUND_B,GB0009252882,-61.56,-10.0399
2025-03-25,FUND_B,GB0009252882,-30.14,-4.822
2025-03-26,FUND_B,GB0009252882,1.79,0.2815
2025-03-27,FUND_B,GB0009252882,-61.89,-9.7546
2025-03-28,FUND_B,GB0009252882,-89.61,-14.2824
2025-03-31,FUND_B,GB0009252882,61.85,10.1954
2025-01-02,FUND_B,JP3633400001,-0.19,-0.033
2025-01-03,FUND_B,JP3633400001,-8.56,-1.4157
2025-01-06,FUND_B,JP3633400001,-21.06,-3.6304
2025-01-07,FUND_B,JP3633400001,48.42,8.2253
2025-01-08,FUND_B,JP3633400001,-3.75,-0.6362
2025-01-09,FUND_B,JP3633400001,30.39,5.2177
2025-01-10,FUND_B,JP3633400001,-65.6,-11.1745
2025-01-13,FUND_B,JP3633400001,11.42,1.9872
2025-01-14,FUND_B,JP3633400001,-42.44,-7.3019
2025-01-15,FUND_B,JP3633400001,-42.03,-7.1515
2025-01-16,FUND_B,JP3633400001,22.4,3.7793
2025-01-17,FUND_B,JP3633400001,-96.01,-16.3065
2025-01-20,FUND_B,JP3633400001,13.03,2.1815
2025-01-21,FUND_B,JP3633400001,-5.83,-1.0152
2025-01-22,FUND_B,JP3633400001,70.32,11.944
2025-01-23,FUND_B,JP3633400001,-140.69,-23.8678
2025-01-24,FUND_B,JP3633400001,-72.76,-12.6967
2025-01-27,FUND_B,JP3633400001,-5.85,-0.9794
2025-01-28,FUND_B,JP3633400001,43.75,7.5043
2025-01-29,FUND_B,JP3633400001,-28.91,-4.9493
2025-01-30,FUND_B,JP3633400001,28.57,4.8597
2025-01-31,FUND_B,JP3633400001,-60.52,-10.334
2025-02-03,FUND_B,JP3633400001,59.17,9.9606
2025-02-04,FUND_B,JP3633400001,-78.41,-13.5115
2025-02-05,FUND_B,JP3633400001,-34.51,-5.7844
2025-02-06,FUND_B,JP3633400001,6.0,1.039
2025-02-07,FUND_B,JP3633400001,-20.04,-3.385
2025-02-10,FUND_B,JP3633400001,82.65,13.7195
2025-02-11,FUND_B,JP3633400001,-18.63,-3.1604
2025-02-12,FUND_B,JP3633400001,34.62,5.8887
2025-02-13,FUND_B,JP3633400001,-8.27,-1.3899
2025-02-14,FUND_B,JP3633400001,68.05,11.4376
2025-02-17,FUND_B,JP3633400001,-85.14,-14.5224
2025-02-18,FUND_B,JP3633400001,-46.77,-7.9121
2025-02-19,FUND_B,JP3633400001,79.16,13.6444
2025-02-20,FUND_B,JP3633400001,17.13,2.8902
2025-02-21,FUND_B,JP3633400001,62.93,10.7401
2025-02-24,FUND_B,JP3633400001,38.44,6.3942
2025-02-25,FUND_B,JP3633400001,19.81,3.3273
2025-02-26,FUND_B,JP3633400001,93.06,15.7858
2025-02-27,FUND_B,JP3633400001,-29.61,-5.0242
2025-02-28,FUND_B,JP3633400001,4.66,0.7748
2025-03-03,FUND_B,JP3633400001,-65.79,-11.2188
2025-03-04,FUND_B,JP3633400001,-0.03,-0.0051
2025-03-05,FUND_B,JP3633400001,-30.34,-5.1348
2025-03-06,FUND_B,JP3633400001,-124.99,-20.9521
2025-03-07,FUND_B,JP3633400001,158.69,26.5801
2025-03-10,FUND_B,JP3633400001,-1.18,-0.1962
2025-03-11,FUND_B,JP3633400001,68.65,12.0271
2025-03-12,FUND_B,JP3633400001,26.42,4.4862
2025-03-13,FUND_B,JP3633400001,-85.97,-14.9791
2025-03-14,FUND_B,JP3633400001,68.93,11.5113
2025-03-17,FUND_B,JP3633400001,-3.37,-0.5654
2025-03-18,FUND_B,JP3633400001,133.86,22.7357
2025-03-19,FUND_B,JP3633400001,21.81,3.6949
2025-03-20,FUND_B,JP3633400001,25.18,4.1804
2025-03-21,FUND_B,JP3633400001,-2.58,-0.4469
2025-03-24,FUND_B,JP3633400001,55.36,9.2855
2025-03-25,FUND_B,JP3633400001,21.08,3.5774
2025-03-26,FUND_B,JP3633400001,-55.0,-9.431
2025-03-27,FUND_B,JP3633400001,-107.83,-18.3843
2025-03-28,FUND_B,JP3633400001,-47.8,-8.1774
2025-03-31,FUND_B,JP3633400001,58.08,9.7362
2025-01-02,FUND_B,AU000000BHP4,40.15,6.7327
2025-01-03,FUND_B,AU000000BHP4,-62.41,-10.6528
2025-01-06,FUND_B,AU000000BHP4,-72.84,-12.2169
2025-01-07,FUND_B,AU000000BHP4,54.54,9.3464
2025-01-08,FUND_B,AU000000BHP4,18.75,3.2731
2025-01-09,FUND_B,AU000000BHP4,-19.13,-3.1646
2025-01-10,FUND_B,AU000000BHP4,-24.9,-4.2571
2025-01-13,FUND_B,AU000000BHP4,106.42,18.2236
2025-01-14,FUND_B,AU000000BHP4,7.37,1.249
2025-01-15,FUND_B,AU000000BHP4,48.35,8.2955
2025-01-16,FUND_B,AU000000BHP4,53.29,9.2479
2025-01-17,FUND_B,AU000000BHP4,-34.99,-5.897
2025-01-20,FUND_B,AU000000BHP4,53.73,9.4352
2025-01-21,FUND_B,AU000000BHP4,58.41,10.0857
2025-01-22,FUND_B,AU000000BHP4,-86.73,-14.7362
2025-01-23,FUND_B,AU000000BHP4,-22.39,-3.8327
2025-01-24,FUND_B,AU000000BHP4,-113.59,-19.055
2025-01-27,FUND_B,AU000000BHP4,70.21,12.0195
2025-01-28,FUND_B,AU000000BHP4,-74.71,-12.6762
2025-01-29,FUND_B,AU000000BHP4,71.86,11.9526
2025-01-30,FUND_B,AU000000BHP4,32.3,5.5833
2025-01-31,FUND_B,AU000000BHP4,66.38,11.3184
2025-02-03,FUND_B,AU000000BHP4,110.82,18.9029
2025-02-04,FUND_B,AU000000BHP4,8.47,1.454
2025-02-05,FUND_B,AU000000BHP4,-108.93,-18.2151
2025-02-06,FUND_B,AU000000BHP4,-58.27,-9.6923
2025-02-07,FUND_B,AU000000BHP4,-17.15,-2.8862
2025-02-10,FUND_B,AU000000BHP4,-65.59,-11.3059
2025-02-11,FUND_B,AU000000BHP4,124.84,20.8449
2025-02-12,FUND_B,AU000000BHP4,25.81,4.3988
2025-02-13,FUND_B,AU000000BHP4,-22.11,-3.7242
2025-02-14,FUND_B,AU000000BHP4,77.41,13.0448
2025-02-17,FUND_B,AU000000BHP4,41.24,6.8433
2025-02-18,FUND_B,AU000000BHP4,-16.78,-2.8156
2025-02-19,FUND_B,AU000000BHP4,72.01,12.2914
2025-02-20,FUND_B,AU000000BHP4,-48.36,-8.2368
2025-02-21,FUND_B,AU000000BHP4,-42.4,-7.0679
2025-02-24,FUND_B,AU000000BHP4,56.03,9.38
2025-02-25,FUND_B,AU000000BHP4,43.81,7.284
2025-02-26,FUND_B,AU000000BHP4,54.91,9.5621
2025-02-27,FUND_B,AU000000BHP4,-38.12,-6.4565
2025-02-28,FUND_B,AU000000BHP4,18.23,3.1234
2025-03-03,FUND_B,AU000000BHP4,26.83,4.5002
2025-03-04,FUND_B,AU000000BHP4,89.25,14.8554
2025-03-05,FUND_B,AU000000BHP4,-19.9,-3.4295
2025-03-06,FUND_B,AU000000BHP4,-32.83,-5.5069
2025-03-07,FUND_B,AU000000BHP4,63.63,10.9029
2025-03-10,FUND_B,AU000000BHP4,47.38,8.1246
2025-03-11,FUND_B,AU000000BHP4,-42.44,-7.0997
2025-03-12,FUND_B,AU000000BHP4,26.05,4.3495
2025-03-13,FUND_B,AU000000BHP4,110.48,18.8406
2025-03-14,FUND_B,AU000000BHP4,-59.05,-9.9247
2025-03-17,FUND_B,AU000000BHP4,-37.02,-6.1207
2025-03-18,FUND_B,AU000000BHP4,33.19,5.6214
2025-03-19,FUND_B,AU000000BHP4,79.38,13.755
2025-03-20,FUND_B,AU000000BHP4,-45.87,-7.655
2025-03-21,FUND_B,AU000000BHP4,-12.48,-2.129
2025-03-24,FUND_B,AU000000BHP4,69.13,11.9291
2025-03-25,FUND_B,AU000000BHP4,-0.26,-0.0443
2025-03-26,FUND_B,AU000000BHP4,-55.92,-9.3316
2025-03-27,FUND_B,AU000000BHP4,-59.09,-9.8452
2025-03-28,FUND_B,AU000000BHP4,9.02,1.5031
2025-03-31,FUND_B,AU000000BHP4,14.52,2.4752
2025-01-02,FUND_C,XS1000000001,19.62,3.5993
2025-01-03,FUND_C,XS1000000001,-19.36,-3.4915
2025-01-06,FUND_C,XS1000000001,-19.86,-3.6458
2025-01-07,FUND_C,XS1000000001,6.78,1.2099
2025-01-08,FUND_C,XS1000000001,-41.93,-7.5169
2025-01-09,FUND_C,XS1000000001,-26.53,-4.7277
2025-01-10,FUND_C,XS1000000001,-24.26,-4.3118
2025-01-13,FUND_C,XS1000000001,21.76,3.8367
2025-01-14,FUND_C,XS1000000001,13.18,2.3804
2025-01-15,FUND_C,XS1000000001,38.65,6.8536
2025-01-16,FUND_C,XS1000000001,-19.03,-3.4696
2025-01-17,FUND_C,XS1000000001,49.32,8.8941
2025-01-20,FUND_C,XS1000000001,0.84,0.1513
2025-01-21,FUND_C,XS1000000001,-0.93,-0.1689
2025-01-22,FUND_C,XS1000000001,-23.16,-4.1049
2025-01-23,FUND_C,XS1000000001,-14.48,-2.6434
2025-01-24,FUND_C,XS1000000001,-0.5,-0.0891
2025-01-27,FUND_C,XS1000000001,22.23,4.0747
2025-01-28,FUND_C,XS1000000001,-4.38,-0.7994
2025-01-29,FUND_C,XS1000000001,12.32,2.1752
2025-01-30,FUND_C,XS1000000001,6.73,1.1991
2025-01-31,FUND_C,XS1000000001,7.07,1.2735
2025-02-03,FUND_C,XS1000000001,-31.66,-5.7496
2025-02-04,FUND_C,XS1000000001,60.6,10.7748
2025-02-05,FUND_C,XS1000000001,-30.83,-5.6927
2025-02-06,FUND_C,XS1000000001,49.06,8.7365
2025-02-07,FUND_C,XS1000000001,19.73,3.5222
2025-02-10,FUND_C,XS1000000001,43.08,7.7157
2025-02-11,FUND_C,XS1000000001,19.71,3.4789
2025-02-12,FUND_C,XS1000000001,-5.94,-1.0543
2025-02-13,FUND_C,XS1000000001,-41.66,-7.4149
2025-02-14,FUND_C,XS1000000001,-24.39,-4.396
2025-02-17,FUND_C,XS1000000001,7.42,1.3442
2025-02-18,FUND_C,XS1000000001,0.15,0.0265
2025-02-19,FUND_C,XS1000000001,-21.07,-3.7791
2025-02-20,FUND_C,XS1000000001,9.75,1.7984
2025-02-21,FUND_C,XS1000000001,-25.65,-4.6553
2025-02-24,FUND_C,XS1000000001,26.95,4.9156
2025-02-25,FUND_C,XS1000000001,3.98,0.697
2025-02-26,FUND_C,XS1000000001,-22.29,-3.9463
2025-02-27,FUND_C,XS1000000001,12.97,2.3013
2025-02-28,FUND_C,XS1000000001,-20.2,-3.5801
2025-03-03,FUND_C,XS1000000001,-31.25,-5.7318
2025-03-04,FUND_C,XS1000000001,-54.65,-9.9368
2025-03-05,FUND_C,XS1000000001,57.32,10.007
2025-03-06,FUND_C,XS1000000001,45.65,8.164
2025-03-07,FUND_C,XS1000000001,12.41,2.2416
2025-03-10,FUND_C,XS1000000001,0.14,0.0255
2025-03-11,FUND_C,XS1000000001,-31.72,-5.7424
2025-03-12,FUND_C,XS1000000001,-25.89,-4.6717
2025-03-13,FUND_C,XS1000000001,38.37,6.865
2025-03-14,FUND_C,XS1000000001,-22.01,-3.9625
2025-03-17,FUND_C,XS1000000001,15.45,2.7396
2025-03-18,FUND_C,XS1000000001,34.07,6.0866
2025-03-19,FUND_C,XS1000000001,54.53,9.7186
2025-03-20,FUND_C,XS1000000001,-11.36,-2.0825
2025-03-21,FUND_C,XS1000000001,-5.01,-0.9181
2025-03-24,FUND_C,XS1000000001,-22.19,-4.0694
2025-03-25,FUND_C,XS1000000001,-36.94,-6.6453
2025-03-26,FUND_C,XS1000000001,14.2,2.6091
2025-03-27,FUND_C,XS1000000001,21.5,3.9477
2025-03-28,FUND_C,XS1000000001,21.55,3.8875
2025-03-31,FUND_C,XS1000000001,-27.93,-5.1964
2025-01-02,FUND_C,XS1000000002,9.43,1.8419
2025-01-03,FUND_C,XS1000000002,3.34,0.6812
2025-01-06,FUND_C,XS1000000002,-23.09,-4.702
2025-01-07,FUND_C,XS1000000002,-72.28,-14.6253
2025-01-08,FUND_C,XS1000000002,4.22,0.8455
2025-01-09,FUND_C,XS1000000002,-29.15,-5.7249
2025-01-10,FUND_C,XS1000000002,-21.72,-4.3037
2025-01-13,FUND_C,XS1000000002,-5.5,-1.1094
2025-01-14,FUND_C,XS1000000002,-46.13,-9.3628
2025-01-15,FUND_C,XS1000000002,-27.5,-5.6012
2025-01-16,FUND_C,XS1000000002,-9.16,-1.8892
2025-01-17,FUND_C,XS1000000002,-60.06,-11.8197
2025-01-20,FUND_C,XS1000000002,-32.51,-6.5197
2025-01-21,FUND_C,XS1000000002,-38.56,-7.6651
2025-01-22,FUND_C,XS1000000002,21.79,4.3964
2025-01-23,FUND_C,XS1000000002,-3.28,-0.6454
2025-01-24,FUND_C,XS1000000002,36.29,7.3327
2025-01-27,FUND_C,XS1000000002,-7.99,-1.6191
2025-01-28,FUND_C,XS1000000002,24.31,4.7999
2025-01-29,FUND_C,XS1000000002,5.39,1.0825
2025-01-30,FUND_C,XS1000000002,17.76,3.4898
2025-01-31,FUND_C,XS1000000002,7.9,1.5758
2025-02-03,FUND_C,XS1000000002,5.49,1.1276
2025-02-04,FUND_C,XS1000000002,43.16,8.6974
2025-02-05,FUND_C,XS1000000002,-12.26,-2.5043
2025-02-06,FUND_C,XS1000000002,11.37,2.291
2025-02-07,FUND_C,XS1000000002,30.7,6.2751
2025-02-10,FUND_C,XS1000000002,8.37,1.7102
2025-02-11,FUND_C,XS1000000002,-12.85,-2.5975
2025-02-12,FUND_C,XS1000000002,6.05,1.204
2025-02-13,FUND_C,XS1000000002,12.08,2.4314
2025-02-14,FUND_C,XS1000000002,-32.38,-6.5102
2025-02-17,FUND_C,XS1000000002,7.95,1.5589
2025-02-18,FUND_C,XS1000000002,36.4,7.362
2025-02-19,FUND_C,XS1000000002,12.73,2.6124
2025-02-20,FUND_C,XS1000000002,-39.42,-8.0344
2025-02-21,FUND_C,XS1000000002,-22.88,-4.6205
2025-02-24,FUND_C,XS1000000002,-6.22,-1.2063
2025-02-25,FUND_C,XS1000000002,-4.95,-0.9751
2025-02-26,FUND_C,XS1000000002,32.58,6.4224
2025-02-27,FUND_C,XS1000000002,12.56,2.4916
2025-02-28,FUND_C,XS1000000002,2.97,0.5993
2025-03-03,FUND_C,XS1000000002,25.54,5.112
2025-03-04,FUND_C,XS1000000002,-18.35,-3.5649
2025-03-05,FUND_C,XS1000000002,-42.96,-8.7216
2025-03-06,FUND_C,XS1000000002,-27.51,-5.5181
2025-03-07,FUND_C,XS1000000002,48.71,9.6911
2025-03-10,FUND_C,XS1000000002,11.1,2.1569
2025-03-11,FUND_C,XS1000000002,10.41,2.1058
2025-03-12,FUND_C,XS1000000002,29.5,5.9043
2025-03-13,FUND_C,XS1000000002,55.64,11.2143
2025-03-14,FUND_C,XS1000000002,-41.37,-8.2949
2025-03-17,FUND_C,XS1000000002,-14.69,-2.9632
2025-03-18,FUND_C,XS1000000002,38.12,7.5361
2025-03-19,FUND_C,XS1000000002,1.37,0.2715
2025-03-20,FUND_C,XS1000000002,22.97,4.511
2025-03-21,FUND_C,XS1000000002,-27.36,-5.4264
2025-03-24,FUND_C,XS1000000002,-6.43,-1.2876
2025-03-25,FUND_C,XS1000000002,-26.83,-5.2764
2025-03-26,FUND_C,XS1000000002,-16.02,-3.1401
2025-03-27,FUND_C,XS1000000002,53.88,10.6809
2025-03-28,FUND_C,XS1000000002,0.64,0.1287
2025-03-31,FUND_C,XS1000000002,-6.83,-1.3508
2025-01-02,FUND_C,XS1000000003,-7.85,-1.7464
2025-01-03,FUND_C,XS1000000003,12.57,2.8321
2025-01-06,FUND_C,XS1000000003,9.81,2.1087
2025-01-07,FUND_C,XS1000000003,26.81,5.8436
2025-01-08,FUND_C,XS1000000003,-18.02,-4.0097
2025-01-09,FUND_C,XS1000000003,63.78,14.3357
2025-01-10,FUND_C,XS1000000003,32.28,7.1662
2025-01-13,FUND_C,XS1000000003,-26.93,-6.0113
2025-01-14,FUND_C,XS1000000003,-13.27,-2.9054
2025-01-15,FUND_C,XS1000000003,26.37,5.6786
2025-01-16,FUND_C,XS1000000003,9.57,2.0925
2025-01-17,FUND_C,XS1000000003,-8.44,-1.878
2025-01-20,FUND_C,XS1000000003,-10.97,-2.3496
2025-01-21,FUND_C,XS1000000003,7.62,1.7007
2025-01-22,FUND_C,XS1000000003,-26.15,-5.6914
2025-01-23,FUND_C,XS1000000003,-23.67,-5.3178
2025-01-24,FUND_C,XS1000000003,-13.18,-2.8919
2025-01-27,FUND_C,XS1000000003,-5.05,-1.1112
2025-01-28,FUND_C,XS1000000003,-11.72,-2.5922
2025-01-29,FUND_C,XS1000000003,15.17,3.3395
2025-01-30,FUND_C,XS1000000003,31.06,6.9467
2025-01-31,FUND_C,XS1000000003,-12.83,-2.8136
2025-02-03,FUND_C,XS1000000003,17.59,3.869
2025-02-04,FUND_C,XS1000000003,7.71,1.7144
2025-02-05,FUND_C,XS1000000003,-26.0,-5.6228
2025-02-06,FUND_C,XS1000000003,4.51,0.9843
2025-02-07,FUND_C,XS1000000003,-53.28,-11.602
2025-02-10,FUND_C,XS1000000003,-43.78,-9.7519
2025-02-11,FUND_C,XS1000000003,-36.78,-8.0951
2025-02-12,FUND_C,XS1000000003,15.49,3.485
2025-02-13,FUND_C,XS1000000003,-3.98,-0.8795
2025-02-14,FUND_C,XS1000000003,59.22,12.9621
2025-02-17,FUND_C,XS1000000003,-77.96,-17.0531
2025-02-18,FUND_C,XS1000000003,-45.19,-9.926
2025-02-19,FUND_C,XS1000000003,-66.93,-14.8442
2025-02-20,FUND_C,XS1000000003,2.9,0.6322
2025-02-21,FUND_C,XS1000000003,31.17,6.7418
2025-02-24,FUND_C,XS1000000003,56.1,12.4241
2025-02-25,FUND_C,XS1000000003,-14.57,-3.2412
2025-02-26,FUND_C,XS1000000003,-3.52,-0.7805
2025-02-27,FUND_C,XS1000000003,-21.19,-4.754
2025-02-28,FUND_C,XS1000000003,-14.72,-3.2161
2025-03-03,FUND_C,XS1000000003,11.2,2.5213
2025-03-04,FUND_C,XS1000000003,0.01,0.0022
2025-03-05,FUND_C,XS1000000003,31.55,7.0506
2025-03-06,FUND_C,XS1000000003,1.32,0.2865
2025-03-07,FUND_C,XS1000000003,18.74,4.0868
2025-03-10,FUND_C,XS1000000003,-35.77,-8.001
2025-03-11,FUND_C,XS1000000003,-8.4,-1.8189
2025-03-12,FUND_C,XS1000000003,-12.91,-2.868
2025-03-13,FUND_C,XS1000000003,-21.71,-4.6765
2025-03-14,FUND_C,XS1000000003,-23.9,-5.2071
2025-03-17,FUND_C,XS1000000003,23.31,5.2178
2025-03-18,FUND_C,XS1000000003,23.24,5.0943
2025-03-19,FUND_C,XS1000000003,23.05,5.1167
2025-03-20,FUND_C,XS1000000003,-38.28,-8.4855
2025-03-21,FUND_C,XS1000000003,0.28,0.0612
2025-03-24,FUND_C,XS1000000003,-1.16,-0.2492
2025-03-25,FUND_C,XS1000000003,-7.11,-1.5783
2025-03-26,FUND_C,XS1000000003,109.49,23.7661
2025-03-27,FUND_C,XS1000000003,17.74,3.9824
2025-03-28,FUND_C,XS1000000003,5.6,1.2324
2025-03-31,FUND_C,XS1000000003,-8.89,-1.9562
2025-01-02,FUND_C,XS1000000004,6.57,0.7577
2025-01-03,FUND_C,XS1000000004,12.58,1.4939
2025-01-06,FUND_C,XS1000000004,63.07,7.674
2025-01-07,FUND_C,XS1000000004,-27.86,-3.4311
2025-01-08,FUND_C,XS1000000004,-34.29,-4.2625
2025-01-09,FUND_C,XS1000000004,-0.9,-0.1074
2025-01-10,FUND_C,XS1000000004,-60.85,-7.2389
2025-01-13,FUND_C,XS1000000004,16.72,1.9562
2025-01-14,FUND_C,XS1000000004,15.86,1.8887
2025-01-15,FUND_C,XS1000000004,26.99,3.3277
2025-01-16,FUND_C,XS1000000004,2.87,0.3344
2025-01-17,FUND_C,XS1000000004,-13.66,-1.5792
2025-01-20,FUND_C,XS1000000004,-24.74,-3.0136
2025-01-21,FUND_C,XS1000000004,-82.96,-10.0579
2025-01-22,FUND_C,XS1000000004,-64.55,-7.928
2025-01-23,FUND_C,XS1000000004,-37.71,-4.5189
2025-01-24,FUND_C,XS1000000004,13.09,1.5273
2025-01-27,FUND_C,XS1000000004,-31.72,-3.7882
2025-01-28,FUND_C,XS1000000004,-9.54,-1.1163
2025-01-29,FUND_C,XS1000000004,22.87,2.7825
2025-01-30,FUND_C,XS1000000004,19.34,2.2957
2025-01-31,FUND_C,XS1000000004,16.82,2.0443
2025-02-03,FUND_C,XS1000000004,-46.69,-5.4507
2025-02-04,FUND_C,XS1000000004,45.9,5.3021
2025-02-05,FUND_C,XS1000000004,-44.58,-5.4644
2025-02-06,FUND_C,XS1000000004,17.61,2.1291
2025-02-07,FUND_C,XS1000000004,-24.18,-2.9566
2025-02-10,FUND_C,XS1000000004,27.69,3.2217
2025-02-11,FUND_C,XS1000000004,-2.7,-0.3316
2025-02-12,FUND_C,XS1000000004,-8.39,-0.9742
2025-02-13,FUND_C,XS1000000004,16.2,2.0258
2025-02-14,FUND_C,XS1000000004,0.49,0.0587
2025-02-17,FUND_C,XS1000000004,46.26,5.4993
2025-02-18,FUND_C,XS1000000004,2.02,0.2374
2025-02-19,FUND_C,XS1000000004,-10.1,-1.2283
2025-02-20,FUND_C,XS1000000004,18.15,2.1826
2025-02-21,FUND_C,XS1000000004,-66.67,-8.0701
2025-02-24,FUND_C,XS1000000004,-14.02,-1.7186
2025-02-25,FUND_C,XS1000000004,-4.8,-0.5834
2025-02-26,FUND_C,XS1000000004,-25.6,-3.1363
2025-02-27,FUND_C,XS1000000004,-4.87,-0.5944
2025-02-28,FUND_C,XS1000000004,-3.49,-0.4252
2025-03-03,FUND_C,XS1000000004,-2.44,-0.2947
2025-03-04,FUND_C,XS1000000004,28.13,3.3361
2025-03-05,FUND_C,XS1000000004,7.34,0.9022
2025-03-06,FUND_C,XS1000000004,-11.46,-1.413
2025-03-07,FUND_C,XS1000000004,49.78,6.0999
2025-03-10,FUND_C,XS1000000004,14.62,1.7471
2025-03-11,FUND_C,XS1000000004,6.95,0.8235
2025-03-12,FUND_C,XS1000000004,-25.95,-3.0122
2025-03-13,FUND_C,XS1000000004,-39.16,-4.7923
2025-03-14,FUND_C,XS1000000004,42.98,5.2224
2025-03-17,FUND_C,XS1000000004,-14.79,-1.8168
2025-03-18,FUND_C,XS1000000004,7.83,0.9261
2025-03-19,FUND_C,XS1000000004,23.0,2.8459
2025-03-20,FUND_C,XS1000000004,-1.67,-0.1987
2025-03-21,FUND_C,XS1000000004,-35.55,-4.2061
2025-03-24,FUND_C,XS1000000004,38.23,4.7297
2025-03-25,FUND_C,XS1000000004,3.37,0.3975
2025-03-26,FUND_C,XS1000000004,-40.29,-4.9097
2025-03-27,FUND_C,XS1000000004,24.12,2.7892
2025-03-28,FUND_C,XS1000000004,37.82,4.6287
2025-03-31,FUND_C,XS1000000004,6.42,0.7691
2025-01-02,FUND_C,XS1000000005,32.14,3.2248
2025-01-03,FUND_C,XS1000000005,-18.7,-1.8006
2025-01-06,FUND_C,XS1000000005,-15.31,-1.5286
2025-01-07,FUND_C,XS1000000005,11.93,1.1893
2025-01-08,FUND_C,XS1000000005,21.4,2.0767
2025-01-09,FUND_C,XS1000000005,23.84,2.3465
2025-01-10,FUND_C,XS1000000005,-33.33,-3.3985
2025-01-13,FUND_C,XS1000000005,20.42,2.1264
2025-01-14,FUND_C,XS1000000005,22.97,2.3884
2025-01-15,FUND_C,XS1000000005,15.75,1.6058
2025-01-16,FUND_C,XS1000000005,7.61,0.7573
2025-01-17,FUND_C,XS1000000005,-12.24,-1.2085
2025-01-20,FUND_C,XS1000000005,7.95,0.8006
2025-01-21,FUND_C,XS1000000005,56.75,5.4572
2025-01-22,FUND_C,XS1000000005,2.18,0.2245
2025-01-23,FUND_C,XS1000000005,29.93,2.9594
2025-01-24,FUND_C,XS1000000005,-52.47,-5.4231
2025-01-27,FUND_C,XS1000000005,-43.5,-4.3598
2025-01-28,FUND_C,XS1000000005,26.01,2.6275
2025-01-29,FUND_C,XS1000000005,-17.35,-1.6843
2025-01-30,FUND_C,XS1000000005,-36.56,-3.8262
2025-01-31,FUND_C,XS1000000005,-1.09,-0.1043
2025-02-03,FUND_C,XS1000000005,-16.44,-1.573
2025-02-04,FUND_C,XS1000000005,43.73,4.1563
2025-02-05,FUND_C,XS1000000005,42.28,4.0849
2025-02-06,FUND_C,XS1000000005,11.09,1.0883
2025-02-07,FUND_C,XS1000000005,25.65,2.6381
2025-02-10,FUND_C,XS1000000005,5.61,0.5737
2025-02-11,FUND_C,XS1000000005,-20.96,-1.9817
2025-02-12,FUND_C,XS1000000005,46.78,4.5962
2025-02-13,FUND_C,XS1000000005,8.33,0.7982
2025-02-14,FUND_C,XS1000000005,29.57,2.9443
2025-02-17,FUND_C,XS1000000005,-9.72,-0.989
2025-02-18,FUND_C,XS1000000005,2.72,0.2852
2025-02-19,FUND_C,XS1000000005,-11.34,-1.1064
2025-02-20,FUND_C,XS1000000005,-15.37,-1.4899
2025-02-21,FUND_C,XS1000000005,64.32,6.3941
2025-02-24,FUND_C,XS1000000005,43.26,4.1928
2025-02-25,FUND_C,XS1000000005,31.01,3.1643
2025-02-26,FUND_C,XS1000000005,-15.3,-1.5779
2025-02-27,FUND_C,XS1000000005,1.25,0.123
2025-02-28,FUND_C,XS1000000005,31.87,3.1779
2025-03-03,FUND_C,XS1000000005,-53.12,-5.1559
2025-03-04,FUND_C,XS1000000005,-0.54,-0.0551
2025-03-05,FUND_C,XS1000000005,1.31,0.1301
2025-03-06,FUND_C,XS1000000005,17.11,1.7036
2025-03-07,FUND_C,XS1000000005,50.34,5.1273
2025-03-10,FUND_C,XS1000000005,-33.83,-3.3286
2025-03-11,FUND_C,XS1000000005,11.69,1.1627
2025-03-12,FUND_C,XS1000000005,-44.35,-4.463
2025-03-13,FUND_C,XS1000000005,-52.2,-5.4303
2025-03-14,FUND_C,XS1000000005,3.43,0.352
2025-03-17,FUND_C,XS1000000005,43.36,4.4262
2025-03-18,FUND_C,XS1000000005,-42.56,-4.3593
2025-03-19,FUND_C,XS1000000005,18.29,1.8352
2025-03-20,FUND_C,XS1000000005,12.75,1.2482
2025-03-21,FUND_C,XS1000000005,-3.35,-0.3428
2025-03-24,FUND_C,XS1000000005,43.0,4.1835
2025-03-25,FUND_C,XS1000000005,55.15,5.5657
2025-03-26,FUND_C,XS1000000005,7.55,0.7219
2025-03-27,FUND_C,XS1000000005,15.61,1.55
2025-03-28,FUND_C,XS1000000005,-15.73,-1.5162
2025-03-31,FUND_C,XS1000000005,1.35,0.1346
2025-01-02,FUND_C,XS1000000006,55.2,4.6466
2025-01-03,FUND_C,XS1000000006,-19.38,-1.4807
2025-01-06,FUND_C,XS1000000006,5.1,0.3903
2025-01-07,FUND_C,XS1000000006,-14.15,-1.082
2025-01-08,FUND_C,XS1000000006,3.18,0.2452
2025-01-09,FUND_C,XS1000000006,-8.34,-0.6512
2025-01-10,FUND_C,XS1000000006,-36.24,-2.93
2025-01-13,FUND_C,XS1000000006,-63.56,-5.028
2025-01-14,FUND_C,XS1000000006,25.05,1.9366
2025-01-15,FUND_C,XS1000000006,11.39,0.8862
2025-01-16,FUND_C,XS1000000006,-16.89,-1.3027
2025-01-17,FUND_C,XS1000000006,-22.92,-1.9242
2025-01-20,FUND_C,XS1000000006,23.8,1.8996
2025-01-21,FUND_C,XS1000000006,15.72,1.1925
2025-01-22,FUND_C,XS1000000006,9.57,0.7343
2025-01-23,FUND_C,XS1000000006,-22.12,-1.6822
2025-01-24,FUND_C,XS1000000006,44.41,3.5409
2025-01-27,FUND_C,XS1000000006,-20.6,-1.5926
2025-01-28,FUND_C,XS1000000006,7.14,0.5967
2025-01-29,FUND_C,XS1000000006,-23.39,-1.9006
2025-01-30,FUND_C,XS1000000006,-54.41,-4.1459
2025-01-31,FUND_C,XS1000000006,-27.41,-2.15
2025-02-03,FUND_C,XS1000000006,10.86,0.9056
2025-02-04,FUND_C,XS1000000006,-5.87,-0.4934
2025-02-05,FUND_C,XS1000000006,36.67,2.9305
2025-02-06,FUND_C,XS1000000006,7.44,0.5972
2025-02-07,FUND_C,XS1000000006,8.2,0.626
2025-02-10,FUND_C,XS1000000006,-7.99,-0.6042
2025-02-11,FUND_C,XS1000000006,-14.48,-1.2034
2025-02-12,FUND_C,XS1000000006,-12.3,-1.0301
2025-02-13,FUND_C,XS1000000006,-39.4,-3.0718
2025-02-14,FUND_C,XS1000000006,1.38,0.1133
2025-02-17,FUND_C,XS1000000006,-27.52,-2.2637
2025-02-18,FUND_C,XS1000000006,9.52,0.7831
2025-02-19,FUND_C,XS1000000006,-4.69,-0.3641
2025-02-20,FUND_C,XS1000000006,32.14,2.4516
2025-02-21,FUND_C,XS1000000006,16.71,1.2653
2025-02-24,FUND_C,XS1000000006,0.56,0.0445
2025-02-25,FUND_C,XS1000000006,8.71,0.7255
2025-02-26,FUND_C,XS1000000006,-62.53,-4.8048
2025-02-27,FUND_C,XS1000000006,7.72,0.6276
2025-02-28,FUND_C,XS1000000006,-26.72,-2.1371
2025-03-03,FUND_C,XS1000000006,16.62,1.2877
2025-03-04,FUND_C,XS1000000006,21.7,1.8337
2025-03-05,FUND_C,XS1000000006,-55.82,-4.341
2025-03-06,FUND_C,XS1000000006,16.88,1.329
2025-03-07,FUND_C,XS1000000006,43.31,3.4395
2025-03-10,FUND_C,XS1000000006,-13.12,-1.0743
2025-03-11,FUND_C,XS1000000006,-21.02,-1.6485
2025-03-12,FUND_C,XS1000000006,48.85,3.7505
2025-03-13,FUND_C,XS1000000006,24.44,1.9964
2025-03-14,FUND_C,XS1000000006,7.48,0.579
2025-03-17,FUND_C,XS1000000006,31.63,2.4089
2025-03-18,FUND_C,XS1000000006,-45.77,-3.6497
2025-03-19,FUND_C,XS1000000006,16.05,1.3055
2025-03-20,FUND_C,XS1000000006,-43.31,-3.5739
2025-03-21,FUND_C,XS1000000006,-21.99,-1.7236
2025-03-24,FUND_C,XS1000000006,42.01,3.3951
2025-03-25,FUND_C,XS1000000006,-11.52,-0.9395
2025-03-26,FUND_C,XS1000000006,85.94,7.1985
2025-03-27,FUND_C,XS1000000006,9.03,0.6942
2025-03-28,FUND_C,XS1000000006,-22.38,-1.7734
2025-03-31,FUND_C,XS1000000006,19.62,1.4988
2025-01-02,FUND_C,XS1000000007,-18.95,-1.8745
2025-01-03,FUND_C,XS1000000007,55.49,5.4906
2025-01-06,FUND_C,XS1000000007,-6.2,-0.6187
2025-01-07,FUND_C,XS1000000007,6.28,0.6402
2025-01-08,FUND_C,XS1000000007,-18.59,-1.8478
2025-01-09,FUND_C,XS1000000007,8.84,0.9266
2025-01-10,FUND_C,XS1000000007,-4.53,-0.4545
2025-01-13,FUND_C,XS1000000007,2.46,0.2423
2025-01-14,FUND_C,XS1000000007,20.96,2.0355
2025-01-15,FUND_C,XS1000000007,-61.08,-6.1444
2025-01-16,FUND_C,XS1000000007,-22.14,-2.2058
2025-01-17,FUND_C,XS1000000007,-20.72,-2.1148
2025-01-20,FUND_C,XS1000000007,13.17,1.3546
2025-01-21,FUND_C,XS1000000007,15.0,1.5467
2025-01-22,FUND_C,XS1000000007,-7.35,-0.7411
2025-01-23,FUND_C,XS1000000007,-8.04,-0.8141
2025-01-24,FUND_C,XS1000000007,-58.38,-5.8653
2025-01-27,FUND_C,XS1000000007,25.17,2.4432
2025-01-28,FUND_C,XS1000000007,56.44,5.4897
2025-01-29,FUND_C,XS1000000007,-5.58,-0.5718
2025-01-30,FUND_C,XS1000000007,-26.93,-2.7502
2025-01-31,FUND_C,XS1000000007,-6.62,-0.6977
2025-02-03,FUND_C,XS1000000007,-47.07,-4.5768
2025-02-04,FUND_C,XS1000000007,9.17,0.9511
2025-02-05,FUND_C,XS1000000007,40.17,3.8453
2025-02-06,FUND_C,XS1000000007,54.2,5.5755
2025-02-07,FUND_C,XS1000000007,-0.55,-0.0538
2025-02-10,FUND_C,XS1000000007,-26.55,-2.644
2025-02-11,FUND_C,XS1000000007,14.03,1.4143
2025-02-12,FUND_C,XS1000000007,-17.19,-1.7261
2025-02-13,FUND_C,XS1000000007,19.96,2.0146
2025-02-14,FUND_C,XS1000000007,16.6,1.6335
2025-02-17,FUND_C,XS1000000007,-6.64,-0.6715
2025-02-18,FUND_C,XS1000000007,8.94,0.8644
2025-02-19,FUND_C,XS1000000007,33.81,3.2734
2025-02-20,FUND_C,XS1000000007,-53.86,-5.4008
2025-02-21,FUND_C,XS1000000007,23.72,2.469
2025-02-24,FUND_C,XS1000000007,-0.14,-0.0144
2025-02-25,FUND_C,XS1000000007,-23.45,-2.3109
2025-02-26,FUND_C,XS1000000007,-23.27,-2.3643
2025-02-27,FUND_C,XS1000000007,-39.04,-3.8284
2025-02-28,FUND_C,XS1000000007,13.22,1.3352
2025-03-03,FUND_C,XS1000000007,2.71,0.2602
2025-03-04,FUND_C,XS1000000007,-20.56,-2.0995
2025-03-05,FUND_C,XS1000000007,-58.79,-5.8181
2025-03-06,FUND_C,XS1000000007,-16.1,-1.6405
2025-03-07,FUND_C,XS1000000007,-23.13,-2.2791
2025-03-10,FUND_C,XS1000000007,-69.62,-6.9623
2025-03-11,FUND_C,XS1000000007,26.34,2.7335
2025-03-12,FUND_C,XS1000000007,8.48,0.88
2025-03-13,FUND_C,XS1000000007,11.73,1.1264
2025-03-14,FUND_C,XS1000000007,19.47,1.9479
2025-03-17,FUND_C,XS1000000007,-35.93,-3.4509
2025-03-18,FUND_C,XS1000000007,4.32,0.4493
2025-03-19,FUND_C,XS1000000007,-64.71,-6.225
2025-03-20,FUND_C,XS1000000007,-40.42,-4.0121
2025-03-21,FUND_C,XS1000000007,-23.64,-2.3801
2025-03-24,FUND_C,XS1000000007,-29.46,-2.9362
2025-03-25,FUND_C,XS1000000007,58.55,5.9148
2025-03-26,FUND_C,XS1000000007,20.13,2.0521
2025-03-27,FUND_C,XS1000000007,-15.19,-1.5471
2025-03-28,FUND_C,XS1000000007,35.1,3.5237
2025-03-31,FUND_C,XS1000000007,23.13,2.3178
2025-01-02,BNK_MSCI_WORLD,US0378331005,82.34,12.4206
2025-01-03,BNK_MSCI_WORLD,US0378331005,18.67,2.8545
2025-01-06,BNK_MSCI_WORLD,US0378331005,89.74,13.5916
2025-01-07,BNK_MSCI_WORLD,US0378331005,16.8,2.5737
2025-01-08,BNK_MSCI_WORLD,US0378331005,-78.47,-11.9248
2025-01-09,BNK_MSCI_WORLD,US0378331005,-8.86,-1.339
2025-01-10,BNK_MSCI_WORLD,US0378331005,112.53,16.6384
2025-01-13,BNK_MSCI_WORLD,US0378331005,14.11,2.1612
2025-01-14,BNK_MSCI_WORLD,US0378331005,-5.32,-0.8001
2025-01-15,BNK_MSCI_WORLD,US0378331005,35.51,5.2376
2025-01-16,BNK_MSCI_WORLD,US0378331005,-98.45,-14.4972
2025-01-17,BNK_MSCI_WORLD,US0378331005,23.48,3.5645
2025-01-20,BNK_MSCI_WORLD,US0378331005,-69.5,-10.4077
2025-01-21,BNK_MSCI_WORLD,US0378331005,34.23,5.0841
2025-01-22,BNK_MSCI_WORLD,US0378331005,45.29,6.7023
2025-01-23,BNK_MSCI_WORLD,US0378331005,-33.9,-4.9315
2025-01-24,BNK_MSCI_WORLD,US0378331005,-82.61,-12.6966
2025-01-27,BNK_MSCI_WORLD,US0378331005,12.14,1.8474
2025-01-28,BNK_MSCI_WORLD,US0378331005,8.03,1.2015
2025-01-29,BNK_MSCI_WORLD,US0378331005,78.5,11.8592
2025-01-30,BNK_MSCI_WORLD,US0378331005,69.75,10.1327
2025-01-31,BNK_MSCI_WORLD,US0378331005,24.81,3.644
2025-02-03,BNK_MSCI_WORLD,US0378331005,3.98,0.6026
2025-02-04,BNK_MSCI_WORLD,US0378331005,15.74,2.3795
2025-02-05,BNK_MSCI_WORLD,US0378331005,10.75,1.6379
2025-02-06,BNK_MSCI_WORLD,US0378331005,86.19,13.0888
2025-02-07,BNK_MSCI_WORLD,US0378331005,65.59,9.8666
2025-02-10,BNK_MSCI_WORLD,US0378331005,109.46,16.0293
2025-02-11,BNK_MSCI_WORLD,US0378331005,-12.18,-1.8306
2025-02-12,BNK_MSCI_WORLD,US0378331005,10.09,1.4868
2025-02-13,BNK_MSCI_WORLD,US0378331005,54.5,8.3453
2025-02-14,BNK_MSCI_WORLD,US0378331005,71.79,10.9481
2025-02-17,BNK_MSCI_WORLD,US0378331005,103.29,15.8
2025-02-18,BNK_MSCI_WORLD,US0378331005,-12.14,-1.88
2025-02-19,BNK_MSCI_WORLD,US0378331005,41.14,6.1143
2025-02-20,BNK_MSCI_WORLD,US0378331005,41.73,6.1238
2025-02-21,BNK_MSCI_WORLD,US0378331005,83.66,12.3965
2025-02-24,BNK_MSCI_WORLD,US0378331005,-103.3,-15.939
2025-02-25,BNK_MSCI_WORLD,US0378331005,-117.93,-17.8574
2025-02-26,BNK_MSCI_WORLD,US0378331005,41.68,6.3108
2025-02-27,BNK_MSCI_WORLD,US0378331005,-53.41,-7.9816
2025-02-28,BNK_MSCI_WORLD,US0378331005,-7.28,-1.1063
2025-03-03,BNK_MSCI_WORLD,US0378331005,-11.81,-1.7258
2025-03-04,BNK_MSCI_WORLD,US0378331005,12.05,1.8305
2025-03-05,BNK_MSCI_WORLD,US0378331005,-27.92,-4.2727
2025-03-06,BNK_MSCI_WORLD,US0378331005,32.17,4.8988
2025-03-07,BNK_MSCI_WORLD,US0378331005,-69.55,-10.1964
2025-03-10,BNK_MSCI_WORLD,US0378331005,78.28,11.465
2025-03-11,BNK_MSCI_WORLD,US0378331005,-63.64,-9.9604
2025-03-12,BNK_MSCI_WORLD,US0378331005,-35.97,-5.4741
2025-03-13,BNK_MSCI_WORLD,US0378331005,52.71,8.0705
2025-03-14,BNK_MSCI_WORLD,US0378331005,-8.82,-1.297
2025-03-17,BNK_MSCI_WORLD,US0378331005,-37.76,-5.6684
2025-03-18,BNK_MSCI_WORLD,US0378331005,149.68,22.506
2025-03-19,BNK_MSCI_WORLD,US0378331005,3.51,0.5237
2025-03-20,BNK_MSCI_WORLD,US0378331005,94.45,14.4018
2025-03-21,BNK_MSCI_WORLD,US0378331005,60.36,9.1583
2025-03-24,BNK_MSCI_WORLD,US0378331005,31.75,4.6873
2025-03-25,BNK_MSCI_WORLD,US0378331005,65.78,10.0945
2025-03-26,BNK_MSCI_WORLD,US0378331005,-30.42,-4.4415
2025-03-27,BNK_MSCI_WORLD,US0378331005,-48.65,-7.4023
2025-03-28,BNK_MSCI_WORLD,US0378331005,-24.34,-3.6303
2025-03-31,BNK_MSCI_WORLD,US0378331005,75.12,11.291
2025-01-02,BNK_MSCI_WORLD,US5949181045,-3.23,-0.4141
2025-01-03,BNK_MSCI_WORLD,US5949181045,-5.5,-0.705
2025-01-06,BNK_MSCI_WORLD,US5949181045,15.5,2.0292
2025-01-07,BNK_MSCI_WORLD,US5949181045,85.74,11.3821
2025-01-08,BNK_MSCI_WORLD,US5949181045,-75.22,-9.7683
2025-01-09,BNK_MSCI_WORLD,US5949181045,-49.48,-6.45
2025-01-10,BNK_MSCI_WORLD,US5949181045,13.24,1.7494
2025-01-13,BNK_MSCI_WORLD,US5949181045,138.78,18.0206
2025-01-14,BNK_MSCI_WORLD,US5949181045,-22.14,-2.8282
2025-01-15,BNK_MSCI_WORLD,US5949181045,-16.55,-2.118
2025-01-16,BNK_MSCI_WORLD,US5949181045,40.53,5.3939
2025-01-17,BNK_MSCI_WORLD,US5949181045,112.69,14.9874
2025-01-20,BNK_MSCI_WORLD,US5949181045,-70.35,-9.1861
2025-01-21,BNK_MSCI_WORLD,US5949181045,10.67,1.4262
2025-01-22,BNK_MSCI_WORLD,US5949181045,-35.09,-4.5885
2025-01-23,BNK_MSCI_WORLD,US5949181045,60.69,8.0328
2025-01-24,BNK_MSCI_WORLD,US5949181045,-10.07,-1.2946
2025-01-27,BNK_MSCI_WORLD,US5949181045,180.76,23.6093
2025-01-28,BNK_MSCI_WORLD,US5949181045,-86.34,-11.1475
2025-01-29,BNK_MSCI_WORLD,US5949181045,-26.03,-3.2621
2025-01-30,BNK_MSCI_WORLD,US5949181045,-1.37,-0.1814
2025-01-31,BNK_MSCI_WORLD,US5949181045,41.57,5.273
2025-02-03,BNK_MSCI_WORLD,US5949181045,32.55,4.449
2025-02-04,BNK_MSCI_WORLD,US5949181045,-32.39,-4.2902
2025-02-05,BNK_MSCI_WORLD,US5949181045,-49.09,-6.4002
2025-02-06,BNK_MSCI_WORLD,US5949181045,-40.63,-5.2642
2025-02-07,BNK_MSCI_WORLD,US5949181045,-60.73,-7.9442
2025-02-10,BNK_MSCI_WORLD,US5949181045,3.78,0.5018
2025-02-11,BNK_MSCI_WORLD,US5949181045,7.73,0.9765
2025-02-12,BNK_MSCI_WORLD,US5949181045,-1.63,-0.2149
2025-02-13,BNK_MSCI_WORLD,US5949181045,30.46,4.0456
2025-02-14,BNK_MSCI_WORLD,US5949181045,30.99,4.2051
2025-02-17,BNK_MSCI_WORLD,US5949181045,-85.7,-10.9285
2025-02-18,BNK_MSCI_WORLD,US5949181045,-30.19,-4.0043
2025-02-19,BNK_MSCI_WORLD,US5949181045,-45.9,-5.8614
2025-02-20,BNK_MSCI_WORLD,US5949181045,-2.96,-0.3829
2025-02-21,BNK_MSCI_WORLD,US5949181045,95.81,12.1118
2025-02-24,BNK_MSCI_WORLD,US5949181045,-78.98,-10.6681
2025-02-25,BNK_MSCI_WORLD,US5949181045,131.86,17.0155
2025-02-26,BNK_MSCI_WORLD,US5949181045,-37.34,-4.8966
2025-02-27,BNK_MSCI_WORLD,US5949181045,62.61,7.9921
2025-02-28,BNK_MSCI_WORLD,US5949181045,-71.07,-9.0622
2025-03-03,BNK_MSCI_WORLD,US5949181045,37.43,4.8005
2025-03-04,BNK_MSCI_WORLD,US5949181045,-12.45,-1.5912
2025-03-05,BNK_MSCI_WORLD,US5949181045,68.84,8.7766
2025-03-06,BNK_MSCI_WORLD,US5949181045,89.1,11.3546
2025-03-07,BNK_MSCI_WORLD,US5949181045,70.44,8.9536
2025-03-10,BNK_MSCI_WORLD,US5949181045,-23.84,-3.0158
2025-03-11,BNK_MSCI_WORLD,US5949181045,-80.01,-10.178
2025-03-12,BNK_MSCI_WORLD,US5949181045,-24.74,-3.1896
2025-03-13,BNK_MSCI_WORLD,US5949181045,-24.13,-3.1448
2025-03-14,BNK_MSCI_WORLD,US5949181045,-61.09,-7.9244
2025-03-17,BNK_MSCI_WORLD,US5949181045,27.42,3.4349
2025-03-18,BNK_MSCI_WORLD,US5949181045,24.83,3.2088
2025-03-19,BNK_MSCI_WORLD,US5949181045,-26.82,-3.4265
2025-03-20,BNK_MSCI_WORLD,US5949181045,9.88,1.2986
2025-03-21,BNK_MSCI_WORLD,US5949181045,75.35,9.3983
2025-03-24,BNK_MSCI_WORLD,US5949181045,30.38,4.0207
2025-03-25,BNK_MSCI_WORLD,US5949181045,57.69,7.2737
2025-03-26,BNK_MSCI_WORLD,US5949181045,-20.59,-2.6092
2025-03-27,BNK_MSCI_WORLD,US5949181045,20.63,2.7098
2025-03-28,BNK_MSCI_WORLD,US5949181045,-73.2,-9.6309
2025-03-31,BNK_MSCI_WORLD,US5949181045,-72.43,-9.4005
2025-01-02,BNK_MSCI_WORLD,US0231351067,30.0,2.8969
2025-01-03,BNK_MSCI_WORLD,US0231351067,30.18,3.0356
2025-01-06,BNK_MSCI_WORLD,US0231351067,-0.42,-0.0428
2025-01-07,BNK_MSCI_WORLD,US0231351067,-43.76,-4.5859
2025-01-08,BNK_MSCI_WORLD,US0231351067,-19.05,-1.8338
2025-01-09,BNK_MSCI_WORLD,US0231351067,-84.11,-8.3656
2025-01-10,BNK_MSCI_WORLD,US0231351067,-55.49,-5.4416
2025-01-13,BNK_MSCI_WORLD,US0231351067,-21.28,-2.1771
2025-01-14,BNK_MSCI_WORLD,US0231351067,40.69,4.0611
2025-01-15,BNK_MSCI_WORLD,US0231351067,-7.39,-0.705
2025-01-16,BNK_MSCI_WORLD,US0231351067,10.47,1.0494
2025-01-17,BNK_MSCI_WORLD,US0231351067,-23.94,-2.3742
2025-01-20,BNK_MSCI_WORLD,US0231351067,-33.7,-3.2779
2025-01-21,BNK_MSCI_WORLD,US0231351067,27.63,2.771
2025-01-22,BNK_MSCI_WORLD,US0231351067,35.66,3.5662
2025-01-23,BNK_MSCI_WORLD,US0231351067,-110.16,-11.4119
2025-01-24,BNK_MSCI_WORLD,US0231351067,-58.79,-5.9794
2025-01-27,BNK_MSCI_WORLD,US0231351067,39.89,3.8277
2025-01-28,BNK_MSCI_WORLD,US0231351067,-38.43,-3.9829
2025-01-29,BNK_MSCI_WORLD,US0231351067,-63.93,-6.6441
2025-01-30,BNK_MSCI_WORLD,US0231351067,136.47,13.939
2025-01-31,BNK_MSCI_WORLD,US0231351067,29.36,2.9534
2025-02-03,BNK_MSCI_WORLD,US0231351067,-25.07,-2.5019
2025-02-04,BNK_MSCI_WORLD,US0231351067,43.77,4.2909
2025-02-05,BNK_MSCI_WORLD,US0231351067,43.52,4.2367
2025-02-06,BNK_MSCI_WORLD,US0231351067,16.16,1.602
2025-02-07,BNK_MSCI_WORLD,US0231351067,-59.05,-5.8886
2025-02-10,BNK_MSCI_WORLD,US0231351067,-0.8,-0.0793
2025-02-11,BNK_MSCI_WORLD,US0231351067,3.4,0.3548
2025-02-12,BNK_MSCI_WORLD,US0231351067,-10.34,-1.0233
2025-02-13,BNK_MSCI_WORLD,US0231351067,18.57,1.8766
2025-02-14,BNK_MSCI_WORLD,US0231351067,-4.59,-0.4561
2025-02-17,BNK_MSCI_WORLD,US0231351067,10.7,1.0907
2025-02-18,BNK_MSCI_WORLD,US0231351067,30.9,3.0075
2025-02-19,BNK_MSCI_WORLD,US0231351067,63.04,6.4433
2025-02-20,BNK_MSCI_WORLD,US0231351067,-87.92,-9.0294
2025-02-21,BNK_MSCI_WORLD,US0231351067,94.4,9.6185
2025-02-24,BNK_MSCI_WORLD,US0231351067,-38.13,-4.0395
2025-02-25,BNK_MSCI_WORLD,US0231351067,0.36,0.0365
2025-02-26,BNK_MSCI_WORLD,US0231351067,24.58,2.4533
2025-02-27,BNK_MSCI_WORLD,US0231351067,53.98,5.2101
2025-02-28,BNK_MSCI_WORLD,US0231351067,15.41,1.5486
2025-03-03,BNK_MSCI_WORLD,US0231351067,-34.78,-3.5822
2025-03-04,BNK_MSCI_WORLD,US0231351067,64.11,6.2671
2025-03-05,BNK_MSCI_WORLD,US0231351067,-28.32,-2.8589
2025-03-06,BNK_MSCI_WORLD,US0231351067,43.4,4.162
2025-03-07,BNK_MSCI_WORLD,US0231351067,58.42,5.9788
2025-03-10,BNK_MSCI_WORLD,US0231351067,-12.98,-1.3454
2025-03-11,BNK_MSCI_WORLD,US0231351067,152.22,14.8918
2025-03-12,BNK_MSCI_WORLD,US0231351067,-24.65,-2.3721
2025-03-13,BNK_MSCI_WORLD,US0231351067,118.4,11.5034
2025-03-14,BNK_MSCI_WORLD,US0231351067,-109.3,-11.1933
2025-03-17,BNK_MSCI_WORLD,US0231351067,-22.33,-2.165
2025-03-18,BNK_MSCI_WORLD,US0231351067,62.44,6.5232
2025-03-19,BNK_MSCI_WORLD,US0231351067,-14.5,-1.4726
2025-03-20,BNK_MSCI_WORLD,US0231351067,37.32,3.8945
2025-03-21,BNK_MSCI_WORLD,US0231351067,-14.65,-1.4918
2025-03-24,BNK_MSCI_WORLD,US0231351067,61.03,6.0229
2025-03-25,BNK_MSCI_WORLD,US0231351067,79.69,8.2859
2025-03-26,BNK_MSCI_WORLD,US0231351067,-26.76,-2.7779
2025-03-27,BNK_MSCI_WORLD,US0231351067,-12.15,-1.1456
2025-03-28,BNK_MSCI_WORLD,US0231351067,-43.72,-4.5702
2025-03-31,BNK_MSCI_WORLD,US0231351067,-2.98,-0.3069
2025-01-02,BNK_MSCI_WORLD,US88160R1014,-44.13,-2.2976
2025-01-03,BNK_MSCI_WORLD,US88160R1014,141.85,7.6093
2025-01-06,BNK_MSCI_WORLD,US88160R1014,94.16,4.7268
2025-01-07,BNK_MSCI_WORLD,US88160R1014,-16.88,-0.828
2025-01-08,BNK_MSCI_WORLD,US88160R1014,20.67,1.0855
2025-01-09,BNK_MSCI_WORLD,US88160R1014,38.51,1.8806
2025-01-10,BNK_MSCI_WORLD,US88160R1014,0.41,0.0206
2025-01-13,BNK_MSCI_WORLD,US88160R1014,-73.5,-3.687
2025-01-14,BNK_MSCI_WORLD,US88160R1014,-51.47,-2.8136
2025-01-15,BNK_MSCI_WORLD,US88160R1014,10.71,0.5718
2025-01-16,BNK_MSCI_WORLD,US88160R1014,42.01,2.2041
2025-01-17,BNK_MSCI_WORLD,US88160R1014,-17.14,-0.8796
2025-01-20,BNK_MSCI_WORLD,US88160R1014,-23.13,-1.2113
2025-01-21,BNK_MSCI_WORLD,US88160R1014,16.29,0.8209
2025-01-22,BNK_MSCI_WORLD,US88160R1014,76.27,3.8262
2025-01-23,BNK_MSCI_WORLD,US88160R1014,-47.09,-2.326
2025-01-24,BNK_MSCI_WORLD,US88160R1014,56.22,2.8957
2025-01-27,BNK_MSCI_WORLD,US88160R1014,89.34,4.0987
2025-01-28,BNK_MSCI_WORLD,US88160R1014,63.1,3.0494
2025-01-29,BNK_MSCI_WORLD,US88160R1014,-21.03,-1.0632
2025-01-30,BNK_MSCI_WORLD,US88160R1014,-28.63,-1.389
2025-01-31,BNK_MSCI_WORLD,US88160R1014,-69.8,-3.4228
2025-02-03,BNK_MSCI_WORLD,US88160R1014,38.23,1.7786
2025-02-04,BNK_MSCI_WORLD,US88160R1014,-128.03,-6.8251
2025-02-05,BNK_MSCI_WORLD,US88160R1014,39.89,1.9579
2025-02-06,BNK_MSCI_WORLD,US88160R1014,9.1,0.4985
2025-02-07,BNK_MSCI_WORLD,US88160R1014,27.75,1.3504
2025-02-10,BNK_MSCI_WORLD,US88160R1014,18.14,0.93
2025-02-11,BNK_MSCI_WORLD,US88160R1014,60.03,2.7663
2025-02-12,BNK_MSCI_WORLD,US88160R1014,53.8,2.6772
2025-02-13,BNK_MSCI_WORLD,US88160R1014,100.17,4.5881
2025-02-14,BNK_MSCI_WORLD,US88160R1014,104.82,4.935
2025-02-17,BNK_MSCI_WORLD,US88160R1014,-27.15,-1.3524
2025-02-18,BNK_MSCI_WORLD,US88160R1014,78.91,3.8963
2025-02-19,BNK_MSCI_WORLD,US88160R1014,72.61,3.8044
2025-02-20,BNK_MSCI_WORLD,US88160R1014,24.56,1.2496
2025-02-21,BNK_MSCI_WORLD,US88160R1014,-73.61,-3.6127
2025-02-24,BNK_MSCI_WORLD,US88160R1014,137.74,6.3726
2025-02-25,BNK_MSCI_WORLD,US88160R1014,-50.12,-2.6794
2025-02-26,BNK_MSCI_WORLD,US88160R1014,-71.39,-3.3219
2025-02-27,BNK_MSCI_WORLD,US88160R1014,22.38,1.1906
2025-02-28,BNK_MSCI_WORLD,US88160R1014,30.4,1.4198
2025-03-03,BNK_MSCI_WORLD,US88160R1014,19.88,0.9156
2025-03-04,BNK_MSCI_WORLD,US88160R1014,-75.04,-3.9454
2025-03-05,BNK_MSCI_WORLD,US88160R1014,1.63,0.0792
2025-03-06,BNK_MSCI_WORLD,US88160R1014,-25.62,-1.2579
2025-03-07,BNK_MSCI_WORLD,US88160R1014,-42.57,-2.1711
2025-03-10,BNK_MSCI_WORLD,US88160R1014,-73.21,-3.3507
2025-03-11,BNK_MSCI_WORLD,US88160R1014,21.46,1.1222
2025-03-12,BNK_MSCI_WORLD,US88160R1014,-88.12,-4.4641
2025-03-13,BNK_MSCI_WORLD,US88160R1014,4.14,0.2242
2025-03-14,BNK_MSCI_WORLD,US88160R1014,49.94,2.5347
2025-03-17,BNK_MSCI_WORLD,US88160R1014,-136.21,-6.2612
2025-03-18,BNK_MSCI_WORLD,US88160R1014,-20.65,-1.0562
2025-03-19,BNK_MSCI_WORLD,US88160R1014,-42.21,-1.9642
2025-03-20,BNK_MSCI_WORLD,US88160R1014,-14.51,-0.7195
2025-03-21,BNK_MSCI_WORLD,US88160R1014,17.18,0.9268
2025-03-24,BNK_MSCI_WORLD,US88160R1014,-6.46,-0.3425
2025-03-25,BNK_MSCI_WORLD,US88160R1014,-36.33,-1.7949
2025-03-26,BNK_MSCI_WORLD,US88160R1014,-94.99,-4.7234
2025-03-27,BNK_MSCI_WORLD,US88160R1014,44.62,2.3509
2025-03-28,BNK_MSCI_WORLD,US88160R1014,8.23,0.4215
2025-03-31,BNK_MSCI_WORLD,US88160R1014,55.18,2.9362
2025-01-02,BNK_MSCI_WORLD,US46625H1005,-99.47,-7.7507
2025-01-03,BNK_MSCI_WORLD,US46625H1005,30.92,2.5904
2025-01-06,BNK_MSCI_WORLD,US46625H1005,-58.17,-4.492
2025-01-07,BNK_MSCI_WORLD,US46625H1005,36.17,2.8283
2025-01-08,BNK_MSCI_WORLD,US46625H1005,115.64,9.1825
2025-01-09,BNK_MSCI_WORLD,US46625H1005,-160.65,-12.7994
2025-01-10,BNK_MSCI_WORLD,US46625H1005,56.17,4.3258
2025-01-13,BNK_MSCI_WORLD,US46625H1005,26.11,2.0378
2025-01-14,BNK_MSCI_WORLD,US46625H1005,10.94,0.8466
2025-01-15,BNK_MSCI_WORLD,US46625H1005,-107.47,-8.7098
2025-01-16,BNK_MSCI_WORLD,US46625H1005,38.69,3.1235
2025-01-17,BNK_MSCI_WORLD,US46625H1005,-46.43,-3.666
2025-01-20,BNK_MSCI_WORLD,US46625H1005,-11.85,-0.9708
2025-01-21,BNK_MSCI_WORLD,US46625H1005,-51.16,-3.979
2025-01-22,BNK_MSCI_WORLD,US46625H1005,3.98,0.3049
2025-01-23,BNK_MSCI_WORLD,US46625H1005,56.5,4.4689
2025-01-24,BNK_MSCI_WORLD,US46625H1005,-19.32,-1.5969
2025-01-27,BNK_MSCI_WORLD,US46625H1005,-2.49,-0.2064
2025-01-28,BNK_MSCI_WORLD,US46625H1005,82.59,6.4077
2025-01-29,BNK_MSCI_WORLD,US46625H1005,-111.13,-8.8432
2025-01-30,BNK_MSCI_WORLD,US46625H1005,41.81,3.3237
2025-01-31,BNK_MSCI_WORLD,US46625H1005,119.6,9.6883
2025-02-03,BNK_MSCI_WORLD,US46625H1005,47.85,3.6421
2025-02-04,BNK_MSCI_WORLD,US46625H1005,-13.12,-1.0914
2025-02-05,BNK_MSCI_WORLD,US46625H1005,59.88,5.069
2025-02-06,BNK_MSCI_WORLD,US46625H1005,13.89,1.0511
2025-02-07,BNK_MSCI_WORLD,US46625H1005,-21.97,-1.6923
2025-02-10,BNK_MSCI_WORLD,US46625H1005,-77.65,-5.8229
2025-02-11,BNK_MSCI_WORLD,US46625H1005,15.45,1.237
2025-02-12,BNK_MSCI_WORLD,US46625H1005,-30.97,-2.4501
2025-02-13,BNK_MSCI_WORLD,US46625H1005,-8.95,-0.7165
2025-02-14,BNK_MSCI_WORLD,US46625H1005,-17.27,-1.3657
2025-02-17,BNK_MSCI_WORLD,US46625H1005,-73.14,-6.0658
2025-02-18,BNK_MSCI_WORLD,US46625H1005,-8.18,-0.6653
2025-02-19,BNK_MSCI_WORLD,US46625H1005,-21.64,-1.734
2025-02-20,BNK_MSCI_WORLD,US46625H1005,91.33,6.761
2025-02-21,BNK_MSCI_WORLD,US46625H1005,-15.5,-1.2867
2025-02-24,BNK_MSCI_WORLD,US46625H1005,-75.78,-5.9038
2025-02-25,BNK_MSCI_WORLD,US46625H1005,-15.29,-1.2204
2025-02-26,BNK_MSCI_WORLD,US46625H1005,-26.89,-2.0972
2025-02-27,BNK_MSCI_WORLD,US46625H1005,49.66,3.9464
2025-02-28,BNK_MSCI_WORLD,US46625H1005,-99.11,-8.242
2025-03-03,BNK_MSCI_WORLD,US46625H1005,14.72,1.1871
2025-03-04,BNK_MSCI_WORLD,US46625H1005,5.56,0.453
2025-03-05,BNK_MSCI_WORLD,US46625H1005,6.39,0.5152
2025-03-06,BNK_MSCI_WORLD,US46625H1005,48.45,3.746
2025-03-07,BNK_MSCI_WORLD,US46625H1005,-99.92,-7.9941
2025-03-10,BNK_MSCI_WORLD,US46625H1005,73.07,5.6084
2025-03-11,BNK_MSCI_WORLD,US46625H1005,37.32,3.0185
2025-03-12,BNK_MSCI_WORLD,US46625H1005,-41.74,-3.4548
2025-03-13,BNK_MSCI_WORLD,US46625H1005,40.41,3.2274
2025-03-14,BNK_MSCI_WORLD,US46625H1005,-19.84,-1.5819
2025-03-17,BNK_MSCI_WORLD,US46625H1005,-71.25,-5.8177
2025-03-18,BNK_MSCI_WORLD,US46625H1005,-47.36,-3.5729
2025-03-19,BNK_MSCI_WORLD,US46625H1005,201.08,16.0071
2025-03-20,BNK_MSCI_WORLD,US46625H1005,-20.12,-1.5396
2025-03-21,BNK_MSCI_WORLD,US46625H1005,-34.86,-2.6608
2025-03-24,BNK_MSCI_WORLD,US46625H1005,-8.7,-0.6839
2025-03-25,BNK_MSCI_WORLD,US46625H1005,-15.26,-1.2001
2025-03-26,BNK_MSCI_WORLD,US46625H1005,-30.97,-2.3824
2025-03-27,BNK_MSCI_WORLD,US46625H1005,22.79,1.7908
2025-03-28,BNK_MSCI_WORLD,US46625H1005,76.39,5.8777
2025-03-31,BNK_MSCI_WORLD,US46625H1005,37.02,2.9439
2025-01-02,BNK_MSCI_WORLD,DE0005140008,19.27,1.3572
2025-01-03,BNK_MSCI_WORLD,DE0005140008,-32.71,-2.1917
2025-01-06,BNK_MSCI_WORLD,DE0005140008,1.11,0.0793
2025-01-07,BNK_MSCI_WORLD,DE0005140008,-61.65,-4.3447
2025-01-08,BNK_MSCI_WORLD,DE0005140008,-16.81,-1.2298
2025-01-09,BNK_MSCI_WORLD,DE0005140008,-17.65,-1.279
2025-01-10,BNK_MSCI_WORLD,DE0005140008,-74.71,-5.3634
2025-01-13,BNK_MSCI_WORLD,DE0005140008,55.91,3.9242
2025-01-14,BNK_MSCI_WORLD,DE0005140008,34.77,2.372
2025-01-15,BNK_MSCI_WORLD,DE0005140008,26.41,1.8261
2025-01-16,BNK_MSCI_WORLD,DE0005140008,-17.85,-1.1683
2025-01-17,BNK_MSCI_WORLD,DE0005140008,-108.33,-8.0935
2025-01-20,BNK_MSCI_WORLD,DE0005140008,-30.35,-2.0807
2025-01-21,BNK_MSCI_WORLD,DE0005140008,-88.1,-6.2599
2025-01-22,BNK_MSCI_WORLD,DE0005140008,-84.06,-6.0312
2025-01-23,BNK_MSCI_WORLD,DE0005140008,73.81,5.2722
2025-01-24,BNK_MSCI_WORLD,DE0005140008,-35.6,-2.6207
2025-01-27,BNK_MSCI_WORLD,DE0005140008,43.43,3.1585
2025-01-28,BNK_MSCI_WORLD,DE0005140008,22.33,1.6161
2025-01-29,BNK_MSCI_WORLD,DE0005140008,68.27,4.8242
2025-01-30,BNK_MSCI_WORLD,DE0005140008,-34.15,-2.4315
2025-01-31,BNK_MSCI_WORLD,DE0005140008,45.56,3.0591
2025-02-03,BNK_MSCI_WORLD,DE0005140008,-24.21,-1.8374
2025-02-04,BNK_MSCI_WORLD,DE0005140008,-119.96,-8.0338
2025-02-05,BNK_MSCI_WORLD,DE0005140008,-10.84,-0.7995
2025-02-06,BNK_MSCI_WORLD,DE0005140008,35.37,2.5203
2025-02-07,BNK_MSCI_WORLD,DE0005140008,35.28,2.5121
2025-02-10,BNK_MSCI_WORLD,DE0005140008,-3.76,-0.2586
2025-02-11,BNK_MSCI_WORLD,DE0005140008,-23.21,-1.688
2025-02-12,BNK_MSCI_WORLD,DE0005140008,-22.9,-1.6445
2025-02-13,BNK_MSCI_WORLD,DE0005140008,-174.92,-11.7138
2025-02-14,BNK_MSCI_WORLD,DE0005140008,75.32,5.6323
2025-02-17,BNK_MSCI_WORLD,DE0005140008,-52.52,-3.8637
2025-02-18,BNK_MSCI_WORLD,DE0005140008,-85.42,-5.7295
2025-02-19,BNK_MSCI_WORLD,DE0005140008,-14.01,-0.9615
2025-02-20,BNK_MSCI_WORLD,DE0005140008,-94.47,-6.8791
2025-02-21,BNK_MSCI_WORLD,DE0005140008,-76.07,-5.5333
2025-02-24,BNK_MSCI_WORLD,DE0005140008,-96.3,-6.5211
2025-02-25,BNK_MSCI_WORLD,DE0005140008,5.72,0.4044
2025-02-26,BNK_MSCI_WORLD,DE0005140008,-16.17,-1.1771
2025-02-27,BNK_MSCI_WORLD,DE0005140008,-21.14,-1.4562
2025-02-28,BNK_MSCI_WORLD,DE0005140008,37.07,2.5048
2025-03-03,BNK_MSCI_WORLD,DE0005140008,-0.36,-0.0265
2025-03-04,BNK_MSCI_WORLD,DE0005140008,19.28,1.3819
2025-03-05,BNK_MSCI_WORLD,DE0005140008,50.11,3.7057
2025-03-06,BNK_MSCI_WORLD,DE0005140008,43.82,3.1699
2025-03-07,BNK_MSCI_WORLD,DE0005140008,64.01,4.2069
2025-03-10,BNK_MSCI_WORLD,DE0005140008,-4.79,-0.3526
2025-03-11,BNK_MSCI_WORLD,DE0005140008,115.65,8.7049
2025-03-12,BNK_MSCI_WORLD,DE0005140008,28.01,1.8413
2025-03-13,BNK_MSCI_WORLD,DE0005140008,-70.21,-4.6086
2025-03-14,BNK_MSCI_WORLD,DE0005140008,-31.04,-2.315
2025-03-17,BNK_MSCI_WORLD,DE0005140008,-6.02,-0.4454
2025-03-18,BNK_MSCI_WORLD,DE0005140008,2.42,0.1618
2025-03-19,BNK_MSCI_WORLD,DE0005140008,52.62,3.8687
2025-03-20,BNK_MSCI_WORLD,DE0005140008,22.73,1.6246
2025-03-21,BNK_MSCI_WORLD,DE0005140008,7.96,0.5767
2025-03-24,BNK_MSCI_WORLD,DE0005140008,-3.82,-0.2532
2025-03-25,BNK_MSCI_WORLD,DE0005140008,-13.93,-0.9218
2025-03-26,BNK_MSCI_WORLD,DE0005140008,9.98,0.6849
2025-03-27,BNK_MSCI_WORLD,DE0005140008,-14.68,-1.0822
2025-03-28,BNK_MSCI_WORLD,DE0005140008,-34.1,-2.4264
2025-03-31,BNK_MSCI_WORLD,DE0005140008,3.21,0.2164
2025-01-02,BNK_MSCI_WORLD,FR0000131104,26.45,2.3924
2025-01-03,BNK_MSCI_WORLD,FR0000131104,57.1,5.1346
2025-01-06,BNK_MSCI_WORLD,FR0000131104,2.48,0.2296
2025-01-07,BNK_MSCI_WORLD,FR0000131104,-20.95,-1.9108
2025-01-08,BNK_MSCI_WORLD,FR0000131104,-24.65,-2.2755
2025-01-09,BNK_MSCI_WORLD,FR0000131104,128.34,11.3698
2025-01-10,BNK_MSCI_WORLD,FR0000131104,-27.53,-2.5578
2025-01-13,BNK_MSCI_WORLD,FR0000131104,50.38,4.667
2025-01-14,BNK_MSCI_WORLD,FR0000131104,-36.51,-3.1534
2025-01-15,BNK_MSCI_WORLD,FR0000131104,-35.92,-3.2799
2025-01-16,BNK_MSCI_WORLD,FR0000131104,82.0,7.7835
2025-01-17,BNK_MSCI_WORLD,FR0000131104,32.1,2.8618
2025-01-20,BNK_MSCI_WORLD,FR0000131104,101.7,9.2009
2025-01-21,BNK_MSCI_WORLD,FR0000131104,30.93,2.8928
2025-01-22,BNK_MSCI_WORLD,FR0000131104,-21.35,-1.9286
2025-01-23,BNK_MSCI_WORLD,FR0000131104,-91.54,-8.3823
2025-01-24,BNK_MSCI_WORLD,FR0000131104,14.58,1.3017
2025-01-27,BNK_MSCI_WORLD,FR0000131104,-10.37,-0.9122
2025-01-28,BNK_MSCI_WORLD,FR0000131104,-17.58,-1.5814
2025-01-29,BNK_MSCI_WORLD,FR0000131104,48.8,4.3579
2025-01-30,BNK_MSCI_WORLD,FR0000131104,12.77,1.0909
2025-01-31,BNK_MSCI_WORLD,FR0000131104,71.66,6.5979
2025-02-03,BNK_MSCI_WORLD,FR0000131104,139.49,12.5914
2025-02-04,BNK_MSCI_WORLD,FR0000131104,-157.24,-14.3876
2025-02-05,BNK_MSCI_WORLD,FR0000131104,-74.41,-6.4708
2025-02-06,BNK_MSCI_WORLD,FR0000131104,-3.39,-0.3015
2025-02-07,BNK_MSCI_WORLD,FR0000131104,60.07,5.4653
2025-02-10,BNK_MSCI_WORLD,FR0000131104,53.15,4.8115
2025-02-11,BNK_MSCI_WORLD,FR0000131104,-66.59,-6.3268
2025-02-12,BNK_MSCI_WORLD,FR0000131104,-38.68,-3.4255
2025-02-13,BNK_MSCI_WORLD,FR0000131104,-14.93,-1.282
2025-02-14,BNK_MSCI_WORLD,FR0000131104,133.57,11.5578
2025-02-17,BNK_MSCI_WORLD,FR0000131104,129.09,11.407
2025-02-18,BNK_MSCI_WORLD,FR0000131104,8.4,0.7753
2025-02-19,BNK_MSCI_WORLD,FR0000131104,91.91,8.4401
2025-02-20,BNK_MSCI_WORLD,FR0000131104,-30.19,-2.708
2025-02-21,BNK_MSCI_WORLD,FR0000131104,-57.09,-5.2899
2025-02-24,BNK_MSCI_WORLD,FR0000131104,-67.27,-6.1708
2025-02-25,BNK_MSCI_WORLD,FR0000131104,-106.33,-8.9898
2025-02-26,BNK_MSCI_WORLD,FR0000131104,88.68,7.9334
2025-02-27,BNK_MSCI_WORLD,FR0000131104,45.15,3.8963
2025-02-28,BNK_MSCI_WORLD,FR0000131104,-38.08,-3.5017
2025-03-03,BNK_MSCI_WORLD,FR0000131104,-29.27,-2.6575
2025-03-04,BNK_MSCI_WORLD,FR0000131104,-97.36,-8.6593
2025-03-05,BNK_MSCI_WORLD,FR0000131104,30.73,2.6174
2025-03-06,BNK_MSCI_WORLD,FR0000131104,135.36,12.7863
2025-03-07,BNK_MSCI_WORLD,FR0000131104,-19.29,-1.7464
2025-03-10,BNK_MSCI_WORLD,FR0000131104,-10.4,-0.9606
2025-03-11,BNK_MSCI_WORLD,FR0000131104,47.59,4.1266
2025-03-12,BNK_MSCI_WORLD,FR0000131104,84.54,7.5687
2025-03-13,BNK_MSCI_WORLD,FR0000131104,10.57,0.976
2025-03-14,BNK_MSCI_WORLD,FR0000131104,-101.66,-8.7205
2025-03-17,BNK_MSCI_WORLD,FR0000131104,-14.61,-1.3048
2025-03-18,BNK_MSCI_WORLD,FR0000131104,4.2,0.3783
2025-03-19,BNK_MSCI_WORLD,FR0000131104,-33.83,-3.0965
2025-03-20,BNK_MSCI_WORLD,FR0000131104,-61.93,-5.274
2025-03-21,BNK_MSCI_WORLD,FR0000131104,18.87,1.686
2025-03-24,BNK_MSCI_WORLD,FR0000131104,-25.83,-2.3966
2025-03-25,BNK_MSCI_WORLD,FR0000131104,75.12,6.9058
2025-03-26,BNK_MSCI_WORLD,FR0000131104,41.65,3.9204
2025-03-27,BNK_MSCI_WORLD,FR0000131104,91.43,8.1756
2025-03-28,BNK_MSCI_WORLD,FR0000131104,157.39,13.4654
2025-03-31,BNK_MSCI_WORLD,FR0000131104,53.02,4.8026
2025-01-02,BNK_MSCI_WORLD,CH0012221716,-52.38,-4.3027
2025-01-03,BNK_MSCI_WORLD,CH0012221716,-79.52,-6.1361
2025-01-06,BNK_MSCI_WORLD,CH0012221716,5.64,0.4809
2025-01-07,BNK_MSCI_WORLD,CH0012221716,-62.09,-4.6552
2025-01-08,BNK_MSCI_WORLD,CH0012221716,-91.51,-6.9771
2025-01-09,BNK_MSCI_WORLD,CH0012221716,-2.72,-0.2089
2025-01-10,BNK_MSCI_WORLD,CH0012221716,102.87,8.6208
2025-01-13,BNK_MSCI_WORLD,CH0012221716,-68.85,-5.6199
2025-01-14,BNK_MSCI_WORLD,CH0012221716,-66.05,-5.488
2025-01-15,BNK_MSCI_WORLD,CH0012221716,20.72,1.5591
2025-01-16,BNK_MSCI_WORLD,CH0012221716,38.74,3.1918
2025-01-17,BNK_MSCI_WORLD,CH0012221716,94.67,7.3604
2025-01-20,BNK_MSCI_WORLD,CH0012221716,-55.63,-4.4461
2025-01-21,BNK_MSCI_WORLD,CH0012221716,21.61,1.6754
2025-01-22,BNK_MSCI_WORLD,CH0012221716,19.71,1.5791
2025-01-23,BNK_MSCI_WORLD,CH0012221716,85.89,6.8019
2025-01-24,BNK_MSCI_WORLD,CH0012221716,-30.74,-2.3083
2025-01-27,BNK_MSCI_WORLD,CH0012221716,6.61,0.5369
2025-01-28,BNK_MSCI_WORLD,CH0012221716,2.55,0.209
2025-01-29,BNK_MSCI_WORLD,CH0012221716,57.11,4.5835
2025-01-30,BNK_MSCI_WORLD,CH0012221716,-160.54,-13.2776
2025-01-31,BNK_MSCI_WORLD,CH0012221716,-104.03,-8.1544
2025-02-03,BNK_MSCI_WORLD,CH0012221716,-68.73,-5.3146
2025-02-04,BNK_MSCI_WORLD,CH0012221716,28.95,2.2724
2025-02-05,BNK_MSCI_WORLD,CH0012221716,20.64,1.7624
2025-02-06,BNK_MSCI_WORLD,CH0012221716,0.12,0.0095
2025-02-07,BNK_MSCI_WORLD,CH0012221716,46.71,3.9075
2025-02-10,BNK_MSCI_WORLD,CH0012221716,-8.35,-0.6285
2025-02-11,BNK_MSCI_WORLD,CH0012221716,-163.89,-12.4732
2025-02-12,BNK_MSCI_WORLD,CH0012221716,-50.79,-4.2658
2025-02-13,BNK_MSCI_WORLD,CH0012221716,-24.29,-2.0708
2025-02-14,BNK_MSCI_WORLD,CH0012221716,-27.69,-2.142
2025-02-17,BNK_MSCI_WORLD,CH0012221716,64.62,4.8975
2025-02-18,BNK_MSCI_WORLD,CH0012221716,-29.57,-2.3186
2025-02-19,BNK_MSCI_WORLD,CH0012221716,108.65,8.6432
2025-02-20,BNK_MSCI_WORLD,CH0012221716,-84.88,-7.046
2025-02-21,BNK_MSCI_WORLD,CH0012221716,-116.21,-9.4321
2025-02-24,BNK_MSCI_WORLD,CH0012221716,-27.39,-2.168
2025-02-25,BNK_MSCI_WORLD,CH0012221716,-6.12,-0.5016
2025-02-26,BNK_MSCI_WORLD,CH0012221716,-26.83,-2.2122
2025-02-27,BNK_MSCI_WORLD,CH0012221716,43.76,3.7303
2025-02-28,BNK_MSCI_WORLD,CH0012221716,25.17,2.1296
2025-03-03,BNK_MSCI_WORLD,CH0012221716,14.23,1.0949
2025-03-04,BNK_MSCI_WORLD,CH0012221716,-22.3,-1.6462
2025-03-05,BNK_MSCI_WORLD,CH0012221716,39.4,3.1386
2025-03-06,BNK_MSCI_WORLD,CH0012221716,-34.04,-2.7823
2025-03-07,BNK_MSCI_WORLD,CH0012221716,-40.87,-3.1955
2025-03-10,BNK_MSCI_WORLD,CH0012221716,-86.88,-6.9661
2025-03-11,BNK_MSCI_WORLD,CH0012221716,-58.39,-4.859
2025-03-12,BNK_MSCI_WORLD,CH0012221716,85.84,7.0889
2025-03-13,BNK_MSCI_WORLD,CH0012221716,-64.92,-5.3244
2025-03-14,BNK_MSCI_WORLD,CH0012221716,-7.93,-0.6053
2025-03-17,BNK_MSCI_WORLD,CH0012221716,54.33,4.5209
2025-03-18,BNK_MSCI_WORLD,CH0012221716,-80.0,-6.7661
2025-03-19,BNK_MSCI_WORLD,CH0012221716,24.62,1.9243
2025-03-20,BNK_MSCI_WORLD,CH0012221716,-43.64,-3.5431
2025-03-21,BNK_MSCI_WORLD,CH0012221716,55.38,4.1941
2025-03-24,BNK_MSCI_WORLD,CH0012221716,24.85,2.089
2025-03-25,BNK_MSCI_WORLD,CH0012221716,-28.25,-2.2906
2025-03-26,BNK_MSCI_WORLD,CH0012221716,-67.72,-5.5032
2025-03-27,BNK_MSCI_WORLD,CH0012221716,85.7,7.0272
2025-03-28,BNK_MSCI_WORLD,CH0012221716,87.71,7.482
2025-03-31,BNK_MSCI_WORLD,CH0012221716,45.67,3.4308
2025-01-02,BNK_MSCI_WORLD,GB0009252882,-130.48,-9.3008
2025-01-03,BNK_MSCI_WORLD,GB0009252882,-19.76,-1.3705
2025-01-06,BNK_MSCI_WORLD,GB0009252882,-9.24,-0.6041
2025-01-07,BNK_MSCI_WORLD,GB0009252882,73.39,4.9089
2025-01-08,BNK_MSCI_WORLD,GB0009252882,14.47,0.9782
2025-01-09,BNK_MSCI_WORLD,GB0009252882,-97.5,-6.9621
2025-01-10,BNK_MSCI_WORLD,GB0009252882,84.76,5.8038
2025-01-13,BNK_MSCI_WORLD,GB0009252882,75.89,5.4091
2025-01-14,BNK_MSCI_WORLD,GB0009252882,31.42,2.2933
2025-01-15,BNK_MSCI_WORLD,GB0009252882,-131.75,-9.5613
2025-01-16,BNK_MSCI_WORLD,GB0009252882,56.2,4.0122
2025-01-17,BNK_MSCI_WORLD,GB0009252882,-31.29,-2.1431
2025-01-20,BNK_MSCI_WORLD,GB0009252882,-41.35,-2.8074
2025-01-21,BNK_MSCI_WORLD,GB0009252882,87.13,5.8207
2025-01-22,BNK_MSCI_WORLD,GB0009252882,-3.3,-0.2276
2025-01-23,BNK_MSCI_WORLD,GB0009252882,171.82,11.4995
2025-01-24,BNK_MSCI_WORLD,GB0009252882,-66.4,-4.6185
2025-01-27,BNK_MSCI_WORLD,GB0009252882,7.91,0.5749
2025-01-28,BNK_MSCI_WORLD,GB0009252882,-8.13,-0.5579
2025-01-29,BNK_MSCI_WORLD,GB0009252882,-79.91,-5.8297
2025-01-30,BNK_MSCI_WORLD,GB0009252882,54.33,3.9911
2025-01-31,BNK_MSCI_WORLD,GB0009252882,1.96,0.139
2025-02-03,BNK_MSCI_WORLD,GB0009252882,24.39,1.6799
2025-02-04,BNK_MSCI_WORLD,GB0009252882,145.3,9.8506
2025-02-05,BNK_MSCI_WORLD,GB0009252882,-101.46,-7.31
2025-02-06,BNK_MSCI_WORLD,GB0009252882,7.06,0.5134
2025-02-07,BNK_MSCI_WORLD,GB0009252882,9.95,0.6718
2025-02-10,BNK_MSCI_WORLD,GB0009252882,36.5,2.5998
2025-02-11,BNK_MSCI_WORLD,GB0009252882,-60.52,-4.3359
2025-02-12,BNK_MSCI_WORLD,GB0009252882,28.4,2.0576
2025-02-13,BNK_MSCI_WORLD,GB0009252882,-115.26,-8.4591
2025-02-14,BNK_MSCI_WORLD,GB0009252882,35.82,2.4298
2025-02-17,BNK_MSCI_WORLD,GB0009252882,-30.73,-2.0406
2025-02-18,BNK_MSCI_WORLD,GB0009252882,95.95,6.8495
2025-02-19,BNK_MSCI_WORLD,GB0009252882,-49.69,-3.2939
2025-02-20,BNK_MSCI_WORLD,GB0009252882,-34.66,-2.3585
2025-02-21,BNK_MSCI_WORLD,GB0009252882,-12.11,-0.8135
2025-02-24,BNK_MSCI_WORLD,GB0009252882,56.05,3.8986
2025-02-25,BNK_MSCI_WORLD,GB0009252882,-91.38,-5.9422
2025-02-26,BNK_MSCI_WORLD,GB0009252882,87.28,5.7898
2025-02-27,BNK_MSCI_WORLD,GB0009252882,-26.0,-1.7731
2025-02-28,BNK_MSCI_WORLD,GB0009252882,-52.49,-3.809
2025-03-03,BNK_MSCI_WORLD,GB0009252882,-3.49,-0.2489
2025-03-04,BNK_MSCI_WORLD,GB0009252882,-59.49,-4.3628
2025-03-05,BNK_MSCI_WORLD,GB0009252882,-25.12,-1.8582
2025-03-06,BNK_MSCI_WORLD,GB0009252882,43.5,2.9996
2025-03-07,BNK_MSCI_WORLD,GB0009252882,-31.23,-2.1998
2025-03-10,BNK_MSCI_WORLD,GB0009252882,-95.94,-6.9383
2025-03-11,BNK_MSCI_WORLD,GB0009252882,-16.43,-1.1054
2025-03-12,BNK_MSCI_WORLD,GB0009252882,61.14,4.0887
2025-03-13,BNK_MSCI_WORLD,GB0009252882,-25.69,-1.8456
2025-03-14,BNK_MSCI_WORLD,GB0009252882,132.84,9.803
2025-03-17,BNK_MSCI_WORLD,GB0009252882,112.87,8.2221
2025-03-18,BNK_MSCI_WORLD,GB0009252882,-17.51,-1.249
2025-03-19,BNK_MSCI_WORLD,GB0009252882,-3.74,-0.2753
2025-03-20,BNK_MSCI_WORLD,GB0009252882,-94.21,-6.3719
2025-03-21,BNK_MSCI_WORLD,GB0009252882,2.89,0.2125
2025-03-24,BNK_MSCI_WORLD,GB0009252882,-23.98,-1.656
2025-03-25,BNK_MSCI_WORLD,GB0009252882,-55.96,-4.1712
2025-03-26,BNK_MSCI_WORLD,GB0009252882,75.8,5.541
2025-03-27,BNK_MSCI_WORLD,GB0009252882,20.18,1.3455
2025-03-28,BNK_MSCI_WORLD,GB0009252882,32.99,2.1703
2025-03-31,BNK_MSCI_WORLD,GB0009252882,31.84,2.3025
2025-01-02,BNK_MSCI_WORLD,JP3633400001,85.39,6.5123
2025-01-03,BNK_MSCI_WORLD,JP3633400001,-81.76,-6.8567
2025-01-06,BNK_MSCI_WORLD,JP3633400001,40.33,3.0511
2025-01-07,BNK_MSCI_WORLD,JP3633400001,-38.75,-3.0098
2025-01-08,BNK_MSCI_WORLD,JP3633400001,33.22,2.6342
2025-01-09,BNK_MSCI_WORLD,JP3633400001,-49.06,-3.8062
2025-01-10,BNK_MSCI_WORLD,JP3633400001,-82.89,-7.014
2025-01-13,BNK_MSCI_WORLD,JP3633400001,-17.82,-1.3775
2025-01-14,BNK_MSCI_WORLD,JP3633400001,-16.5,-1.3922
2025-01-15,BNK_MSCI_WORLD,JP3633400001,42.11,3.4499
2025-01-16,BNK_MSCI_WORLD,JP3633400001,33.33,2.5448
2025-01-17,BNK_MSCI_WORLD,JP3633400001,-99.75,-7.883
2025-01-20,BNK_MSCI_WORLD,JP3633400001,-19.94,-1.6723
2025-01-21,BNK_MSCI_WORLD,JP3633400001,44.82,3.6213
2025-01-22,BNK_MSCI_WORLD,JP3633400001,65.02,5.4023
2025-01-23,BNK_MSCI_WORLD,JP3633400001,-4.77,-0.3663
2025-01-24,BNK_MSCI_WORLD,JP3633400001,26.46,2.0716
2025-01-27,BNK_MSCI_WORLD,JP3633400001,-51.95,-4.1592
2025-01-28,BNK_MSCI_WORLD,JP3633400001,-18.37,-1.5064
2025-01-29,BNK_MSCI_WORLD,JP3633400001,31.92,2.4413
2025-01-30,BNK_MSCI_WORLD,JP3633400001,95.86,8.0103
2025-01-31,BNK_MSCI_WORLD,JP3633400001,-38.16,-3.2195
2025-02-03,BNK_MSCI_WORLD,JP3633400001,-60.03,-4.7889
2025-02-04,BNK_MSCI_WORLD,JP3633400001,52.93,4.1487
2025-02-05,BNK_MSCI_WORLD,JP3633400001,57.44,4.4064
2025-02-06,BNK_MSCI_WORLD,JP3633400001,15.58,1.2597
2025-02-07,BNK_MSCI_WORLD,JP3633400001,-44.92,-3.6024
2025-02-10,BNK_MSCI_WORLD,JP3633400001,27.34,2.2846
2025-02-11,BNK_MSCI_WORLD,JP3633400001,72.95,6.0795
2025-02-12,BNK_MSCI_WORLD,JP3633400001,-65.26,-5.0462
2025-02-13,BNK_MSCI_WORLD,JP3633400001,-41.61,-3.3945
2025-02-14,BNK_MSCI_WORLD,JP3633400001,-23.9,-1.9655
2025-02-17,BNK_MSCI_WORLD,JP3633400001,-16.2,-1.3653
2025-02-18,BNK_MSCI_WORLD,JP3633400001,-25.83,-2.1313
2025-02-19,BNK_MSCI_WORLD,JP3633400001,33.53,2.7997
2025-02-20,BNK_MSCI_WORLD,JP3633400001,30.56,2.5254
2025-02-21,BNK_MSCI_WORLD,JP3633400001,14.05,1.1049
2025-02-24,BNK_MSCI_WORLD,JP3633400001,-78.49,-6.1917
2025-02-25,BNK_MSCI_WORLD,JP3633400001,-85.21,-6.8167
2025-02-26,BNK_MSCI_WORLD,JP3633400001,55.05,4.2718
2025-02-27,BNK_MSCI_WORLD,JP3633400001,-60.82,-4.8687
2025-02-28,BNK_MSCI_WORLD,JP3633400001,27.17,2.0776
2025-03-03,BNK_MSCI_WORLD,JP3633400001,-49.82,-4.1482
2025-03-04,BNK_MSCI_WORLD,JP3633400001,50.84,4.1605
2025-03-05,BNK_MSCI_WORLD,JP3633400001,-43.95,-3.3032
2025-03-06,BNK_MSCI_WORLD,JP3633400001,2.93,0.2234
2025-03-07,BNK_MSCI_WORLD,JP3633400001,-38.43,-3.2074
2025-03-10,BNK_MSCI_WORLD,JP3633400001,-126.84,-10.7016
2025-03-11,BNK_MSCI_WORLD,JP3633400001,180.09,14.0197
2025-03-12,BNK_MSCI_WORLD,JP3633400001,0.6,0.0496
2025-03-13,BNK_MSCI_WORLD,JP3633400001,81.35,6.511
2025-03-14,BNK_MSCI_WORLD,JP3633400001,-138.43,-11.2792
2025-03-17,BNK_MSCI_WORLD,JP3633400001,-31.44,-2.5799
2025-03-18,BNK_MSCI_WORLD,JP3633400001,20.69,1.7151
2025-03-19,BNK_MSCI_WORLD,JP3633400001,-133.8,-11.0542
2025-03-20,BNK_MSCI_WORLD,JP3633400001,-6.59,-0.5212
2025-03-21,BNK_MSCI_WORLD,JP3633400001,34.04,2.7829
2025-03-24,BNK_MSCI_WORLD,JP3633400001,108.92,8.4462
2025-03-25,BNK_MSCI_WORLD,JP3633400001,9.23,0.7089
2025-03-26,BNK_MSCI_WORLD,JP3633400001,-77.6,-6.3328
2025-03-27,BNK_MSCI_WORLD,JP3633400001,-79.83,-6.4618
2025-03-28,BNK_MSCI_WORLD,JP3633400001,-134.47,-10.7816
2025-03-31,BNK_MSCI_WORLD,JP3633400001,-107.24,-9.0614
2025-01-02,BNK_MSCI_WORLD,AU000000BHP4,-55.12,-2.8891
2025-01-03,BNK_MSCI_WORLD,AU000000BHP4,74.83,3.5857
2025-01-06,BNK_MSCI_WORLD,AU000000BHP4,-48.78,-2.514
2025-01-07,BNK_MSCI_WORLD,AU000000BHP4,-122.24,-6.4548
2025-01-08,BNK_MSCI_WORLD,AU000000BHP4,-55.44,-2.7161
2025-01-09,BNK_MSCI_WORLD,AU000000BHP4,27.28,1.402
2025-01-10,BNK_MSCI_WORLD,AU000000BHP4,88.08,4.2068
2025-01-13,BNK_MSCI_WORLD,AU000000BHP4,-96.33,-4.3183
2025-01-14,BNK_MSCI_WORLD,AU000000BHP4,39.63,1.9649
2025-01-15,BNK_MSCI_WORLD,AU000000BHP4,12.51,0.6697
2025-01-16,BNK_MSCI_WORLD,AU000000BHP4,42.68,2.1333
2025-01-17,BNK_MSCI_WORLD,AU000000BHP4,-23.39,-1.1681
2025-01-20,BNK_MSCI_WORLD,AU000000BHP4,12.06,0.5897
2025-01-21,BNK_MSCI_WORLD,AU000000BHP4,22.88,1.0912
2025-01-22,BNK_MSCI_WORLD,AU000000BHP4,-5.37,-0.2767
2025-01-23,BNK_MSCI_WORLD,AU000000BHP4,-34.71,-1.8501
2025-01-24,BNK_MSCI_WORLD,AU000000BHP4,-77.05,-3.8118
2025-01-27,BNK_MSCI_WORLD,AU000000BHP4,-148.54,-7.2556
2025-01-28,BNK_MSCI_WORLD,AU000000BHP4,72.19,3.6035
2025-01-29,BNK_MSCI_WORLD,AU000000BHP4,75.76,4.1183
2025-01-30,BNK_MSCI_WORLD,AU000000BHP4,-28.87,-1.4745
2025-01-31,BNK_MSCI_WORLD,AU000000BHP4,-34.29,-1.6521
2025-02-03,BNK_MSCI_WORLD,AU000000BHP4,33.11,1.6947
2025-02-04,BNK_MSCI_WORLD,AU000000BHP4,-12.88,-0.6252
2025-02-05,BNK_MSCI_WORLD,AU000000BHP4,108.65,4.9913
2025-02-06,BNK_MSCI_WORLD,AU000000BHP4,57.3,2.8159
2025-02-07,BNK_MSCI_WORLD,AU000000BHP4,-75.82,-3.7317
2025-02-10,BNK_MSCI_WORLD,AU000000BHP4,-50.85,-2.7466
2025-02-11,BNK_MSCI_WORLD,AU000000BHP4,81.39,3.9338
2025-02-12,BNK_MSCI_WORLD,AU000000BHP4,-36.97,-1.6645
2025-02-13,BNK_MSCI_WORLD,AU000000BHP4,-11.14,-0.5355
2025-02-14,BNK_MSCI_WORLD,AU000000BHP4,-20.34,-0.9615
2025-02-17,BNK_MSCI_WORLD,AU000000BHP4,103.28,4.8033
2025-02-18,BNK_MSCI_WORLD,AU000000BHP4,-83.82,-3.8671
2025-02-19,BNK_MSCI_WORLD,AU000000BHP4,54.3,2.4439
2025-02-20,BNK_MSCI_WORLD,AU000000BHP4,-101.05,-5.3154
2025-02-21,BNK_MSCI_WORLD,AU000000BHP4,-92.16,-4.7997
2025-02-24,BNK_MSCI_WORLD,AU000000BHP4,-69.42,-3.2201
2025-02-25,BNK_MSCI_WORLD,AU000000BHP4,-29.87,-1.582
2025-02-26,BNK_MSCI_WORLD,AU000000BHP4,-75.19,-3.9772
2025-02-27,BNK_MSCI_WORLD,AU000000BHP4,-63.85,-3.2131
2025-02-28,BNK_MSCI_WORLD,AU000000BHP4,45.74,2.1036
2025-03-03,BNK_MSCI_WORLD,AU000000BHP4,138.35,6.9553
2025-03-04,BNK_MSCI_WORLD,AU000000BHP4,-59.37,-2.9101
2025-03-05,BNK_MSCI_WORLD,AU000000BHP4,-41.98,-2.0643
2025-03-06,BNK_MSCI_WORLD,AU000000BHP4,4.04,0.2085
2025-03-07,BNK_MSCI_WORLD,AU000000BHP4,49.41,2.4489
2025-03-10,BNK_MSCI_WORLD,AU000000BHP4,-5.78,-0.2707
2025-03-11,BNK_MSCI_WORLD,AU000000BHP4,-10.1,-0.4663
2025-03-12,BNK_MSCI_WORLD,AU000000BHP4,-63.33,-3.1044
2025-03-13,BNK_MSCI_WORLD,AU000000BHP4,12.9,0.6169
2025-03-14,BNK_MSCI_WORLD,AU000000BHP4,57.31,3.0379
2025-03-17,BNK_MSCI_WORLD,AU000000BHP4,-1.29,-0.0608
2025-03-18,BNK_MSCI_WORLD,AU000000BHP4,58.77,2.8515
2025-03-19,BNK_MSCI_WORLD,AU000000BHP4,-4.39,-0.2123
2025-03-20,BNK_MSCI_WORLD,AU000000BHP4,36.27,1.7478
2025-03-21,BNK_MSCI_WORLD,AU000000BHP4,70.66,3.5783
2025-03-24,BNK_MSCI_WORLD,AU000000BHP4,3.46,0.1727
2025-03-25,BNK_MSCI_WORLD,AU000000BHP4,53.84,2.4841
2025-03-26,BNK_MSCI_WORLD,AU000000BHP4,-45.14,-2.3138
2025-03-27,BNK_MSCI_WORLD,AU000000BHP4,-80.22,-4.1313
2025-03-28,BNK_MSCI_WORLD,AU000000BHP4,-36.67,-1.9434
2025-03-31,BNK_MSCI_WORLD,AU000000BHP4,-33.4,-1.5473
2025-01-02,BNK_MSCI_WORLD,HK0000069689,16.53,0.8497
2025-01-03,BNK_MSCI_WORLD,HK0000069689,30.92,1.4132
2025-01-06,BNK_MSCI_WORLD,HK0000069689,117.27,5.4452
2025-01-07,BNK_MSCI_WORLD,HK0000069689,94.65,4.5422
2025-01-08,BNK_MSCI_WORLD,HK0000069689,-32.71,-1.7133
2025-01-09,BNK_MSCI_WORLD,HK0000069689,50.18,2.6245
2025-01-10,BNK_MSCI_WORLD,HK0000069689,69.34,3.139
2025-01-13,BNK_MSCI_WORLD,HK0000069689,96.57,4.6942
2025-01-14,BNK_MSCI_WORLD,HK0000069689,59.83,2.7151
2025-01-15,BNK_MSCI_WORLD,HK0000069689,57.36,2.9232
2025-01-16,BNK_MSCI_WORLD,HK0000069689,68.31,3.1251
2025-01-17,BNK_MSCI_WORLD,HK0000069689,76.19,3.5558
2025-01-20,BNK_MSCI_WORLD,HK0000069689,82.72,4.0122
2025-01-21,BNK_MSCI_WORLD,HK0000069689,-20.59,-1.0696
2025-01-22,BNK_MSCI_WORLD,HK0000069689,32.39,1.5771
2025-01-23,BNK_MSCI_WORLD,HK0000069689,37.14,1.8894
2025-01-24,BNK_MSCI_WORLD,HK0000069689,44.72,2.0829
2025-01-27,BNK_MSCI_WORLD,HK0000069689,-17.05,-0.835
2025-01-28,BNK_MSCI_WORLD,HK0000069689,71.5,3.3508
2025-01-29,BNK_MSCI_WORLD,HK0000069689,48.36,2.2018
2025-01-30,BNK_MSCI_WORLD,HK0000069689,-2.8,-0.1253
2025-01-31,BNK_MSCI_WORLD,HK0000069689,142.23,7.7638
2025-02-03,BNK_MSCI_WORLD,HK0000069689,-67.85,-3.1318
2025-02-04,BNK_MSCI_WORLD,HK0000069689,-126.5,-6.3459
2025-02-05,BNK_MSCI_WORLD,HK0000069689,-143.53,-6.5128
2025-02-06,BNK_MSCI_WORLD,HK0000069689,48.79,2.278
2025-02-07,BNK_MSCI_WORLD,HK0000069689,-15.27,-0.7723
2025-02-10,BNK_MSCI_WORLD,HK0000069689,46.54,2.4199
2025-02-11,BNK_MSCI_WORLD,HK0000069689,-136.31,-6.2326
2025-02-12,BNK_MSCI_WORLD,HK0000069689,-8.63,-0.4646
2025-02-13,BNK_MSCI_WORLD,HK0000069689,39.53,1.819
2025-02-14,BNK_MSCI_WORLD,HK0000069689,-28.44,-1.4298
2025-02-17,BNK_MSCI_WORLD,HK0000069689,28.46,1.4208
2025-02-18,BNK_MSCI_WORLD,HK0000069689,-18.13,-0.8458
2025-02-19,BNK_MSCI_WORLD,HK0000069689,-40.57,-2.1964
2025-02-20,BNK_MSCI_WORLD,HK0000069689,62.08,2.9465
2025-02-21,BNK_MSCI_WORLD,HK0000069689,111.0,5.2125
2025-02-24,BNK_MSCI_WORLD,HK0000069689,12.24,0.5763
2025-02-25,BNK_MSCI_WORLD,HK0000069689,14.58,0.7245
2025-02-26,BNK_MSCI_WORLD,HK0000069689,-102.24,-5.2743
2025-02-27,BNK_MSCI_WORLD,HK0000069689,24.94,1.3649
2025-02-28,BNK_MSCI_WORLD,HK0000069689,-102.92,-5.2493
2025-03-03,BNK_MSCI_WORLD,HK0000069689,-141.71,-7.0411
2025-03-04,BNK_MSCI_WORLD,HK0000069689,-64.49,-3.2151
2025-03-05,BNK_MSCI_WORLD,HK0000069689,23.69,1.237
2025-03-06,BNK_MSCI_WORLD,HK0000069689,-43.74,-2.302
2025-03-07,BNK_MSCI_WORLD,HK0000069689,-12.38,-0.6813
2025-03-10,BNK_MSCI_WORLD,HK0000069689,22.2,1.1361
2025-03-11,BNK_MSCI_WORLD,HK0000069689,20.2,0.9853
2025-03-12,BNK_MSCI_WORLD,HK0000069689,-23.46,-1.2399
2025-03-13,BNK_MSCI_WORLD,HK0000069689,56.43,2.5787
2025-03-14,BNK_MSCI_WORLD,HK0000069689,61.86,2.8056
2025-03-17,BNK_MSCI_WORLD,HK0000069689,-44.99,-2.3162
2025-03-18,BNK_MSCI_WORLD,HK0000069689,-55.36,-2.4959
2025-03-19,BNK_MSCI_WORLD,HK0000069689,-20.21,-0.9605
2025-03-20,BNK_MSCI_WORLD,HK0000069689,30.83,1.6304
2025-03-21,BNK_MSCI_WORLD,HK0000069689,39.69,1.9047
2025-03-24,BNK_MSCI_WORLD,HK0000069689,70.88,3.5484
2025-03-25,BNK_MSCI_WORLD,HK0000069689,-53.5,-2.7698
2025-03-26,BNK_MSCI_WORLD,HK0000069689,-33.63,-1.5749
2025-03-27,BNK_MSCI_WORLD,HK0000069689,57.6,2.6891
2025-03-28,BNK_MSCI_WORLD,HK0000069689,45.18,2.0604
2025-03-31,BNK_MSCI_WORLD,HK0000069689,-66.29,-3.179
2025-01-02,BNK_MSCI_EUR,DE0005140008,-44.55,-8.078
2025-01-03,BNK_MSCI_EUR,DE0005140008,60.03,10.9235
2025-01-06,BNK_MSCI_EUR,DE0005140008,-51.5,-9.4015
2025-01-07,BNK_MSCI_EUR,DE0005140008,-55.53,-10.224
2025-01-08,BNK_MSCI_EUR,DE0005140008,54.57,9.7655
2025-01-09,BNK_MSCI_EUR,DE0005140008,-12.61,-2.2128
2025-01-10,BNK_MSCI_EUR,DE0005140008,-58.42,-10.6389
2025-01-13,BNK_MSCI_EUR,DE0005140008,44.84,7.9423
2025-01-14,BNK_MSCI_EUR,DE0005140008,-84.7,-15.3028
2025-01-15,BNK_MSCI_EUR,DE0005140008,3.72,0.6668
2025-01-16,BNK_MSCI_EUR,DE0005140008,-21.38,-3.8594
2025-01-17,BNK_MSCI_EUR,DE0005140008,-35.76,-6.4044
2025-01-20,BNK_MSCI_EUR,DE0005140008,-44.82,-8.1963
2025-01-21,BNK_MSCI_EUR,DE0005140008,-15.45,-2.7213
2025-01-22,BNK_MSCI_EUR,DE0005140008,-9.76,-1.7708
2025-01-23,BNK_MSCI_EUR,DE0005140008,-62.59,-11.2822
2025-01-24,BNK_MSCI_EUR,DE0005140008,35.36,6.5023
2025-01-27,BNK_MSCI_EUR,DE0005140008,-44.22,-7.9998
2025-01-28,BNK_MSCI_EUR,DE0005140008,-27.47,-5.0018
2025-01-29,BNK_MSCI_EUR,DE0005140008,14.91,2.6253
2025-01-30,BNK_MSCI_EUR,DE0005140008,2.9,0.5126
2025-01-31,BNK_MSCI_EUR,DE0005140008,-9.91,-1.7906
2025-02-03,BNK_MSCI_EUR,DE0005140008,-111.83,-20.3682
2025-02-04,BNK_MSCI_EUR,DE0005140008,24.61,4.3715
2025-02-05,BNK_MSCI_EUR,DE0005140008,-59.56,-10.7142
2025-02-06,BNK_MSCI_EUR,DE0005140008,-73.9,-13.3249
2025-02-07,BNK_MSCI_EUR,DE0005140008,93.62,16.4419
2025-02-10,BNK_MSCI_EUR,DE0005140008,-75.88,-13.9424
2025-02-11,BNK_MSCI_EUR,DE0005140008,46.31,8.3913
2025-02-12,BNK_MSCI_EUR,DE0005140008,-85.73,-15.8221
2025-02-13,BNK_MSCI_EUR,DE0005140008,-97.24,-17.1603
2025-02-14,BNK_MSCI_EUR,DE0005140008,88.24,16.2414
2025-02-17,BNK_MSCI_EUR,DE0005140008,-71.46,-12.6705
2025-02-18,BNK_MSCI_EUR,DE0005140008,-56.65,-10.0344
2025-02-19,BNK_MSCI_EUR,DE0005140008,-9.75,-1.7592
2025-02-20,BNK_MSCI_EUR,DE0005140008,-29.81,-5.2994
2025-02-21,BNK_MSCI_EUR,DE0005140008,17.27,3.0347
2025-02-24,BNK_MSCI_EUR,DE0005140008,14.47,2.6667
2025-02-25,BNK_MSCI_EUR,DE0005140008,-25.46,-4.6652
2025-02-26,BNK_MSCI_EUR,DE0005140008,-12.46,-2.1768
2025-02-27,BNK_MSCI_EUR,DE0005140008,-9.68,-1.783
2025-02-28,BNK_MSCI_EUR,DE0005140008,61.0,10.8192
2025-03-03,BNK_MSCI_EUR,DE0005140008,-24.43,-4.474
2025-03-04,BNK_MSCI_EUR,DE0005140008,-32.16,-5.8223
2025-03-05,BNK_MSCI_EUR,DE0005140008,88.33,15.6937
2025-03-06,BNK_MSCI_EUR,DE0005140008,-13.15,-2.3342
2025-03-07,BNK_MSCI_EUR,DE0005140008,13.6,2.3744
2025-03-10,BNK_MSCI_EUR,DE0005140008,5.86,1.0413
2025-03-11,BNK_MSCI_EUR,DE0005140008,44.38,7.8003
2025-03-12,BNK_MSCI_EUR,DE0005140008,155.36,27.5741
2025-03-13,BNK_MSCI_EUR,DE0005140008,31.22,5.7054
2025-03-14,BNK_MSCI_EUR,DE0005140008,38.59,6.9261
2025-03-17,BNK_MSCI_EUR,DE0005140008,-120.93,-21.4356
2025-03-18,BNK_MSCI_EUR,DE0005140008,44.2,8.0669
2025-03-19,BNK_MSCI_EUR,DE0005140008,-47.11,-8.4323
2025-03-20,BNK_MSCI_EUR,DE0005140008,-38.95,-6.8773
2025-03-21,BNK_MSCI_EUR,DE0005140008,14.87,2.7145
2025-03-24,BNK_MSCI_EUR,DE0005140008,29.91,5.4194
2025-03-25,BNK_MSCI_EUR,DE0005140008,-53.97,-9.584
2025-03-26,BNK_MSCI_EUR,DE0005140008,-4.68,-0.8323
2025-03-27,BNK_MSCI_EUR,DE0005140008,67.47,12.2976
2025-03-28,BNK_MSCI_EUR,DE0005140008,13.31,2.3999
2025-03-31,BNK_MSCI_EUR,DE0005140008,-40.03,-7.1599
2025-01-02,BNK_MSCI_EUR,FR0000131104,60.29,13.0061
2025-01-03,BNK_MSCI_EUR,FR0000131104,-9.44,-2.0263
2025-01-06,BNK_MSCI_EUR,FR0000131104,-105.84,-23.104
2025-01-07,BNK_MSCI_EUR,FR0000131104,-15.07,-3.2935
2025-01-08,BNK_MSCI_EUR,FR0000131104,72.17,15.9587
2025-01-09,BNK_MSCI_EUR,FR0000131104,49.89,11.1936
2025-01-10,BNK_MSCI_EUR,FR0000131104,-50.58,-11.1157
2025-01-13,BNK_MSCI_EUR,FR0000131104,22.82,5.1325
2025-01-14,BNK_MSCI_EUR,FR0000131104,-2.69,-0.6037
2025-01-15,BNK_MSCI_EUR,FR0000131104,40.92,9.1568
2025-01-16,BNK_MSCI_EUR,FR0000131104,-54.22,-11.74
2025-01-17,BNK_MSCI_EUR,FR0000131104,-79.81,-17.5897
2025-01-20,BNK_MSCI_EUR,FR0000131104,11.4,2.4889
2025-01-21,BNK_MSCI_EUR,FR0000131104,93.02,20.2612
2025-01-22,BNK_MSCI_EUR,FR0000131104,-12.53,-2.7331
2025-01-23,BNK_MSCI_EUR,FR0000131104,7.97,1.773
2025-01-24,BNK_MSCI_EUR,FR0000131104,-14.03,-3.097
2025-01-27,BNK_MSCI_EUR,FR0000131104,8.87,1.9686
2025-01-28,BNK_MSCI_EUR,FR0000131104,13.2,2.848
2025-01-29,BNK_MSCI_EUR,FR0000131104,40.83,8.9532
2025-01-30,BNK_MSCI_EUR,FR0000131104,-73.93,-16.5136
2025-01-31,BNK_MSCI_EUR,FR0000131104,67.94,14.9083
2025-02-03,BNK_MSCI_EUR,FR0000131104,-99.8,-21.6713
2025-02-04,BNK_MSCI_EUR,FR0000131104,47.15,10.338
2025-02-05,BNK_MSCI_EUR,FR0000131104,99.58,21.766
2025-02-06,BNK_MSCI_EUR,FR0000131104,-71.91,-15.65
2025-02-07,BNK_MSCI_EUR,FR0000131104,26.33,5.7819
2025-02-10,BNK_MSCI_EUR,FR0000131104,-64.18,-13.8686
2025-02-11,BNK_MSCI_EUR,FR0000131104,-84.91,-18.5118
2025-02-12,BNK_MSCI_EUR,FR0000131104,64.87,14.1427
2025-02-13,BNK_MSCI_EUR,FR0000131104,94.62,20.8986
2025-02-14,BNK_MSCI_EUR,FR0000131104,29.34,6.4132
2025-02-17,BNK_MSCI_EUR,FR0000131104,9.71,2.1154
2025-02-18,BNK_MSCI_EUR,FR0000131104,-11.11,-2.4667
2025-02-19,BNK_MSCI_EUR,FR0000131104,111.92,25.2324
2025-02-20,BNK_MSCI_EUR,FR0000131104,126.72,28.0327
2025-02-21,BNK_MSCI_EUR,FR0000131104,-94.82,-20.7553
2025-02-24,BNK_MSCI_EUR,FR0000131104,-44.97,-9.8228
2025-02-25,BNK_MSCI_EUR,FR0000131104,-59.43,-13.2715
2025-02-26,BNK_MSCI_EUR,FR0000131104,111.47,24.2148
2025-02-27,BNK_MSCI_EUR,FR0000131104,55.86,12.2609
2025-02-28,BNK_MSCI_EUR,FR0000131104,20.08,4.5065
2025-03-03,BNK_MSCI_EUR,FR0000131104,30.33,6.6914
2025-03-04,BNK_MSCI_EUR,FR0000131104,133.68,29.9191
2025-03-05,BNK_MSCI_EUR,FR0000131104,-104.96,-22.9075
2025-03-06,BNK_MSCI_EUR,FR0000131104,-48.47,-10.6544
2025-03-07,BNK_MSCI_EUR,FR0000131104,47.14,10.4092
2025-03-10,BNK_MSCI_EUR,FR0000131104,18.24,4.0396
2025-03-11,BNK_MSCI_EUR,FR0000131104,0.96,0.2121
2025-03-12,BNK_MSCI_EUR,FR0000131104,27.84,6.0787
2025-03-13,BNK_MSCI_EUR,FR0000131104,37.53,8.2406
2025-03-14,BNK_MSCI_EUR,FR0000131104,43.48,9.3748
2025-03-17,BNK_MSCI_EUR,FR0000131104,-2.02,-0.4473
2025-03-18,BNK_MSCI_EUR,FR0000131104,70.75,15.266
2025-03-19,BNK_MSCI_EUR,FR0000131104,-2.94,-0.642
2025-03-20,BNK_MSCI_EUR,FR0000131104,25.15,5.6272
2025-03-21,BNK_MSCI_EUR,FR0000131104,-34.05,-7.4392
2025-03-24,BNK_MSCI_EUR,FR0000131104,-63.21,-13.9801
2025-03-25,BNK_MSCI_EUR,FR0000131104,29.69,6.3767
2025-03-26,BNK_MSCI_EUR,FR0000131104,-1.67,-0.37
2025-03-27,BNK_MSCI_EUR,FR0000131104,0.04,0.0087
2025-03-28,BNK_MSCI_EUR,FR0000131104,-11.42,-2.5656
2025-03-31,BNK_MSCI_EUR,FR0000131104,-19.69,-4.3542
2025-01-02,BNK_MSCI_EUR,CH0012221716,-56.5,-11.2791
2025-01-03,BNK_MSCI_EUR,CH0012221716,9.9,1.9701
2025-01-06,BNK_MSCI_EUR,CH0012221716,29.35,5.8485
2025-01-07,BNK_MSCI_EUR,CH0012221716,64.9,12.6893
2025-01-08,BNK_MSCI_EUR,CH0012221716,33.04,6.6484
2025-01-09,BNK_MSCI_EUR,CH0012221716,-15.31,-3.0875
2025-01-10,BNK_MSCI_EUR,CH0012221716,-18.6,-3.6782
2025-01-13,BNK_MSCI_EUR,CH0012221716,-43.45,-8.5802
2025-01-14,BNK_MSCI_EUR,CH0012221716,-20.75,-4.0868
2025-01-15,BNK_MSCI_EUR,CH0012221716,23.57,4.7029
2025-01-16,BNK_MSCI_EUR,CH0012221716,-40.35,-8.1659
2025-01-17,BNK_MSCI_EUR,CH0012221716,-62.68,-12.6655
2025-01-20,BNK_MSCI_EUR,CH0012221716,-38.37,-7.4701
2025-01-21,BNK_MSCI_EUR,CH0012221716,-67.82,-13.7012
2025-01-22,BNK_MSCI_EUR,CH0012221716,-36.72,-7.5232
2025-01-23,BNK_MSCI_EUR,CH0012221716,3.59,0.7137
2025-01-24,BNK_MSCI_EUR,CH0012221716,-6.82,-1.3537
2025-01-27,BNK_MSCI_EUR,CH0012221716,-8.4,-1.7085
2025-01-28,BNK_MSCI_EUR,CH0012221716,17.21,3.3856
2025-01-29,BNK_MSCI_EUR,CH0012221716,65.98,13.212
2025-01-30,BNK_MSCI_EUR,CH0012221716,16.92,3.4205
2025-01-31,BNK_MSCI_EUR,CH0012221716,-36.18,-7.3035
2025-02-03,BNK_MSCI_EUR,CH0012221716,-41.83,-8.3587
2025-02-04,BNK_MSCI_EUR,CH0012221716,17.92,3.6802
2025-02-05,BNK_MSCI_EUR,CH0012221716,-103.62,-20.2452
2025-02-06,BNK_MSCI_EUR,CH0012221716,64.22,12.5872
2025-02-07,BNK_MSCI_EUR,CH0012221716,54.06,10.979
2025-02-10,BNK_MSCI_EUR,CH0012221716,-67.15,-13.4452
2025-02-11,BNK_MSCI_EUR,CH0012221716,-31.14,-6.1484
2025-02-12,BNK_MSCI_EUR,CH0012221716,-13.36,-2.611
2025-02-13,BNK_MSCI_EUR,CH0012221716,69.32,13.6988
2025-02-14,BNK_MSCI_EUR,CH0012221716,60.14,11.8147
2025-02-17,BNK_MSCI_EUR,CH0012221716,25.0,5.1039
2025-02-18,BNK_MSCI_EUR,CH0012221716,-29.71,-5.9545
2025-02-19,BNK_MSCI_EUR,CH0012221716,-23.8,-4.7052
2025-02-20,BNK_MSCI_EUR,CH0012221716,48.13,9.7519
2025-02-21,BNK_MSCI_EUR,CH0012221716,74.58,15.2109
2025-02-24,BNK_MSCI_EUR,CH0012221716,-30.15,-5.9919
2025-02-25,BNK_MSCI_EUR,CH0012221716,-68.99,-13.6608
2025-02-26,BNK_MSCI_EUR,CH0012221716,-49.57,-10.1217
2025-02-27,BNK_MSCI_EUR,CH0012221716,58.85,11.7825
2025-02-28,BNK_MSCI_EUR,CH0012221716,26.36,5.1459
2025-03-03,BNK_MSCI_EUR,CH0012221716,35.89,7.148
2025-03-04,BNK_MSCI_EUR,CH0012221716,50.3,9.9063
2025-03-05,BNK_MSCI_EUR,CH0012221716,39.31,7.8307
2025-03-06,BNK_MSCI_EUR,CH0012221716,-68.0,-13.8663
2025-03-07,BNK_MSCI_EUR,CH0012221716,39.55,7.8663
2025-03-10,BNK_MSCI_EUR,CH0012221716,-27.31,-5.5039
2025-03-11,BNK_MSCI_EUR,CH0012221716,-50.92,-10.1559
2025-03-12,BNK_MSCI_EUR,CH0012221716,87.34,17.3674
2025-03-13,BNK_MSCI_EUR,CH0012221716,35.82,7.1533
2025-03-14,BNK_MSCI_EUR,CH0012221716,-28.09,-5.7036
2025-03-17,BNK_MSCI_EUR,CH0012221716,-146.97,-29.737
2025-03-18,BNK_MSCI_EUR,CH0012221716,60.86,12.3914
2025-03-19,BNK_MSCI_EUR,CH0012221716,-11.18,-2.216
2025-03-20,BNK_MSCI_EUR,CH0012221716,-131.72,-26.8027
2025-03-21,BNK_MSCI_EUR,CH0012221716,6.06,1.2048
2025-03-24,BNK_MSCI_EUR,CH0012221716,9.99,2.0248
2025-03-25,BNK_MSCI_EUR,CH0012221716,31.38,6.3511
2025-03-26,BNK_MSCI_EUR,CH0012221716,-80.69,-16.4373
2025-03-27,BNK_MSCI_EUR,CH0012221716,3.26,0.6481
2025-03-28,BNK_MSCI_EUR,CH0012221716,-2.96,-0.5799
2025-03-31,BNK_MSCI_EUR,CH0012221716,38.77,7.7392
2025-01-02,BNK_MSCI_EUR,GB0009252882,-15.38,-2.7361
2025-01-03,BNK_MSCI_EUR,GB0009252882,126.81,23.1063
2025-01-06,BNK_MSCI_EUR,GB0009252882,13.86,2.5085
2025-01-07,BNK_MSCI_EUR,GB0009252882,-19.08,-3.4237
2025-01-08,BNK_MSCI_EUR,GB0009252882,-68.27,-11.9046
2025-01-09,BNK_MSCI_EUR,GB0009252882,50.65,9.3098
2025-01-10,BNK_MSCI_EUR,GB0009252882,-28.3,-5.1366
2025-01-13,BNK_MSCI_EUR,GB0009252882,-71.71,-12.6363
2025-01-14,BNK_MSCI_EUR,GB0009252882,57.84,10.5453
2025-01-15,BNK_MSCI_EUR,GB0009252882,50.85,9.0103
2025-01-16,BNK_MSCI_EUR,GB0009252882,6.18,1.125
2025-01-17,BNK_MSCI_EUR,GB0009252882,60.23,10.8986
2025-01-20,BNK_MSCI_EUR,GB0009252882,92.37,16.8974
2025-01-21,BNK_MSCI_EUR,GB0009252882,-24.08,-4.3346
2025-01-22,BNK_MSCI_EUR,GB0009252882,10.08,1.8202
2025-01-23,BNK_MSCI_EUR,GB0009252882,17.79,3.1387
2025-01-24,BNK_MSCI_EUR,GB0009252882,-34.0,-6.0473
2025-01-27,BNK_MSCI_EUR,GB0009252882,39.33,7.0569
2025-01-28,BNK_MSCI_EUR,GB0009252882,-4.48,-0.8021
2025-01-29,BNK_MSCI_EUR,GB0009252882,-47.51,-8.422
2025-01-30,BNK_MSCI_EUR,GB0009252882,51.59,9.3287
2025-01-31,BNK_MSCI_EUR,GB0009252882,-65.24,-11.7142
2025-02-03,BNK_MSCI_EUR,GB0009252882,47.94,8.6259
2025-02-04,BNK_MSCI_EUR,GB0009252882,-0.95,-0.1711
2025-02-05,BNK_MSCI_EUR,GB0009252882,-38.74,-7.0778
2025-02-06,BNK_MSCI_EUR,GB0009252882,37.06,6.7698
2025-02-07,BNK_MSCI_EUR,GB0009252882,-49.77,-8.8869
2025-02-10,BNK_MSCI_EUR,GB0009252882,-34.42,-6.1209
2025-02-11,BNK_MSCI_EUR,GB0009252882,26.53,4.8595
2025-02-12,BNK_MSCI_EUR,GB0009252882,-0.12,-0.0217
2025-02-13,BNK_MSCI_EUR,GB0009252882,38.28,6.8439
2025-02-14,BNK_MSCI_EUR,GB0009252882,-5.93,-1.0882
2025-02-17,BNK_MSCI_EUR,GB0009252882,-0.96,-0.1759
2025-02-18,BNK_MSCI_EUR,GB0009252882,-19.77,-3.4715
2025-02-19,BNK_MSCI_EUR,GB0009252882,-69.3,-12.6176
2025-02-20,BNK_MSCI_EUR,GB0009252882,-21.32,-3.7039
2025-02-21,BNK_MSCI_EUR,GB0009252882,-14.12,-2.5272
2025-02-24,BNK_MSCI_EUR,GB0009252882,-125.74,-22.6988
2025-02-25,BNK_MSCI_EUR,GB0009252882,-2.59,-0.4677
2025-02-26,BNK_MSCI_EUR,GB0009252882,138.18,25.2883
2025-02-27,BNK_MSCI_EUR,GB0009252882,-24.91,-4.5372
2025-02-28,BNK_MSCI_EUR,GB0009252882,33.61,6.1182
2025-03-03,BNK_MSCI_EUR,GB0009252882,9.86,1.7886
2025-03-04,BNK_MSCI_EUR,GB0009252882,-45.1,-7.9316
2025-03-05,BNK_MSCI_EUR,GB0009252882,-41.89,-7.5625
2025-03-06,BNK_MSCI_EUR,GB0009252882,-39.53,-7.1053
2025-03-07,BNK_MSCI_EUR,GB0009252882,-39.81,-7.2578
2025-03-10,BNK_MSCI_EUR,GB0009252882,-17.45,-3.0651
2025-03-11,BNK_MSCI_EUR,GB0009252882,-2.48,-0.4476
2025-03-12,BNK_MSCI_EUR,GB0009252882,51.64,9.2101
2025-03-13,BNK_MSCI_EUR,GB0009252882,76.77,13.8149
2025-03-14,BNK_MSCI_EUR,GB0009252882,-104.42,-19.2242
2025-03-17,BNK_MSCI_EUR,GB0009252882,-74.87,-13.4458
2025-03-18,BNK_MSCI_EUR,GB0009252882,110.9,19.6985
2025-03-19,BNK_MSCI_EUR,GB0009252882,-42.47,-7.5383
2025-03-20,BNK_MSCI_EUR,GB0009252882,3.18,0.5604
2025-03-21,BNK_MSCI_EUR,GB0009252882,-24.18,-4.3502
2025-03-24,BNK_MSCI_EUR,GB0009252882,58.15,10.2192
2025-03-25,BNK_MSCI_EUR,GB0009252882,-27.71,-5.0835
2025-03-26,BNK_MSCI_EUR,GB0009252882,-41.32,-7.3825
2025-03-27,BNK_MSCI_EUR,GB0009252882,58.4,10.4168
2025-03-28,BNK_MSCI_EUR,GB0009252882,33.23,5.8843
2025-03-31,BNK_MSCI_EUR,GB0009252882,-61.26,-11.3198
2025-01-02,BNK_MSCI_EUR,AU000000BHP4,29.71,3.0289
2025-01-03,BNK_MSCI_EUR,AU000000BHP4,-40.21,-4.1599
2025-01-06,BNK_MSCI_EUR,AU000000BHP4,50.99,5.2728
2025-01-07,BNK_MSCI_EUR,AU000000BHP4,-44.83,-4.3841
2025-01-08,BNK_MSCI_EUR,AU000000BHP4,23.2,2.3887
2025-01-09,BNK_MSCI_EUR,AU000000BHP4,-78.31,-7.5234
2025-01-10,BNK_MSCI_EUR,AU000000BHP4,9.39,0.9029
2025-01-13,BNK_MSCI_EUR,AU000000BHP4,23.74,2.3699
2025-01-14,BNK_MSCI_EUR,AU000000BHP4,63.25,6.1469
2025-01-15,BNK_MSCI_EUR,AU000000BHP4,35.85,3.5609
2025-01-16,BNK_MSCI_EUR,AU000000BHP4,-62.54,-6.2832
2025-01-17,BNK_MSCI_EUR,AU000000BHP4,-10.89,-1.1237
2025-01-20,BNK_MSCI_EUR,AU000000BHP4,16.08,1.565
2025-01-21,BNK_MSCI_EUR,AU000000BHP4,-63.12,-6.5504
2025-01-22,BNK_MSCI_EUR,AU000000BHP4,54.25,5.2301
2025-01-23,BNK_MSCI_EUR,AU000000BHP4,-109.65,-11.4244
2025-01-24,BNK_MSCI_EUR,AU000000BHP4,119.22,12.0577
2025-01-27,BNK_MSCI_EUR,AU000000BHP4,27.35,2.6811
2025-01-28,BNK_MSCI_EUR,AU000000BHP4,-18.76,-1.9556
2025-01-29,BNK_MSCI_EUR,AU000000BHP4,-15.48,-1.6192
2025-01-30,BNK_MSCI_EUR,AU000000BHP4,-32.92,-3.3265
2025-01-31,BNK_MSCI_EUR,AU000000BHP4,140.91,14.0102
2025-02-03,BNK_MSCI_EUR,AU000000BHP4,17.98,1.79
2025-02-04,BNK_MSCI_EUR,AU000000BHP4,-90.78,-9.1291
2025-02-05,BNK_MSCI_EUR,AU000000BHP4,11.36,1.1921
2025-02-06,BNK_MSCI_EUR,AU000000BHP4,81.0,8.408
2025-02-07,BNK_MSCI_EUR,AU000000BHP4,68.94,6.9907
2025-02-10,BNK_MSCI_EUR,AU000000BHP4,-86.07,-8.5103
2025-02-11,BNK_MSCI_EUR,AU000000BHP4,27.52,2.8018
2025-02-12,BNK_MSCI_EUR,AU000000BHP4,-65.0,-6.4716
2025-02-13,BNK_MSCI_EUR,AU000000BHP4,-6.43,-0.652
2025-02-14,BNK_MSCI_EUR,AU000000BHP4,-26.01,-2.5667
2025-02-17,BNK_MSCI_EUR,AU000000BHP4,126.2,12.063
2025-02-18,BNK_MSCI_EUR,AU000000BHP4,82.33,8.3753
2025-02-19,BNK_MSCI_EUR,AU000000BHP4,-21.07,-2.0332
2025-02-20,BNK_MSCI_EUR,AU000000BHP4,72.75,7.5261
2025-02-21,BNK_MSCI_EUR,AU000000BHP4,-38.53,-3.8709
2025-02-24,BNK_MSCI_EUR,AU000000BHP4,68.93,6.9962
2025-02-25,BNK_MSCI_EUR,AU000000BHP4,62.66,6.2422
2025-02-26,BNK_MSCI_EUR,AU000000BHP4,-22.28,-2.2179
2025-02-27,BNK_MSCI_EUR,AU000000BHP4,-54.96,-5.3636
2025-02-28,BNK_MSCI_EUR,AU000000BHP4,-5.12,-0.515
2025-03-03,BNK_MSCI_EUR,AU000000BHP4,73.58,7.057
2025-03-04,BNK_MSCI_EUR,AU000000BHP4,-56.9,-5.5964
2025-03-05,BNK_MSCI_EUR,AU000000BHP4,22.37,2.3466
2025-03-06,BNK_MSCI_EUR,AU000000BHP4,-126.54,-12.9627
2025-03-07,BNK_MSCI_EUR,AU000000BHP4,34.87,3.5733
2025-03-10,BNK_MSCI_EUR,AU000000BHP4,-10.31,-1.0374
2025-03-11,BNK_MSCI_EUR,AU000000BHP4,9.73,0.9609
2025-03-12,BNK_MSCI_EUR,AU000000BHP4,57.11,5.987
2025-03-13,BNK_MSCI_EUR,AU000000BHP4,2.25,0.2301
2025-03-14,BNK_MSCI_EUR,AU000000BHP4,47.02,4.6891
2025-03-17,BNK_MSCI_EUR,AU000000BHP4,95.27,9.7032
2025-03-18,BNK_MSCI_EUR,AU000000BHP4,52.74,5.4745
2025-03-19,BNK_MSCI_EUR,AU000000BHP4,-34.93,-3.5943
2025-03-20,BNK_MSCI_EUR,AU000000BHP4,59.79,5.7703
2025-03-21,BNK_MSCI_EUR,AU000000BHP4,-48.82,-4.7328
2025-03-24,BNK_MSCI_EUR,AU000000BHP4,64.96,6.7064
2025-03-25,BNK_MSCI_EUR,AU000000BHP4,-21.86,-2.2721
2025-03-26,BNK_MSCI_EUR,AU000000BHP4,82.41,8.3573
2025-03-27,BNK_MSCI_EUR,AU000000BHP4,-95.87,-9.455
2025-03-28,BNK_MSCI_EUR,AU000000BHP4,53.57,5.3574
2025-03-31,BNK_MSCI_EUR,AU000000BHP4,50.31,4.8759
2025-01-02,BNK_MSCI_EUR,HK0000069689,35.39,4.3698
2025-01-03,BNK_MSCI_EUR,HK0000069689,100.64,11.9483
2025-01-06,BNK_MSCI_EUR,HK0000069689,-31.83,-3.676
2025-01-07,BNK_MSCI_EUR,HK0000069689,-38.4,-4.784
2025-01-08,BNK_MSCI_EUR,HK0000069689,-86.24,-10.4661
2025-01-09,BNK_MSCI_EUR,HK0000069689,-135.79,-16.106
2025-01-10,BNK_MSCI_EUR,HK0000069689,-8.59,-1.0541
2025-01-13,BNK_MSCI_EUR,HK0000069689,136.9,17.0367
2025-01-14,BNK_MSCI_EUR,HK0000069689,11.6,1.3739
2025-01-15,BNK_MSCI_EUR,HK0000069689,-35.77,-4.3256
2025-01-16,BNK_MSCI_EUR,HK0000069689,15.08,1.7807
2025-01-17,BNK_MSCI_EUR,HK0000069689,-30.66,-3.5046
2025-01-20,BNK_MSCI_EUR,HK0000069689,-5.05,-0.6255
2025-01-21,BNK_MSCI_EUR,HK0000069689,-8.92,-1.0725
2025-01-22,BNK_MSCI_EUR,HK0000069689,-58.59,-6.9472
2025-01-23,BNK_MSCI_EUR,HK0000069689,-47.35,-5.5805
2025-01-24,BNK_MSCI_EUR,HK0000069689,-52.2,-6.1537
2025-01-27,BNK_MSCI_EUR,HK0000069689,92.42,10.7488
2025-01-28,BNK_MSCI_EUR,HK0000069689,-6.69,-0.8172
2025-01-29,BNK_MSCI_EUR,HK0000069689,-50.57,-6.1967
2025-01-30,BNK_MSCI_EUR,HK0000069689,-7.75,-0.8977
2025-01-31,BNK_MSCI_EUR,HK0000069689,72.27,8.6021
2025-02-03,BNK_MSCI_EUR,HK0000069689,31.09,3.7745
2025-02-04,BNK_MSCI_EUR,HK0000069689,15.98,1.8715
2025-02-05,BNK_MSCI_EUR,HK0000069689,-150.62,-17.851
2025-02-06,BNK_MSCI_EUR,HK0000069689,127.92,15.2967
2025-02-07,BNK_MSCI_EUR,HK0000069689,17.35,2.112
2025-02-10,BNK_MSCI_EUR,HK0000069689,-4.78,-0.5891
2025-02-11,BNK_MSCI_EUR,HK0000069689,-9.83,-1.1635
2025-02-12,BNK_MSCI_EUR,HK0000069689,-87.69,-10.6848
2025-02-13,BNK_MSCI_EUR,HK0000069689,-114.06,-14.2414
2025-02-14,BNK_MSCI_EUR,HK0000069689,-100.73,-11.9579
2025-02-17,BNK_MSCI_EUR,HK0000069689,73.51,8.9615
2025-02-18,BNK_MSCI_EUR,HK0000069689,-11.93,-1.4685
2025-02-19,BNK_MSCI_EUR,HK0000069689,-59.82,-7.0501
2025-02-20,BNK_MSCI_EUR,HK0000069689,-100.17,-12.142
2025-02-21,BNK_MSCI_EUR,HK0000069689,43.54,5.3114
2025-02-24,BNK_MSCI_EUR,HK0000069689,53.28,6.2083
2025-02-25,BNK_MSCI_EUR,HK0000069689,2.34,0.2697
2025-02-26,BNK_MSCI_EUR,HK0000069689,-1.59,-0.1929
2025-02-27,BNK_MSCI_EUR,HK0000069689,-33.53,-3.9017
2025-02-28,BNK_MSCI_EUR,HK0000069689,40.69,4.8982
2025-03-03,BNK_MSCI_EUR,HK0000069689,30.19,3.6158
2025-03-04,BNK_MSCI_EUR,HK0000069689,54.91,6.8078
2025-03-05,BNK_MSCI_EUR,HK0000069689,-31.65,-3.7804
2025-03-06,BNK_MSCI_EUR,HK0000069689,29.51,3.4402
2025-03-07,BNK_MSCI_EUR,HK0000069689,122.53,14.8154
2025-03-10,BNK_MSCI_EUR,HK0000069689,-37.86,-4.6575
2025-03-11,BNK_MSCI_EUR,HK0000069689,23.25,2.8959
2025-03-12,BNK_MSCI_EUR,HK0000069689,85.99,10.5028
2025-03-13,BNK_MSCI_EUR,HK0000069689,-4.29,-0.4967
2025-03-14,BNK_MSCI_EUR,HK0000069689,-53.59,-6.3254
2025-03-17,BNK_MSCI_EUR,HK0000069689,-53.9,-6.3339
2025-03-18,BNK_MSCI_EUR,HK0000069689,-0.99,-0.1155
2025-03-19,BNK_MSCI_EUR,HK0000069689,35.14,4.3586
2025-03-20,BNK_MSCI_EUR,HK0000069689,-85.71,-10.5837
2025-03-21,BNK_MSCI_EUR,HK0000069689,57.98,7.1492
2025-03-24,BNK_MSCI_EUR,HK0000069689,-38.19,-4.4293
2025-03-25,BNK_MSCI_EUR,HK0000069689,-50.72,-5.9777
2025-03-26,BNK_MSCI_EUR,HK0000069689,11.06,1.2919
2025-03-27,BNK_MSCI_EUR,HK0000069689,-27.02,-3.3785
2025-03-28,BNK_MSCI_EUR,HK0000069689,120.91,14.7552
2025-03-31,BNK_MSCI_EUR,HK0000069689,-87.95,-10.4379
2025-01-02,BNK_AGG,XS1000000001,45.71,7.3577
2025-01-03,BNK_AGG,XS1000000001,38.03,5.9976
2025-01-06,BNK_AGG,XS1000000001,-56.53,-8.926
2025-01-07,BNK_AGG,XS1000000001,-45.91,-7.5246
2025-01-08,BNK_AGG,XS1000000001,-20.9,-3.4683
2025-01-09,BNK_AGG,XS1000000001,32.87,5.1987
2025-01-10,BNK_AGG,XS1000000001,-2.08,-0.3282
2025-01-13,BNK_AGG,XS1000000001,-79.12,-12.7798
2025-01-14,BNK_AGG,XS1000000001,9.62,1.5585
2025-01-15,BNK_AGG,XS1000000001,19.17,3.1084
2025-01-16,BNK_AGG,XS1000000001,26.35,4.363
2025-01-17,BNK_AGG,XS1000000001,3.57,0.5777
2025-01-20,BNK_AGG,XS1000000001,-78.15,-12.3105
2025-01-21,BNK_AGG,XS1000000001,16.1,2.5705
2025-01-22,BNK_AGG,XS1000000001,21.19,3.3673
2025-01-23,BNK_AGG,XS1000000001,-9.15,-1.4664
2025-01-24,BNK_AGG,XS1000000001,5.14,0.8117
2025-01-27,BNK_AGG,XS1000000001,20.97,3.2753
2025-01-28,BNK_AGG,XS1000000001,2.99,0.4789
2025-01-29,BNK_AGG,XS1000000001,-21.01,-3.4139
2025-01-30,BNK_AGG,XS1000000001,-20.52,-3.2287
2025-01-31,BNK_AGG,XS1000000001,-9.06,-1.4529
2025-02-03,BNK_AGG,XS1000000001,39.67,6.4105
2025-02-04,BNK_AGG,XS1000000001,-33.7,-5.3315
2025-02-05,BNK_AGG,XS1000000001,7.42,1.1554
2025-02-06,BNK_AGG,XS1000000001,15.27,2.3986
2025-02-07,BNK_AGG,XS1000000001,-41.72,-6.7497
2025-02-10,BNK_AGG,XS1000000001,-15.33,-2.4693
2025-02-11,BNK_AGG,XS1000000001,-77.2,-12.2968
2025-02-12,BNK_AGG,XS1000000001,36.92,5.9259
2025-02-13,BNK_AGG,XS1000000001,4.66,0.7338
2025-02-14,BNK_AGG,XS1000000001,-39.41,-6.1643
2025-02-17,BNK_AGG,XS1000000001,27.87,4.4638
2025-02-18,BNK_AGG,XS1000000001,29.58,4.7626
2025-02-19,BNK_AGG,XS1000000001,35.05,5.6345
2025-02-20,BNK_AGG,XS1000000001,-23.54,-3.6545
2025-02-21,BNK_AGG,XS1000000001,-13.2,-2.0543
2025-02-24,BNK_AGG,XS1000000001,32.07,5.082
2025-02-25,BNK_AGG,XS1000000001,-31.66,-4.9601
2025-02-26,BNK_AGG,XS1000000001,29.7,4.7531
2025-02-27,BNK_AGG,XS1000000001,-28.69,-4.5557
2025-02-28,BNK_AGG,XS1000000001,21.18,3.4279
2025-03-03,BNK_AGG,XS1000000001,29.3,4.6598
2025-03-04,BNK_AGG,XS1000000001,-2.22,-0.3547
2025-03-05,BNK_AGG,XS1000000001,53.35,8.6944
2025-03-06,BNK_AGG,XS1000000001,8.82,1.4242
2025-03-07,BNK_AGG,XS1000000001,-24.12,-3.8921
2025-03-10,BNK_AGG,XS1000000001,13.32,2.0844
2025-03-11,BNK_AGG,XS1000000001,-8.3,-1.3286
2025-03-12,BNK_AGG,XS1000000001,-43.88,-6.8393
2025-03-13,BNK_AGG,XS1000000001,-15.58,-2.4605
2025-03-14,BNK_AGG,XS1000000001,3.17,0.515
2025-03-17,BNK_AGG,XS1000000001,-3.64,-0.5864
2025-03-18,BNK_AGG,XS1000000001,55.64,8.997
2025-03-19,BNK_AGG,XS1000000001,-25.7,-4.2048
2025-03-20,BNK_AGG,XS1000000001,-40.01,-6.3414
2025-03-21,BNK_AGG,XS1000000001,24.89,4.0694
2025-03-24,BNK_AGG,XS1000000001,26.0,4.2062
2025-03-25,BNK_AGG,XS1000000001,4.28,0.6824
2025-03-26,BNK_AGG,XS1000000001,-11.8,-1.908
2025-03-27,BNK_AGG,XS1000000001,-72.08,-11.3354
2025-03-28,BNK_AGG,XS1000000001,-6.29,-0.9803
2025-03-31,BNK_AGG,XS1000000001,19.05,3.1359
2025-01-02,BNK_AGG,XS1000000002,-38.61,-6.9329
2025-01-03,BNK_AGG,XS1000000002,-25.74,-4.7413
2025-01-06,BNK_AGG,XS1000000002,-34.36,-6.2217
2025-01-07,BNK_AGG,XS1000000002,5.83,1.0334
2025-01-08,BNK_AGG,XS1000000002,-14.68,-2.6566
2025-01-09,BNK_AGG,XS1000000002,62.61,11.2661
2025-01-10,BNK_AGG,XS1000000002,-22.01,-3.9673
2025-01-13,BNK_AGG,XS1000000002,27.56,4.9646
2025-01-14,BNK_AGG,XS1000000002,10.15,1.8283
2025-01-15,BNK_AGG,XS1000000002,5.73,1.0529
2025-01-16,BNK_AGG,XS1000000002,-3.12,-0.5608
2025-01-17,BNK_AGG,XS1000000002,1.04,0.1892
2025-01-20,BNK_AGG,XS1000000002,-41.21,-7.5224
2025-01-21,BNK_AGG,XS1000000002,-34.49,-6.1761
2025-01-22,BNK_AGG,XS1000000002,27.03,4.9484
2025-01-23,BNK_AGG,XS1000000002,-14.24,-2.5622
2025-01-24,BNK_AGG,XS1000000002,0.75,0.1341
2025-01-27,BNK_AGG,XS1000000002,19.42,3.4272
2025-01-28,BNK_AGG,XS1000000002,33.99,6.0478
2025-01-29,BNK_AGG,XS1000000002,-0.33,-0.0601
2025-01-30,BNK_AGG,XS1000000002,0.85,0.1518
2025-01-31,BNK_AGG,XS1000000002,-11.92,-2.1964
2025-02-03,BNK_AGG,XS1000000002,-11.77,-2.0973
2025-02-04,BNK_AGG,XS1000000002,-0.36,-0.0643
2025-02-05,BNK_AGG,XS1000000002,-42.12,-7.8023
2025-02-06,BNK_AGG,XS1000000002,22.66,4.0711
2025-02-07,BNK_AGG,XS1000000002,40.63,7.245
2025-02-10,BNK_AGG,XS1000000002,-21.25,-3.811
2025-02-11,BNK_AGG,XS1000000002,20.77,3.645
2025-02-12,BNK_AGG,XS1000000002,-19.44,-3.5375
2025-02-13,BNK_AGG,XS1000000002,-10.51,-1.8669
2025-02-14,BNK_AGG,XS1000000002,36.56,6.5044
2025-02-17,BNK_AGG,XS1000000002,-24.9,-4.4163
2025-02-18,BNK_AGG,XS1000000002,-11.59,-2.1249
2025-02-19,BNK_AGG,XS1000000002,-27.85,-4.8975
2025-02-20,BNK_AGG,XS1000000002,19.5,3.5164
2025-02-21,BNK_AGG,XS1000000002,60.46,11.131
2025-02-24,BNK_AGG,XS1000000002,14.44,2.6177
2025-02-25,BNK_AGG,XS1000000002,-9.63,-1.7679
2025-02-26,BNK_AGG,XS1000000002,-41.33,-7.3294
2025-02-27,BNK_AGG,XS1000000002,20.02,3.5536
2025-02-28,BNK_AGG,XS1000000002,20.43,3.7219
2025-03-03,BNK_AGG,XS1000000002,-26.29,-4.7615
2025-03-04,BNK_AGG,XS1000000002,26.82,4.7534
2025-03-05,BNK_AGG,XS1000000002,-58.09,-10.3528
2025-03-06,BNK_AGG,XS1000000002,-15.07,-2.644
2025-03-07,BNK_AGG,XS1000000002,-19.32,-3.4318
2025-03-10,BNK_AGG,XS1000000002,3.45,0.6222
2025-03-11,BNK_AGG,XS1000000002,-11.16,-1.9924
2025-03-12,BNK_AGG,XS1000000002,-66.25,-12.0453
2025-03-13,BNK_AGG,XS1000000002,43.05,7.5591
2025-03-14,BNK_AGG,XS1000000002,-13.74,-2.4834
2025-03-17,BNK_AGG,XS1000000002,5.04,0.9192
2025-03-18,BNK_AGG,XS1000000002,6.98,1.2618
2025-03-19,BNK_AGG,XS1000000002,-4.07,-0.7498
2025-03-20,BNK_AGG,XS1000000002,46.62,8.2466
2025-03-21,BNK_AGG,XS1000000002,-6.48,-1.1584
2025-03-24,BNK_AGG,XS1000000002,-8.35,-1.4758
2025-03-25,BNK_AGG,XS1000000002,-24.22,-4.4477
2025-03-26,BNK_AGG,XS1000000002,8.87,1.638
2025-03-27,BNK_AGG,XS1000000002,-41.42,-7.4893
2025-03-28,BNK_AGG,XS1000000002,29.51,5.1782
2025-03-31,BNK_AGG,XS1000000002,-45.17,-8.1721
2025-01-02,BNK_AGG,XS1000000003,-21.8,-4.3593
2025-01-03,BNK_AGG,XS1000000003,-55.64,-11.3389
2025-01-06,BNK_AGG,XS1000000003,-14.13,-2.8005
2025-01-07,BNK_AGG,XS1000000003,39.93,7.8307
2025-01-08,BNK_AGG,XS1000000003,-0.5,-0.0986
2025-01-09,BNK_AGG,XS1000000003,-3.88,-0.7565
2025-01-10,BNK_AGG,XS1000000003,4.36,0.8899
2025-01-13,BNK_AGG,XS1000000003,40.54,7.9858
2025-01-14,BNK_AGG,XS1000000003,22.63,4.5499
2025-01-15,BNK_AGG,XS1000000003,11.22,2.2329
2025-01-16,BNK_AGG,XS1000000003,-33.43,-6.7811
2025-01-17,BNK_AGG,XS1000000003,-33.45,-6.759
2025-01-20,BNK_AGG,XS1000000003,7.28,1.451
2025-01-21,BNK_AGG,XS1000000003,17.73,3.5424
2025-01-22,BNK_AGG,XS1000000003,73.99,14.8739
2025-01-23,BNK_AGG,XS1000000003,25.09,5.0179
2025-01-24,BNK_AGG,XS1000000003,-35.49,-7.22
2025-01-27,BNK_AGG,XS1000000003,23.67,4.8419
2025-01-28,BNK_AGG,XS1000000003,39.33,7.8918
2025-01-29,BNK_AGG,XS1000000003,-19.69,-4.0439
2025-01-30,BNK_AGG,XS1000000003,-36.41,-7.3714
2025-01-31,BNK_AGG,XS1000000003,-4.74,-0.9392
2025-02-03,BNK_AGG,XS1000000003,14.59,2.9156
2025-02-04,BNK_AGG,XS1000000003,-34.0,-6.8679
2025-02-05,BNK_AGG,XS1000000003,-37.66,-7.5063
2025-02-06,BNK_AGG,XS1000000003,-96.53,-19.0251
2025-02-07,BNK_AGG,XS1000000003,-52.34,-10.645
2025-02-10,BNK_AGG,XS1000000003,21.58,4.3682
2025-02-11,BNK_AGG,XS1000000003,-20.7,-4.1966
2025-02-12,BNK_AGG,XS1000000003,-50.09,-9.9454
2025-02-13,BNK_AGG,XS1000000003,-10.26,-2.0842
2025-02-14,BNK_AGG,XS1000000003,0.22,0.044
2025-02-17,BNK_AGG,XS1000000003,3.66,0.7257
2025-02-18,BNK_AGG,XS1000000003,-5.32,-1.0501
2025-02-19,BNK_AGG,XS1000000003,58.96,11.9382
2025-02-20,BNK_AGG,XS1000000003,-1.15,-0.2333
2025-02-21,BNK_AGG,XS1000000003,-21.96,-4.4334
2025-02-24,BNK_AGG,XS1000000003,18.41,3.7236
2025-02-25,BNK_AGG,XS1000000003,23.12,4.5975
2025-02-26,BNK_AGG,XS1000000003,34.77,6.8757
2025-02-27,BNK_AGG,XS1000000003,-57.67,-11.7108
2025-02-28,BNK_AGG,XS1000000003,-36.83,-7.2285
2025-03-03,BNK_AGG,XS1000000003,40.61,8.0852
2025-03-04,BNK_AGG,XS1000000003,-35.91,-7.3112
2025-03-05,BNK_AGG,XS1000000003,9.37,1.9053
2025-03-06,BNK_AGG,XS1000000003,19.29,3.7613
2025-03-07,BNK_AGG,XS1000000003,14.0,2.7128
2025-03-10,BNK_AGG,XS1000000003,3.21,0.6382
2025-03-11,BNK_AGG,XS1000000003,4.71,0.9469
2025-03-12,BNK_AGG,XS1000000003,-5.57,-1.1237
2025-03-13,BNK_AGG,XS1000000003,2.56,0.5026
2025-03-14,BNK_AGG,XS1000000003,32.59,6.5727
2025-03-17,BNK_AGG,XS1000000003,-19.62,-3.9635
2025-03-18,BNK_AGG,XS1000000003,-15.22,-2.9519
2025-03-19,BNK_AGG,XS1000000003,16.37,3.2156
2025-03-20,BNK_AGG,XS1000000003,5.54,1.1069
2025-03-21,BNK_AGG,XS1000000003,31.73,6.3736
2025-03-24,BNK_AGG,XS1000000003,4.19,0.8324
2025-03-25,BNK_AGG,XS1000000003,9.25,1.8613
2025-03-26,BNK_AGG,XS1000000003,42.17,8.4059
2025-03-27,BNK_AGG,XS1000000003,56.91,11.4179
2025-03-28,BNK_AGG,XS1000000003,-49.78,-9.8663
2025-03-31,BNK_AGG,XS1000000003,-35.19,-7.1229
2025-01-02,BNK_AGG,XS1000000004,17.99,1.753
2025-01-03,BNK_AGG,XS1000000004,10.42,1.057
2025-01-06,BNK_AGG,XS1000000004,-3.31,-0.3469
2025-01-07,BNK_AGG,XS1000000004,-17.49,-1.8125
2025-01-08,BNK_AGG,XS1000000004,17.74,1.7733
2025-01-09,BNK_AGG,XS1000000004,21.6,2.2399
2025-01-10,BNK_AGG,XS1000000004,9.85,0.9442
2025-01-13,BNK_AGG,XS1000000004,34.04,3.4894
2025-01-14,BNK_AGG,XS1000000004,-27.46,-2.7016
2025-01-15,BNK_AGG,XS1000000004,5.95,0.5789
2025-01-16,BNK_AGG,XS1000000004,-21.65,-2.1007
2025-01-17,BNK_AGG,XS1000000004,-4.13,-0.399
2025-01-20,BNK_AGG,XS1000000004,-19.11,-1.986
2025-01-21,BNK_AGG,XS1000000004,-60.73,-6.0799
2025-01-22,BNK_AGG,XS1000000004,-30.53,-2.9577
2025-01-23,BNK_AGG,XS1000000004,-19.72,-1.9679
2025-01-24,BNK_AGG,XS1000000004,-16.15,-1.6237
2025-01-27,BNK_AGG,XS1000000004,61.64,6.1063
2025-01-28,BNK_AGG,XS1000000004,29.18,2.9083
2025-01-29,BNK_AGG,XS1000000004,-23.81,-2.2918
2025-01-30,BNK_AGG,XS1000000004,4.44,0.4444
2025-01-31,BNK_AGG,XS1000000004,21.74,2.1432
2025-02-03,BNK_AGG,XS1000000004,-25.28,-2.5925
2025-02-04,BNK_AGG,XS1000000004,36.78,3.7562
2025-02-05,BNK_AGG,XS1000000004,36.02,3.5085
2025-02-06,BNK_AGG,XS1000000004,-11.98,-1.243
2025-02-07,BNK_AGG,XS1000000004,-12.86,-1.2795
2025-02-10,BNK_AGG,XS1000000004,42.2,4.0809
2025-02-11,BNK_AGG,XS1000000004,-10.48,-1.0635
2025-02-12,BNK_AGG,XS1000000004,33.6,3.3689
2025-02-13,BNK_AGG,XS1000000004,-35.83,-3.5338
2025-02-14,BNK_AGG,XS1000000004,28.42,2.9485
2025-02-17,BNK_AGG,XS1000000004,-43.74,-4.2924
2025-02-18,BNK_AGG,XS1000000004,30.98,3.0234
2025-02-19,BNK_AGG,XS1000000004,-83.84,-8.7278
2025-02-20,BNK_AGG,XS1000000004,16.7,1.7303
2025-02-21,BNK_AGG,XS1000000004,-25.05,-2.4107
2025-02-24,BNK_AGG,XS1000000004,-23.17,-2.3905
2025-02-25,BNK_AGG,XS1000000004,-19.9,-2.0125
2025-02-26,BNK_AGG,XS1000000004,-42.08,-4.4281
2025-02-27,BNK_AGG,XS1000000004,-14.87,-1.4496
2025-02-28,BNK_AGG,XS1000000004,7.05,0.7116
2025-03-03,BNK_AGG,XS1000000004,-3.27,-0.3371
2025-03-04,BNK_AGG,XS1000000004,17.38,1.7059
2025-03-05,BNK_AGG,XS1000000004,-2.89,-0.2848
2025-03-06,BNK_AGG,XS1000000004,-43.45,-4.4661
2025-03-07,BNK_AGG,XS1000000004,22.56,2.3199
2025-03-10,BNK_AGG,XS1000000004,-8.67,-0.8847
2025-03-11,BNK_AGG,XS1000000004,-7.81,-0.8055
2025-03-12,BNK_AGG,XS1000000004,34.01,3.5077
2025-03-13,BNK_AGG,XS1000000004,-28.8,-2.8809
2025-03-14,BNK_AGG,XS1000000004,-29.63,-2.8916
2025-03-17,BNK_AGG,XS1000000004,-33.97,-3.2787
2025-03-18,BNK_AGG,XS1000000004,3.62,0.3719
2025-03-19,BNK_AGG,XS1000000004,83.16,8.4597
2025-03-20,BNK_AGG,XS1000000004,-12.2,-1.2818
2025-03-21,BNK_AGG,XS1000000004,27.73,2.6557
2025-03-24,BNK_AGG,XS1000000004,22.84,2.1854
2025-03-25,BNK_AGG,XS1000000004,4.3,0.4304
2025-03-26,BNK_AGG,XS1000000004,18.55,1.8952
2025-03-27,BNK_AGG,XS1000000004,-21.37,-2.1692
2025-03-28,BNK_AGG,XS1000000004,-0.49,-0.0477
2025-03-31,BNK_AGG,XS1000000004,-65.87,-6.2854
2025-01-02,BNK_AGG,XS1000000005,8.34,1.0554
2025-01-03,BNK_AGG,XS1000000005,-22.69,-2.6412
2025-01-06,BNK_AGG,XS1000000005,-26.75,-3.1963
2025-01-07,BNK_AGG,XS1000000005,-38.19,-4.5832
2025-01-08,BNK_AGG,XS1000000005,-54.39,-6.6516
2025-01-09,BNK_AGG,XS1000000005,-19.57,-2.4289
2025-01-10,BNK_AGG,XS1000000005,-20.63,-2.5355
2025-01-13,BNK_AGG,XS1000000005,-0.31,-0.0375
2025-01-14,BNK_AGG,XS1000000005,40.77,5.032
2025-01-15,BNK_AGG,XS1000000005,-1.96,-0.2295
2025-01-16,BNK_AGG,XS1000000005,63.72,7.7644
2025-01-17,BNK_AGG,XS1000000005,-40.8,-4.941
2025-01-20,BNK_AGG,XS1000000005,25.66,2.942
2025-01-21,BNK_AGG,XS1000000005,-17.87,-2.0716
2025-01-22,BNK_AGG,XS1000000005,57.57,7.0717
2025-01-23,BNK_AGG,XS1000000005,12.06,1.431
2025-01-24,BNK_AGG,XS1000000005,-4.56,-0.5371
2025-01-27,BNK_AGG,XS1000000005,32.08,3.9502
2025-01-28,BNK_AGG,XS1000000005,-8.15,-0.9766
2025-01-29,BNK_AGG,XS1000000005,27.9,3.3142
2025-01-30,BNK_AGG,XS1000000005,-13.1,-1.6152
2025-01-31,BNK_AGG,XS1000000005,75.31,9.0626
2025-02-03,BNK_AGG,XS1000000005,15.44,1.8263
2025-02-04,BNK_AGG,XS1000000005,11.35,1.3905
2025-02-05,BNK_AGG,XS1000000005,32.39,3.9714
2025-02-06,BNK_AGG,XS1000000005,-49.63,-5.9864
2025-02-07,BNK_AGG,XS1000000005,-38.16,-4.6021
2025-02-10,BNK_AGG,XS1000000005,-20.08,-2.3105
2025-02-11,BNK_AGG,XS1000000005,24.05,2.8516
2025-02-12,BNK_AGG,XS1000000005,23.36,2.8216
2025-02-13,BNK_AGG,XS1000000005,72.51,8.7094
2025-02-14,BNK_AGG,XS1000000005,41.79,5.1009
2025-02-17,BNK_AGG,XS1000000005,-16.97,-2.1065
2025-02-18,BNK_AGG,XS1000000005,33.97,3.9937
2025-02-19,BNK_AGG,XS1000000005,4.44,0.5294
2025-02-20,BNK_AGG,XS1000000005,-0.99,-0.1174
2025-02-21,BNK_AGG,XS1000000005,-48.5,-5.6218
2025-02-24,BNK_AGG,XS1000000005,40.5,4.7074
2025-02-25,BNK_AGG,XS1000000005,12.62,1.5048
2025-02-26,BNK_AGG,XS1000000005,11.77,1.4124
2025-02-27,BNK_AGG,XS1000000005,22.59,2.6749
2025-02-28,BNK_AGG,XS1000000005,-16.97,-2.0661
2025-03-03,BNK_AGG,XS1000000005,27.6,3.3224
2025-03-04,BNK_AGG,XS1000000005,-23.99,-2.9395
2025-03-05,BNK_AGG,XS1000000005,-8.1,-1.007
2025-03-06,BNK_AGG,XS1000000005,10.47,1.286
2025-03-07,BNK_AGG,XS1000000005,-8.56,-1.0464
2025-03-10,BNK_AGG,XS1000000005,20.8,2.52
2025-03-11,BNK_AGG,XS1000000005,-47.14,-5.7693
2025-03-12,BNK_AGG,XS1000000005,28.97,3.3784
2025-03-13,BNK_AGG,XS1000000005,-32.95,-4.1033
2025-03-14,BNK_AGG,XS1000000005,-9.66,-1.15
2025-03-17,BNK_AGG,XS1000000005,-24.86,-2.9476
2025-03-18,BNK_AGG,XS1000000005,-31.03,-3.7905
2025-03-19,BNK_AGG,XS1000000005,10.45,1.216
2025-03-20,BNK_AGG,XS1000000005,30.44,3.5564
2025-03-21,BNK_AGG,XS1000000005,12.13,1.4751
2025-03-24,BNK_AGG,XS1000000005,-23.76,-2.917
2025-03-25,BNK_AGG,XS1000000005,0.54,0.0635
2025-03-26,BNK_AGG,XS1000000005,23.08,2.7688
2025-03-27,BNK_AGG,XS1000000005,-23.01,-2.7919
2025-03-28,BNK_AGG,XS1000000005,-34.46,-4.2731
2025-03-31,BNK_AGG,XS1000000005,2.12,0.2491
2025-01-02,BNK_AGG,XS1000000006,72.65,6.3506
2025-01-03,BNK_AGG,XS1000000006,-2.4,-0.2137
2025-01-06,BNK_AGG,XS1000000006,-26.89,-2.4356
2025-01-07,BNK_AGG,XS1000000006,-40.37,-3.7135
2025-01-08,BNK_AGG,XS1000000006,12.01,1.0371
2025-01-09,BNK_AGG,XS1000000006,-18.49,-1.5752
2025-01-10,BNK_AGG,XS1000000006,32.09,2.9489
2025-01-13,BNK_AGG,XS1000000006,-9.37,-0.8308
2025-01-14,BNK_AGG,XS1000000006,-7.94,-0.6876
2025-01-15,BNK_AGG,XS1000000006,20.9,1.8151
2025-01-16,BNK_AGG,XS1000000006,36.89,3.1877
2025-01-17,BNK_AGG,XS1000000006,-13.89,-1.2434
2025-01-20,BNK_AGG,XS1000000006,-4.81,-0.4271
2025-01-21,BNK_AGG,XS1000000006,23.79,2.1658
2025-01-22,BNK_AGG,XS1000000006,28.98,2.619
2025-01-23,BNK_AGG,XS1000000006,1.04,0.0964
2025-01-24,BNK_AGG,XS1000000006,19.32,1.8197
2025-01-27,BNK_AGG,XS1000000006,14.18,1.2162
2025-01-28,BNK_AGG,XS1000000006,11.48,1.0634
2025-01-29,BNK_AGG,XS1000000006,38.35,3.4104
2025-01-30,BNK_AGG,XS1000000006,-106.15,-9.2519
2025-01-31,BNK_AGG,XS1000000006,33.39,3.0981
2025-02-03,BNK_AGG,XS1000000006,-21.6,-1.9669
2025-02-04,BNK_AGG,XS1000000006,-1.46,-0.131
2025-02-05,BNK_AGG,XS1000000006,0.56,0.0482
2025-02-06,BNK_AGG,XS1000000006,-74.02,-6.4937
2025-02-07,BNK_AGG,XS1000000006,1.56,0.1359
2025-02-10,BNK_AGG,XS1000000006,11.55,1.0618
2025-02-11,BNK_AGG,XS1000000006,-35.46,-3.3155
2025-02-12,BNK_AGG,XS1000000006,33.2,2.9836
2025-02-13,BNK_AGG,XS1000000006,-25.37,-2.2515
2025-02-14,BNK_AGG,XS1000000006,31.95,2.8115
2025-02-17,BNK_AGG,XS1000000006,-49.28,-4.4483
2025-02-18,BNK_AGG,XS1000000006,-10.2,-0.9026
2025-02-19,BNK_AGG,XS1000000006,17.17,1.4554
2025-02-20,BNK_AGG,XS1000000006,-9.36,-0.8265
2025-02-21,BNK_AGG,XS1000000006,-21.9,-2.0188
2025-02-24,BNK_AGG,XS1000000006,18.7,1.7357
2025-02-25,BNK_AGG,XS1000000006,11.79,1.0935
2025-02-26,BNK_AGG,XS1000000006,22.11,1.9454
2025-02-27,BNK_AGG,XS1000000006,-1.76,-0.1605
2025-02-28,BNK_AGG,XS1000000006,32.09,2.7019
2025-03-03,BNK_AGG,XS1000000006,38.52,3.5332
2025-03-04,BNK_AGG,XS1000000006,-7.6,-0.6521
2025-03-05,BNK_AGG,XS1000000006,-32.12,-2.8018
2025-03-06,BNK_AGG,XS1000000006,1.13,0.1021
2025-03-07,BNK_AGG,XS1000000006,21.72,2.034
2025-03-10,BNK_AGG,XS1000000006,39.47,3.6191
2025-03-11,BNK_AGG,XS1000000006,43.09,3.8583
2025-03-12,BNK_AGG,XS1000000006,-10.36,-0.9241
2025-03-13,BNK_AGG,XS1000000006,-53.06,-4.9442
2025-03-14,BNK_AGG,XS1000000006,21.19,1.9449
2025-03-17,BNK_AGG,XS1000000006,5.49,0.4743
2025-03-18,BNK_AGG,XS1000000006,27.49,2.4725
2025-03-19,BNK_AGG,XS1000000006,-8.96,-0.7953
2025-03-20,BNK_AGG,XS1000000006,60.95,5.6506
2025-03-21,BNK_AGG,XS1000000006,-0.41,-0.0355
2025-03-24,BNK_AGG,XS1000000006,21.92,1.9819
2025-03-25,BNK_AGG,XS1000000006,-44.97,-3.9935
2025-03-26,BNK_AGG,XS1000000006,-27.76,-2.37
2025-03-27,BNK_AGG,XS1000000006,4.48,0.4112
2025-03-28,BNK_AGG,XS1000000006,-29.58,-2.8073
2025-03-31,BNK_AGG,XS1000000006,38.13,3.4761
2025-01-02,BNK_AGG,XS1000000007,67.4,9.9818
2025-01-03,BNK_AGG,XS1000000007,-4.61,-0.6796
2025-01-06,BNK_AGG,XS1000000007,-2.95,-0.4365
2025-01-07,BNK_AGG,XS1000000007,-3.2,-0.4707
2025-01-08,BNK_AGG,XS1000000007,27.49,4.0489
2025-01-09,BNK_AGG,XS1000000007,0.12,0.0185
2025-01-10,BNK_AGG,XS1000000007,49.09,7.2267
2025-01-13,BNK_AGG,XS1000000007,-43.06,-6.4243
2025-01-14,BNK_AGG,XS1000000007,-62.94,-9.3403
2025-01-15,BNK_AGG,XS1000000007,8.72,1.3415
2025-01-16,BNK_AGG,XS1000000007,24.71,3.6206
2025-01-17,BNK_AGG,XS1000000007,33.88,4.9799
2025-01-20,BNK_AGG,XS1000000007,35.43,5.43
2025-01-21,BNK_AGG,XS1000000007,2.67,0.4122
2025-01-22,BNK_AGG,XS1000000007,-31.62,-4.6451
2025-01-23,BNK_AGG,XS1000000007,-33.09,-4.92
2025-01-24,BNK_AGG,XS1000000007,43.99,6.479
2025-01-27,BNK_AGG,XS1000000007,0.7,0.1084
2025-01-28,BNK_AGG,XS1000000007,4.45,0.6636
2025-01-29,BNK_AGG,XS1000000007,9.76,1.426
2025-01-30,BNK_AGG,XS1000000007,29.41,4.4433
2025-01-31,BNK_AGG,XS1000000007,21.45,3.1216
2025-02-03,BNK_AGG,XS1000000007,39.82,5.9129
2025-02-04,BNK_AGG,XS1000000007,-15.13,-2.2211
2025-02-05,BNK_AGG,XS1000000007,-13.02,-2.0008
2025-02-06,BNK_AGG,XS1000000007,-5.06,-0.7796
2025-02-07,BNK_AGG,XS1000000007,23.84,3.5587
2025-02-10,BNK_AGG,XS1000000007,22.99,3.5281
2025-02-11,BNK_AGG,XS1000000007,-30.07,-4.4786
2025-02-12,BNK_AGG,XS1000000007,-29.05,-4.301
2025-02-13,BNK_AGG,XS1000000007,33.08,5.1035
2025-02-14,BNK_AGG,XS1000000007,44.18,6.7047
2025-02-17,BNK_AGG,XS1000000007,-16.82,-2.5507
2025-02-18,BNK_AGG,XS1000000007,7.76,1.1998
2025-02-19,BNK_AGG,XS1000000007,25.19,3.8492
2025-02-20,BNK_AGG,XS1000000007,-26.99,-4.0755
2025-02-21,BNK_AGG,XS1000000007,17.01,2.6205
2025-02-24,BNK_AGG,XS1000000007,-1.01,-0.1472
2025-02-25,BNK_AGG,XS1000000007,-11.61,-1.7157
2025-02-26,BNK_AGG,XS1000000007,-45.69,-6.9293
2025-02-27,BNK_AGG,XS1000000007,43.45,6.6721
2025-02-28,BNK_AGG,XS1000000007,58.27,8.9053
2025-03-03,BNK_AGG,XS1000000007,-17.76,-2.5849
2025-03-04,BNK_AGG,XS1000000007,18.24,2.7894
2025-03-05,BNK_AGG,XS1000000007,-42.16,-6.1284
2025-03-06,BNK_AGG,XS1000000007,-11.1,-1.6888
2025-03-07,BNK_AGG,XS1000000007,-14.24,-2.1148
2025-03-10,BNK_AGG,XS1000000007,19.44,2.9054
2025-03-11,BNK_AGG,XS1000000007,-33.77,-4.9063
2025-03-12,BNK_AGG,XS1000000007,-12.77,-1.9361
2025-03-13,BNK_AGG,XS1000000007,-24.16,-3.6827
2025-03-14,BNK_AGG,XS1000000007,24.35,3.5721
2025-03-17,BNK_AGG,XS1000000007,15.18,2.3229
2025-03-18,BNK_AGG,XS1000000007,-1.12,-0.1666
2025-03-19,BNK_AGG,XS1000000007,20.62,3.0698
2025-03-20,BNK_AGG,XS1000000007,28.08,4.2176
2025-03-21,BNK_AGG,XS1000000007,-6.62,-1.0126
2025-03-24,BNK_AGG,XS1000000007,47.28,7.2791
2025-03-25,BNK_AGG,XS1000000007,-34.95,-5.2122
2025-03-26,BNK_AGG,XS1000000007,44.37,6.5136
2025-03-27,BNK_AGG,XS1000000007,52.86,7.7523
2025-03-28,BNK_AGG,XS1000000007,46.61,7.1915
2025-03-31,BNK_AGG,XS1000000007,59.59,8.8177
