valuation_date,portfolio_code,isin,quantity,market_value_base,weight_pct
2025-01-02,FUND_A,US0378331005,41975,8394965.0,8.394965
2025-01-02,FUND_A,US5949181045,33649,6729864.0,6.729864
2025-01-02,FUND_A,US46625H1005,29782,5956337.0,5.956337
2025-01-02,FUND_A,FR0000131104,24357,4871497.0,4.871497
2025-01-02,FUND_A,CH0012221716,21847,4369476.0,4.369476
2025-01-02,FUND_A,GB0009252882,24118,4823525.0,4.823525
2025-01-02,FUND_A,JP3633400001,27807,5561468.0,5.561468
2025-01-02,FUND_A,AU000000BHP4,15919,3183854.0,3.183854
2025-01-02,FUND_A,XS1000000001,102334,10233422.0,10.233422
2025-01-02,FUND_A,XS1000000002,98290,9828986.0,9.828986
2025-01-02,FUND_A,XS1000000003,120865,12086546.0,12.086546
2025-01-02,FUND_A,XS1000000005,82567,8256684.0,8.256684
2025-01-02,FUND_A,XS1000000006,67314,6731437.0,6.731437
2025-01-02,FUND_A,XS1000000008,89719,8971939.0,8.971939
2025-01-03,FUND_A,US0378331005,41453,8290540.0,8.29054
2025-01-03,FUND_A,US5949181045,35833,7166527.0,7.166527
2025-01-03,FUND_A,US46625H1005,29096,5819167.0,5.819167
2025-01-03,FUND_A,FR0000131104,25885,5177099.0,5.177099
2025-01-03,FUND_A,CH0012221716,21919,4383805.0,4.383805
2025-01-03,FUND_A,GB0009252882,20378,4075645.0,4.075645
2025-01-03,FUND_A,JP3633400001,26987,5397390.0,5.39739
2025-01-03,FUND_A,AU000000BHP4,18810,3761964.0,3.761964
2025-01-03,FUND_A,XS1000000001,100101,10010080.0,10.01008
2025-01-03,FUND_A,XS1000000002,98221,9822120.0,9.82212
2025-01-03,FUND_A,XS1000000003,126722,12672207.0,12.672207
2025-01-03,FUND_A,XS1000000005,79718,7971843.0,7.971843
2025-01-03,FUND_A,XS1000000006,67065,6706527.0,6.706527
2025-01-03,FUND_A,XS1000000008,87451,8745084.0,8.745084
2025-01-06,FUND_A,US0378331005,41297,8259499.0,8.259499
2025-01-06,FUND_A,US5949181045,35144,7028842.0,7.028842
2025-01-06,FUND_A,US46625H1005,31203,6240642.0,6.240642
2025-01-06,FUND_A,FR0000131104,25873,5174603.0,5.174603
2025-01-06,FUND_A,CH0012221716,19968,3993680.0,3.99368
2025-01-06,FUND_A,GB0009252882,24603,4920692.0,4.920692
2025-01-06,FUND_A,JP3633400001,24136,4827107.0,4.827107
2025-01-06,FUND_A,AU000000BHP4,17573,3514597.0,3.514597
2025-01-06,FUND_A,XS1000000001,102205,10220517.0,10.220517
2025-01-06,FUND_A,XS1000000002,100119,10011856.0,10.011856
2025-01-06,FUND_A,XS1000000003,122314,12231396.0,12.231396
2025-01-06,FUND_A,XS1000000005,79922,7992205.0,7.992205
2025-01-06,FUND_A,XS1000000006,71286,7128625.0,7.128625
2025-01-06,FUND_A,XS1000000008,84557,8455739.0,8.455739
2025-01-07,FUND_A,US0378331005,39732,7946437.0,7.946437
2025-01-07,FUND_A,US5949181045,34907,6981387.0,6.981387
2025-01-07,FUND_A,US46625H1005,28688,5737584.0,5.737584
2025-01-07,FUND_A,FR0000131104,24333,4866631.0,4.866631
2025-01-07,FUND_A,CH0012221716,18514,3702835.0,3.702835
2025-01-07,FUND_A,GB0009252882,21995,4398951.0,4.398951
2025-01-07,FUND_A,JP3633400001,26405,5280918.0,5.280918
2025-01-07,FUND_A,AU000000BHP4,17300,3459987.0,3.459987
2025-01-07,FUND_A,XS1000000001,101493,10149302.0,10.149302
2025-01-07,FUND_A,XS1000000002,99841,9984085.0,9.984085
2025-01-07,FUND_A,XS1000000003,120997,12099739.0,12.099739
2025-01-07,FUND_A,XS1000000005,86752,8675237.0,8.675237
2025-01-07,FUND_A,XS1000000006,73502,7350176.0,7.350176
2025-01-07,FUND_A,XS1000000008,93667,9366730.0,9.36673
2025-01-08,FUND_A,US0378331005,38830,7766086.0,7.766086
2025-01-08,FUND_A,US5949181045,36593,7318604.0,7.318604
2025-01-08,FUND_A,US46625H1005,28668,5733500.0,5.7335
2025-01-08,FUND_A,FR0000131104,24699,4939850.0,4.93985
2025-01-08,FUND_A,CH0012221716,22725,4545091.0,4.545091
2025-01-08,FUND_A,GB0009252882,23487,4697430.0,4.69743
2025-01-08,FUND_A,JP3633400001,25598,5119541.0,5.119541
2025-01-08,FUND_A,AU000000BHP4,18651,3730220.0,3.73022
2025-01-08,FUND_A,XS1000000001,104709,10470868.0,10.470868
2025-01-08,FUND_A,XS1000000002,104032,10403189.0,10.403189
2025-01-08,FUND_A,XS1000000003,118742,11874222.0,11.874222
2025-01-08,FUND_A,XS1000000005,76253,7625327.0,7.625327
2025-01-08,FUND_A,XS1000000006,68998,6899810.0,6.89981
2025-01-08,FUND_A,XS1000000008,88763,8876262.0,8.876262
2025-01-09,FUND_A,US0378331005,38715,7742928.0,7.742928
2025-01-09,FUND_A,US5949181045,37369,7473744.0,7.473744
2025-01-09,FUND_A,US46625H1005,32014,6402783.0,6.402783
2025-01-09,FUND_A,FR0000131104,24173,4834624.0,4.834624
2025-01-09,FUND_A,CH0012221716,20863,4172654.0,4.172654
2025-01-09,FUND_A,GB0009252882,22069,4413842.0,4.413842
2025-01-09,FUND_A,JP3633400001,27185,5436979.0,5.436979
2025-01-09,FUND_A,AU000000BHP4,17366,3473181.0,3.473181
2025-01-09,FUND_A,XS1000000001,98053,9805334.0,9.805334
2025-01-09,FUND_A,XS1000000002,97870,9787005.0,9.787005
2025-01-09,FUND_A,XS1000000003,121113,12111335.0,12.111335
2025-01-09,FUND_A,XS1000000005,77949,7794901.0,7.794901
2025-01-09,FUND_A,XS1000000006,71139,7113936.0,7.113936
2025-01-09,FUND_A,XS1000000008,94368,9436756.0,9.436756
2025-01-10,FUND_A,US0378331005,40227,8045382.0,8.045382
2025-01-10,FUND_A,US5949181045,34217,6843494.0,6.843494
2025-01-10,FUND_A,US46625H1005,33088,6617612.0,6.617612
2025-01-10,FUND_A,FR0000131104,25511,5102103.0,5.102103
2025-01-10,FUND_A,CH0012221716,18286,3657270.0,3.65727
2025-01-10,FUND_A,GB0009252882,20610,4121907.0,4.121907
2025-01-10,FUND_A,JP3633400001,23474,4694836.0,4.694836
2025-01-10,FUND_A,AU000000BHP4,18472,3694481.0,3.694481
2025-01-10,FUND_A,XS1000000001,104823,10482277.0,10.482277
2025-01-10,FUND_A,XS1000000002,101055,10105522.0,10.105522
2025-01-10,FUND_A,XS1000000003,117772,11777222.0,11.777222
2025-01-10,FUND_A,XS1000000005,80273,8027272.0,8.027272
2025-01-10,FUND_A,XS1000000006,76346,7634650.0,7.63465
2025-01-10,FUND_A,XS1000000008,91960,9195973.0,9.195973
2025-01-13,FUND_A,US0378331005,42447,8489447.0,8.489447
2025-01-13,FUND_A,US5949181045,36884,7376741.0,7.376741
2025-01-13,FUND_A,US46625H1005,27617,5523432.0,5.523432
2025-01-13,FUND_A,FR0000131104,26160,5232043.0,5.232043
2025-01-13,FUND_A,CH0012221716,20954,4190778.0,4.190778
2025-01-13,FUND_A,GB0009252882,22734,4546808.0,4.546808
2025-01-13,FUND_A,JP3633400001,23886,4777162.0,4.777162
2025-01-13,FUND_A,AU000000BHP4,18244,3648857.0,3.648857
2025-01-13,FUND_A,XS1000000001,96324,9632394.0,9.632394
2025-01-13,FUND_A,XS1000000002,99563,9956308.0,9.956308
2025-01-13,FUND_A,XS1000000003,119796,11979644.0,11.979644
2025-01-13,FUND_A,XS1000000005,84721,8472147.0,8.472147
2025-01-13,FUND_A,XS1000000006,73918,7391847.0,7.391847
2025-01-13,FUND_A,XS1000000008,87824,8782392.0,8.782392
2025-01-14,FUND_A,US0378331005,40367,8073475.0,8.073475
2025-01-14,FUND_A,US5949181045,33697,6739497.0,6.739497
2025-01-14,FUND_A,US46625H1005,32355,6471049.0,6.471049
2025-01-14,FUND_A,FR0000131104,27097,5419446.0,5.419446
2025-01-14,FUND_A,CH0012221716,19165,3833050.0,3.83305
2025-01-14,FUND_A,GB0009252882,23406,4681212.0,4.681212
2025-01-14,FUND_A,JP3633400001,25778,5155515.0,5.155515
2025-01-14,FUND_A,AU000000BHP4,15908,3181563.0,3.181563
2025-01-14,FUND_A,XS1000000001,103560,10356006.0,10.356006
2025-01-14,FUND_A,XS1000000002,101308,10130842.0,10.130842
2025-01-14,FUND_A,XS1000000003,123905,12390490.0,12.39049
2025-01-14,FUND_A,XS1000000005,81035,8103513.0,8.103513
2025-01-14,FUND_A,XS1000000006,65598,6559795.0,6.559795
2025-01-14,FUND_A,XS1000000008,89045,8904548.0,8.904548
2025-01-15,FUND_A,US0378331005,37922,7584319.0,7.584319
2025-01-15,FUND_A,US5949181045,37466,7493162.0,7.493162
2025-01-15,FUND_A,US46625H1005,32169,6433727.0,6.433727
2025-01-15,FUND_A,FR0000131104,26888,5377642.0,5.377642
2025-01-15,FUND_A,CH0012221716,19202,3840347.0,3.840347
2025-01-15,FUND_A,GB0009252882,20465,4092918.0,4.092918
2025-01-15,FUND_A,JP3633400001,27122,5424386.0,5.424386
2025-01-15,FUND_A,AU000000BHP4,19905,3980985.0,3.980985
2025-01-15,FUND_A,XS1000000001,96683,9668313.0,9.668313
2025-01-15,FUND_A,XS1000000002,100721,10072102.0,10.072102
2025-01-15,FUND_A,XS1000000003,116690,11668977.0,11.668977
2025-01-15,FUND_A,XS1000000005,83318,8331836.0,8.331836
2025-01-15,FUND_A,XS1000000006,73285,7328490.0,7.32849
2025-01-15,FUND_A,XS1000000008,87028,8702796.0,8.702796
2025-01-16,FUND_A,US0378331005,40206,8041195.0,8.041195
2025-01-16,FUND_A,US5949181045,35540,7108068.0,7.108068
2025-01-16,FUND_A,US46625H1005,29064,5812703.0,5.812703
2025-01-16,FUND_A,FR0000131104,27084,5416834.0,5.416834
2025-01-16,FUND_A,CH0012221716,19778,3955561.0,3.955561
2025-01-16,FUND_A,GB0009252882,21233,4246607.0,4.246607
2025-01-16,FUND_A,JP3633400001,25405,5080944.0,5.080944
2025-01-16,FUND_A,AU000000BHP4,18804,3760758.0,3.760758
2025-01-16,FUND_A,XS1000000001,97813,9781328.0,9.781328
2025-01-16,FUND_A,XS1000000002,98928,9892807.0,9.892807
2025-01-16,FUND_A,XS1000000003,125984,12598417.0,12.598417
2025-01-16,FUND_A,XS1000000005,82172,8217234.0,8.217234
2025-01-16,FUND_A,XS1000000006,69954,6995441.0,6.995441
2025-01-16,FUND_A,XS1000000008,90921,9092103.0,9.092103
2025-01-17,FUND_A,US0378331005,39124,7824732.0,7.824732
2025-01-17,FUND_A,US5949181045,34522,6904465.0,6.904465
2025-01-17,FUND_A,US46625H1005,29971,5994152.0,5.994152
2025-01-17,FUND_A,FR0000131104,26122,5224331.0,5.224331
2025-01-17,FUND_A,CH0012221716,19149,3829830.0,3.82983
2025-01-17,FUND_A,GB0009252882,21665,4333034.0,4.333034
2025-01-17,FUND_A,JP3633400001,23466,4693187.0,4.693187
2025-01-17,FUND_A,AU000000BHP4,18641,3728171.0,3.728171
2025-01-17,FUND_A,XS1000000001,99890,9989020.0,9.98902
2025-01-17,FUND_A,XS1000000002,106836,10683582.0,10.683582
2025-01-17,FUND_A,XS1000000003,126900,12690038.0,12.690038
2025-01-17,FUND_A,XS1000000005,77732,7773245.0,7.773245
2025-01-17,FUND_A,XS1000000006,69181,6918128.0,6.918128
2025-01-17,FUND_A,XS1000000008,94141,9414087.0,9.414087
2025-01-20,FUND_A,US0378331005,38989,7797725.0,7.797725
2025-01-20,FUND_A,US5949181045,33520,6704091.0,6.704091
2025-01-20,FUND_A,US46625H1005,32526,6505163.0,6.505163
2025-01-20,FUND_A,FR0000131104,25630,5125925.0,5.125925
2025-01-20,FUND_A,CH0012221716,20078,4015666.0,4.015666
2025-01-20,FUND_A,GB0009252882,24182,4836401.0,4.836401
2025-01-20,FUND_A,JP3633400001,26825,5364938.0,5.364938
2025-01-20,FUND_A,AU000000BHP4,16125,3224938.0,3.224938
2025-01-20,FUND_A,XS1000000001,97008,9700794.0,9.700794
2025-01-20,FUND_A,XS1000000002,100385,10038531.0,10.038531
2025-01-20,FUND_A,XS1000000003,120526,12052623.0,12.052623
2025-01-20,FUND_A,XS1000000005,80532,8053248.0,8.053248
2025-01-20,FUND_A,XS1000000006,73073,7307313.0,7.307313
2025-01-20,FUND_A,XS1000000008,92726,9272644.0,9.272644
2025-01-21,FUND_A,US0378331005,42957,8591417.0,8.591417
2025-01-21,FUND_A,US5949181045,33409,6681831.0,6.681831
2025-01-21,FUND_A,US46625H1005,29886,5977239.0,5.977239
2025-01-21,FUND_A,FR0000131104,24502,4900478.0,4.900478
2025-01-21,FUND_A,CH0012221716,22084,4416810.0,4.41681
2025-01-21,FUND_A,GB0009252882,21512,4302365.0,4.302365
2025-01-21,FUND_A,JP3633400001,23748,4749500.0,4.7495
2025-01-21,FUND_A,AU000000BHP4,17461,3492209.0,3.492209
2025-01-21,FUND_A,XS1000000001,100473,10047309.0,10.047309
2025-01-21,FUND_A,XS1000000002,99022,9902160.0,9.90216
2025-01-21,FUND_A,XS1000000003,118983,11898341.0,11.898341
2025-01-21,FUND_A,XS1000000005,85297,8529748.0,8.529748
2025-01-21,FUND_A,XS1000000006,70309,7030902.0,7.030902
2025-01-21,FUND_A,XS1000000008,94797,9479690.0,9.47969
2025-01-22,FUND_A,US0378331005,40304,8060809.0,8.060809
2025-01-22,FUND_A,US5949181045,32796,6559119.0,6.559119
2025-01-22,FUND_A,US46625H1005,32539,6507746.0,6.507746
2025-01-22,FUND_A,FR0000131104,26715,5342977.0,5.342977
2025-01-22,FUND_A,CH0012221716,22374,4474816.0,4.474816
2025-01-22,FUND_A,GB0009252882,24664,4932783.0,4.932783
2025-01-22,FUND_A,JP3633400001,26778,5355661.0,5.355661
2025-01-22,FUND_A,AU000000BHP4,15852,3170435.0,3.170435
2025-01-22,FUND_A,XS1000000001,99986,9998645.0,9.998645
2025-01-22,FUND_A,XS1000000002,97264,9726397.0,9.726397
2025-01-22,FUND_A,XS1000000003,119165,11916539.0,11.916539
2025-01-22,FUND_A,XS1000000005,75685,7568479.0,7.568479
2025-01-22,FUND_A,XS1000000006,68879,6887932.0,6.887932
2025-01-22,FUND_A,XS1000000008,94977,9497662.0,9.497662
2025-01-23,FUND_A,US0378331005,38654,7730896.0,7.730896
2025-01-23,FUND_A,US5949181045,36259,7251889.0,7.251889
2025-01-23,FUND_A,US46625H1005,29643,5928698.0,5.928698
2025-01-23,FUND_A,FR0000131104,24506,4901257.0,4.901257
2025-01-23,FUND_A,CH0012221716,22188,4437625.0,4.437625
2025-01-23,FUND_A,GB0009252882,24867,4973352.0,4.973352
2025-01-23,FUND_A,JP3633400001,25167,5033431.0,5.033431
2025-01-23,FUND_A,AU000000BHP4,18510,3701980.0,3.70198
2025-01-23,FUND_A,XS1000000001,96121,9612141.0,9.612141
2025-01-23,FUND_A,XS1000000002,97534,9753425.0,9.753425
2025-01-23,FUND_A,XS1000000003,124136,12413621.0,12.413621
2025-01-23,FUND_A,XS1000000005,80435,8043486.0,8.043486
2025-01-23,FUND_A,XS1000000006,70111,7011082.0,7.011082
2025-01-23,FUND_A,XS1000000008,92071,9207117.0,9.207117
2025-01-24,FUND_A,US0378331005,38501,7700165.0,7.700165
2025-01-24,FUND_A,US5949181045,36091,7218227.0,7.218227
2025-01-24,FUND_A,US46625H1005,30582,6116439.0,6.116439
2025-01-24,FUND_A,FR0000131104,27270,5454006.0,5.454006
2025-01-24,FUND_A,CH0012221716,18633,3726640.0,3.72664
2025-01-24,FUND_A,GB0009252882,25273,5054649.0,5.054649
2025-01-24,FUND_A,JP3633400001,23334,4666778.0,4.666778
2025-01-24,FUND_A,AU000000BHP4,16231,3246108.0,3.246108
2025-01-24,FUND_A,XS1000000001,102861,10286057.0,10.286057
2025-01-24,FUND_A,XS1000000002,103678,10367752.0,10.367752
2025-01-24,FUND_A,XS1000000003,119573,11957262.0,11.957262
2025-01-24,FUND_A,XS1000000005,77641,7764073.0,7.764073
2025-01-24,FUND_A,XS1000000006,75301,7530129.0,7.530129
2025-01-24,FUND_A,XS1000000008,89117,8911715.0,8.911715
2025-01-27,FUND_A,US0378331005,40771,8154131.0,8.154131
2025-01-27,FUND_A,US5949181045,35859,7171812.0,7.171812
2025-01-27,FUND_A,US46625H1005,29814,5962817.0,5.962817
2025-01-27,FUND_A,FR0000131104,25606,5121111.0,5.121111
2025-01-27,FUND_A,CH0012221716,20262,4052408.0,4.052408
2025-01-27,FUND_A,GB0009252882,24855,4971048.0,4.971048
2025-01-27,FUND_A,JP3633400001,23695,4738903.0,4.738903
2025-01-27,FUND_A,AU000000BHP4,18718,3743560.0,3.74356
2025-01-27,FUND_A,XS1000000001,98104,9810406.0,9.810406
2025-01-27,FUND_A,XS1000000002,99687,9968663.0,9.968663
2025-01-27,FUND_A,XS1000000003,122613,12261328.0,12.261328
2025-01-27,FUND_A,XS1000000005,78574,7857440.0,7.85744
2025-01-27,FUND_A,XS1000000006,68664,6866375.0,6.866375
2025-01-27,FUND_A,XS1000000008,93200,9319999.0,9.319999
2025-01-28,FUND_A,US0378331005,37925,7585062.0,7.585062
2025-01-28,FUND_A,US5949181045,34849,6969789.0,6.969789
2025-01-28,FUND_A,US46625H1005,32546,6509198.0,6.509198
2025-01-28,FUND_A,FR0000131104,27526,5505183.0,5.505183
2025-01-28,FUND_A,CH0012221716,17896,3579168.0,3.579168
2025-01-28,FUND_A,GB0009252882,21101,4220120.0,4.22012
2025-01-28,FUND_A,JP3633400001,23865,4773078.0,4.773078
2025-01-28,FUND_A,AU000000BHP4,19699,3939762.0,3.939762
2025-01-28,FUND_A,XS1000000001,103980,10398026.0,10.398026
2025-01-28,FUND_A,XS1000000002,103964,10396430.0,10.39643
2025-01-28,FUND_A,XS1000000003,118892,11889150.0,11.88915
2025-01-28,FUND_A,XS1000000005,76704,7670407.0,7.670407
2025-01-28,FUND_A,XS1000000006,73459,7345869.0,7.345869
2025-01-28,FUND_A,XS1000000008,92188,9218756.0,9.218756
2025-01-29,FUND_A,US0378331005,41065,8212971.0,8.212971
2025-01-29,FUND_A,US5949181045,37904,7580729.0,7.580729
2025-01-29,FUND_A,US46625H1005,31154,6230823.0,6.230823
2025-01-29,FUND_A,FR0000131104,22821,4564114.0,4.564114
2025-01-29,FUND_A,CH0012221716,21855,4371013.0,4.371013
2025-01-29,FUND_A,GB0009252882,21765,4353066.0,4.353066
2025-01-29,FUND_A,JP3633400001,26139,5227866.0,5.227866
2025-01-29,FUND_A,AU000000BHP4,19941,3988117.0,3.988117
2025-01-29,FUND_A,XS1000000001,97546,9754598.0,9.754598
2025-01-29,FUND_A,XS1000000002,97355,9735500.0,9.7355
2025-01-29,FUND_A,XS1000000003,117520,11751977.0,11.751977
2025-01-29,FUND_A,XS1000000005,81538,8153787.0,8.153787
2025-01-29,FUND_A,XS1000000006,68569,6856917.0,6.856917
2025-01-29,FUND_A,XS1000000008,92185,9218525.0,9.218525
2025-01-30,FUND_A,US0378331005,41703,8340578.0,8.340578
2025-01-30,FUND_A,US5949181045,34020,6803908.0,6.803908
2025-01-30,FUND_A,US46625H1005,31130,6226029.0,6.226029
2025-01-30,FUND_A,FR0000131104,24176,4835271.0,4.835271
2025-01-30,FUND_A,CH0012221716,20241,4048215.0,4.048215
2025-01-30,FUND_A,GB0009252882,24894,4978738.0,4.978738
2025-01-30,FUND_A,JP3633400001,27131,5426101.0,5.426101
2025-01-30,FUND_A,AU000000BHP4,15693,3138571.0,3.138571
2025-01-30,FUND_A,XS1000000001,100721,10072069.0,10.072069
2025-01-30,FUND_A,XS1000000002,99230,9922976.0,9.922976
2025-01-30,FUND_A,XS1000000003,116757,11675681.0,11.675681
2025-01-30,FUND_A,XS1000000005,83949,8394886.0,8.394886
2025-01-30,FUND_A,XS1000000006,72439,7243911.0,7.243911
2025-01-30,FUND_A,XS1000000008,88931,8893067.0,8.893067
2025-01-31,FUND_A,US0378331005,41606,8321280.0,8.32128
2025-01-31,FUND_A,US5949181045,35601,7120175.0,7.120175
2025-01-31,FUND_A,US46625H1005,29926,5985264.0,5.985264
2025-01-31,FUND_A,FR0000131104,22767,4553473.0,4.553473
2025-01-31,FUND_A,CH0012221716,18050,3609971.0,3.609971
2025-01-31,FUND_A,GB0009252882,24653,4930537.0,4.930537
2025-01-31,FUND_A,JP3633400001,27282,5456418.0,5.456418
2025-01-31,FUND_A,AU000000BHP4,17900,3580029.0,3.580029
2025-01-31,FUND_A,XS1000000001,104350,10434977.0,10.434977
2025-01-31,FUND_A,XS1000000002,101804,10180443.0,10.180443
2025-01-31,FUND_A,XS1000000003,117612,11761234.0,11.761234
2025-01-31,FUND_A,XS1000000005,77015,7701533.0,7.701533
2025-01-31,FUND_A,XS1000000006,68744,6874389.0,6.874389
2025-01-31,FUND_A,XS1000000008,94903,9490276.0,9.490276
2025-02-03,FUND_A,US0378331005,41178,8235616.0,8.235616
2025-02-03,FUND_A,US5949181045,36535,7307019.0,7.307019
2025-02-03,FUND_A,US46625H1005,31761,6352256.0,6.352256
2025-02-03,FUND_A,FR0000131104,23379,4675725.0,4.675725
2025-02-03,FUND_A,CH0012221716,18611,3722183.0,3.722183
2025-02-03,FUND_A,GB0009252882,20364,4072871.0,4.072871
2025-02-03,FUND_A,JP3633400001,26208,5241607.0,5.241607
2025-02-03,FUND_A,AU000000BHP4,19279,3855807.0,3.855807
2025-02-03,FUND_A,XS1000000001,98341,9834127.0,9.834127
2025-02-03,FUND_A,XS1000000002,100468,10046849.0,10.046849
2025-02-03,FUND_A,XS1000000003,115696,11569554.0,11.569554
2025-02-03,FUND_A,XS1000000005,83684,8368400.0,8.3684
2025-02-03,FUND_A,XS1000000006,73109,7310894.0,7.310894
2025-02-03,FUND_A,XS1000000008,94071,9407093.0,9.407093
2025-02-04,FUND_A,US0378331005,41107,8221436.0,8.221436
2025-02-04,FUND_A,US5949181045,36510,7302070.0,7.30207
2025-02-04,FUND_A,US46625H1005,27327,5465398.0,5.465398
2025-02-04,FUND_A,FR0000131104,25901,5180274.0,5.180274
2025-02-04,FUND_A,CH0012221716,18955,3790992.0,3.790992
2025-02-04,FUND_A,GB0009252882,24389,4877812.0,4.877812
2025-02-04,FUND_A,JP3633400001,26226,5245239.0,5.245239
2025-02-04,FUND_A,AU000000BHP4,19113,3822528.0,3.822528
2025-02-04,FUND_A,XS1000000001,101999,10199915.0,10.199915
2025-02-04,FUND_A,XS1000000002,96618,9661818.0,9.661818
2025-02-04,FUND_A,XS1000000003,121553,12155292.0,12.155292
2025-02-04,FUND_A,XS1000000005,75263,7526313.0,7.526313
2025-02-04,FUND_A,XS1000000006,72929,7292920.0,7.29292
2025-02-04,FUND_A,XS1000000008,92580,9257994.0,9.257994
2025-02-05,FUND_A,US0378331005,39191,7838121.0,7.838121
2025-02-05,FUND_A,US5949181045,37131,7426194.0,7.426194
2025-02-05,FUND_A,US46625H1005,30248,6049593.0,6.049593
2025-02-05,FUND_A,FR0000131104,24386,4877176.0,4.877176
2025-02-05,FUND_A,CH0012221716,21798,4359693.0,4.359693
2025-02-05,FUND_A,GB0009252882,21455,4290928.0,4.290928
2025-02-05,FUND_A,JP3633400001,22957,4591432.0,4.591432
2025-02-05,FUND_A,AU000000BHP4,16205,3240965.0,3.240965
2025-02-05,FUND_A,XS1000000001,99755,9975496.0,9.975496
2025-02-05,FUND_A,XS1000000002,105196,10519618.0,10.519618
2025-02-05,FUND_A,XS1000000003,126537,12653652.0,12.653652
2025-02-05,FUND_A,XS1000000005,78957,7895662.0,7.895662
2025-02-05,FUND_A,XS1000000006,72485,7248466.0,7.248466
2025-02-05,FUND_A,XS1000000008,90330,9033002.0,9.033002
2025-02-06,FUND_A,US0378331005,42554,8510790.0,8.51079
2025-02-06,FUND_A,US5949181045,35304,7060806.0,7.060806
2025-02-06,FUND_A,US46625H1005,32309,6461741.0,6.461741
2025-02-06,FUND_A,FR0000131104,23157,4631472.0,4.631472
2025-02-06,FUND_A,CH0012221716,22430,4486024.0,4.486024
2025-02-06,FUND_A,GB0009252882,20966,4193171.0,4.193171
2025-02-06,FUND_A,JP3633400001,27408,5481625.0,5.481625
2025-02-06,FUND_A,AU000000BHP4,16384,3276879.0,3.276879
2025-02-06,FUND_A,XS1000000001,96420,9641982.0,9.641982
2025-02-06,FUND_A,XS1000000002,99693,9969283.0,9.969283
2025-02-06,FUND_A,XS1000000003,122713,12271282.0,12.271282
2025-02-06,FUND_A,XS1000000005,78410,7840985.0,7.840985
2025-02-06,FUND_A,XS1000000006,71310,7131044.0,7.131044
2025-02-06,FUND_A,XS1000000008,90429,9042916.0,9.042916
2025-02-07,FUND_A,US0378331005,39844,7968736.0,7.968736
2025-02-07,FUND_A,US5949181045,35758,7151561.0,7.151561
2025-02-07,FUND_A,US46625H1005,29078,5815691.0,5.815691
2025-02-07,FUND_A,FR0000131104,26320,5263970.0,5.26397
2025-02-07,FUND_A,CH0012221716,17694,3538790.0,3.53879
2025-02-07,FUND_A,GB0009252882,24889,4977759.0,4.977759
2025-02-07,FUND_A,JP3633400001,25459,5091832.0,5.091832
2025-02-07,FUND_A,AU000000BHP4,18794,3758836.0,3.758836
2025-02-07,FUND_A,XS1000000001,103505,10350459.0,10.350459
2025-02-07,FUND_A,XS1000000002,102784,10278382.0,10.278382
2025-02-07,FUND_A,XS1000000003,119899,11989918.0,11.989918
2025-02-07,FUND_A,XS1000000005,76502,7650174.0,7.650174
2025-02-07,FUND_A,XS1000000006,72401,7240140.0,7.24014
2025-02-07,FUND_A,XS1000000008,89238,8923752.0,8.923752
2025-02-10,FUND_A,US0378331005,39352,7870467.0,7.870467
2025-02-10,FUND_A,US5949181045,37006,7401195.0,7.401195
2025-02-10,FUND_A,US46625H1005,31324,6264768.0,6.264768
2025-02-10,FUND_A,FR0000131104,24175,4835063.0,4.835063
2025-02-10,FUND_A,CH0012221716,19184,3836853.0,3.836853
2025-02-10,FUND_A,GB0009252882,22201,4440297.0,4.440297
2025-02-10,FUND_A,JP3633400001,24689,4937880.0,4.93788
2025-02-10,FUND_A,AU000000BHP4,16598,3319507.0,3.319507
2025-02-10,FUND_A,XS1000000001,96970,9696963.0,9.696963
2025-02-10,FUND_A,XS1000000002,99922,9992243.0,9.992243
2025-02-10,FUND_A,XS1000000003,125304,12530397.0,12.530397
2025-02-10,FUND_A,XS1000000005,82365,8236499.0,8.236499
2025-02-10,FUND_A,XS1000000006,74564,7456381.0,7.456381
2025-02-10,FUND_A,XS1000000008,91815,9181486.0,9.181486
2025-02-11,FUND_A,US0378331005,39695,7938951.0,7.938951
2025-02-11,FUND_A,US5949181045,35863,7172618.0,7.172618
2025-02-11,FUND_A,US46625H1005,27989,5597710.0,5.59771
2025-02-11,FUND_A,FR0000131104,24358,4871596.0,4.871596
2025-02-11,FUND_A,CH0012221716,19997,3999409.0,3.999409
2025-02-11,FUND_A,GB0009252882,23305,4661006.0,4.661006
2025-02-11,FUND_A,JP3633400001,26229,5245894.0,5.245894
2025-02-11,FUND_A,AU000000BHP4,17631,3526285.0,3.526285
2025-02-11,FUND_A,XS1000000001,101180,10118040.0,10.11804
2025-02-11,FUND_A,XS1000000002,98855,9885540.0,9.88554
2025-02-11,FUND_A,XS1000000003,121850,12184996.0,12.184996
2025-02-11,FUND_A,XS1000000005,85498,8549800.0,8.5498
2025-02-11,FUND_A,XS1000000006,74251,7425094.0,7.425094
2025-02-11,FUND_A,XS1000000008,88231,8823061.0,8.823061
2025-02-12,FUND_A,US0378331005,38737,7747376.0,7.747376
2025-02-12,FUND_A,US5949181045,35829,7165829.0,7.165829
2025-02-12,FUND_A,US46625H1005,31322,6264401.0,6.264401
2025-02-12,FUND_A,FR0000131104,24694,4938831.0,4.938831
2025-02-12,FUND_A,CH0012221716,22055,4410989.0,4.410989
2025-02-12,FUND_A,GB0009252882,24265,4852979.0,4.852979
2025-02-12,FUND_A,JP3633400001,26418,5283675.0,5.283675
2025-02-12,FUND_A,AU000000BHP4,16469,3293761.0,3.293761
2025-02-12,FUND_A,XS1000000001,99070,9907031.0,9.907031
2025-02-12,FUND_A,XS1000000002,97286,9728582.0,9.728582
2025-02-12,FUND_A,XS1000000003,119966,11996594.0,11.996594
2025-02-12,FUND_A,XS1000000005,81461,8146084.0,8.146084
2025-02-12,FUND_A,XS1000000006,75073,7507280.0,7.50728
2025-02-12,FUND_A,XS1000000008,87566,8756587.0,8.756587
2025-02-13,FUND_A,US0378331005,40166,8033207.0,8.033207
2025-02-13,FUND_A,US5949181045,36184,7236757.0,7.236757
2025-02-13,FUND_A,US46625H1005,28899,5779888.0,5.779888
2025-02-13,FUND_A,FR0000131104,26372,5274332.0,5.274332
2025-02-13,FUND_A,CH0012221716,20272,4054318.0,4.054318
2025-02-13,FUND_A,GB0009252882,21538,4307671.0,4.307671
2025-02-13,FUND_A,JP3633400001,26167,5233431.0,5.233431
2025-02-13,FUND_A,AU000000BHP4,15253,3050647.0,3.050647
2025-02-13,FUND_A,XS1000000001,104048,10404793.0,10.404793
2025-02-13,FUND_A,XS1000000002,104242,10424161.0,10.424161
2025-02-13,FUND_A,XS1000000003,117808,11780759.0,11.780759
2025-02-13,FUND_A,XS1000000005,80441,8044073.0,8.044073
2025-02-13,FUND_A,XS1000000006,67761,6776067.0,6.776067
2025-02-13,FUND_A,XS1000000008,95999,9599895.0,9.599895
2025-02-14,FUND_A,US0378331005,39751,7950168.0,7.950168
2025-02-14,FUND_A,US5949181045,32474,6494838.0,6.494838
2025-02-14,FUND_A,US46625H1005,28503,5700590.0,5.70059
2025-02-14,FUND_A,FR0000131104,26516,5303118.0,5.303118
2025-02-14,FUND_A,CH0012221716,19615,3923011.0,3.923011
2025-02-14,FUND_A,GB0009252882,23804,4760822.0,4.760822
2025-02-14,FUND_A,JP3633400001,25619,5123887.0,5.123887
2025-02-14,FUND_A,AU000000BHP4,19771,3954176.0,3.954176
2025-02-14,FUND_A,XS1000000001,100101,10010098.0,10.010098
2025-02-14,FUND_A,XS1000000002,103617,10361687.0,10.361687
2025-02-14,FUND_A,XS1000000003,122867,12286660.0,12.28666
2025-02-14,FUND_A,XS1000000005,80441,8044062.0,8.044062
2025-02-14,FUND_A,XS1000000006,71582,7158237.0,7.158237
2025-02-14,FUND_A,XS1000000008,89286,8928645.0,8.928645
2025-02-17,FUND_A,US0378331005,41993,8398620.0,8.39862
2025-02-17,FUND_A,US5949181045,35527,7105444.0,7.105444
2025-02-17,FUND_A,US46625H1005,32247,6449465.0,6.449465
2025-02-17,FUND_A,FR0000131104,26432,5286490.0,5.28649
2025-02-17,FUND_A,CH0012221716,20036,4007143.0,4.007143
2025-02-17,FUND_A,GB0009252882,21470,4293984.0,4.293984
2025-02-17,FUND_A,JP3633400001,23930,4786019.0,4.786019
2025-02-17,FUND_A,AU000000BHP4,18337,3667377.0,3.667377
2025-02-17,FUND_A,XS1000000001,103497,10349673.0,10.349673
2025-02-17,FUND_A,XS1000000002,101032,10103161.0,10.103161
2025-02-17,FUND_A,XS1000000003,122258,12225809.0,12.225809
2025-02-17,FUND_A,XS1000000005,78381,7838106.0,7.838106
2025-02-17,FUND_A,XS1000000006,66312,6631213.0,6.631213
2025-02-17,FUND_A,XS1000000008,88575,8857497.0,8.857497
2025-02-18,FUND_A,US0378331005,39707,7941374.0,7.941374
2025-02-18,FUND_A,US5949181045,34843,6968586.0,6.968586
2025-02-18,FUND_A,US46625H1005,30860,6172010.0,6.17201
2025-02-18,FUND_A,FR0000131104,23698,4739631.0,4.739631
2025-02-18,FUND_A,CH0012221716,19064,3812716.0,3.812716
2025-02-18,FUND_A,GB0009252882,23982,4796420.0,4.79642
2025-02-18,FUND_A,JP3633400001,26600,5320077.0,5.320077
2025-02-18,FUND_A,AU000000BHP4,15656,3131122.0,3.131122
2025-02-18,FUND_A,XS1000000001,101239,10123885.0,10.123885
2025-02-18,FUND_A,XS1000000002,102618,10261844.0,10.261844
2025-02-18,FUND_A,XS1000000003,121759,12175899.0,12.175899
2025-02-18,FUND_A,XS1000000005,78751,7875077.0,7.875077
2025-02-18,FUND_A,XS1000000006,70712,7071212.0,7.071212
2025-02-18,FUND_A,XS1000000008,96101,9610149.0,9.610149
2025-02-19,FUND_A,US0378331005,40213,8042560.0,8.04256
2025-02-19,FUND_A,US5949181045,35793,7158568.0,7.158568
2025-02-19,FUND_A,US46625H1005,31620,6324085.0,6.324085
2025-02-19,FUND_A,FR0000131104,26193,5238551.0,5.238551
2025-02-19,FUND_A,CH0012221716,19302,3860452.0,3.860452
2025-02-19,FUND_A,GB0009252882,19927,3985322.0,3.985322
2025-02-19,FUND_A,JP3633400001,24134,4826841.0,4.826841
2025-02-19,FUND_A,AU000000BHP4,18671,3734198.0,3.734198
2025-02-19,FUND_A,XS1000000001,103003,10300274.0,10.300274
2025-02-19,FUND_A,XS1000000002,103997,10399743.0,10.399743
2025-02-19,FUND_A,XS1000000003,118578,11857807.0,11.857807
2025-02-19,FUND_A,XS1000000005,82052,8205157.0,8.205157
2025-02-19,FUND_A,XS1000000006,70099,7009944.0,7.009944
2025-02-19,FUND_A,XS1000000008,90565,9056499.0,9.056499
2025-02-20,FUND_A,US0378331005,39923,7984663.0,7.984663
2025-02-20,FUND_A,US5949181045,34746,6949297.0,6.949297
2025-02-20,FUND_A,US46625H1005,30695,6138904.0,6.138904
2025-02-20,FUND_A,FR0000131104,23420,4683965.0,4.683965
2025-02-20,FUND_A,CH0012221716,19837,3967366.0,3.967366
2025-02-20,FUND_A,GB0009252882,24196,4839218.0,4.839218
2025-02-20,FUND_A,JP3633400001,25360,5072096.0,5.072096
2025-02-20,FUND_A,AU000000BHP4,16367,3273323.0,3.273323
2025-02-20,FUND_A,XS1000000001,103084,10308380.0,10.30838
2025-02-20,FUND_A,XS1000000002,99570,9956994.0,9.956994
2025-02-20,FUND_A,XS1000000003,125370,12536966.0,12.536966
2025-02-20,FUND_A,XS1000000005,77845,7784468.0,7.784468
2025-02-20,FUND_A,XS1000000006,71299,7129869.0,7.129869
2025-02-20,FUND_A,XS1000000008,93745,9374490.0,9.37449
2025-02-21,FUND_A,US0378331005,38682,7736481.0,7.736481
2025-02-21,FUND_A,US5949181045,36707,7341437.0,7.341437
2025-02-21,FUND_A,US46625H1005,28962,5792466.0,5.792466
2025-02-21,FUND_A,FR0000131104,25499,5099717.0,5.099717
2025-02-21,FUND_A,CH0012221716,18245,3649042.0,3.649042
2025-02-21,FUND_A,GB0009252882,22505,4500916.0,4.500916
2025-02-21,FUND_A,JP3633400001,24214,4842723.0,4.842723
2025-02-21,FUND_A,AU000000BHP4,17097,3419388.0,3.419388
2025-02-21,FUND_A,XS1000000001,105467,10546663.0,10.546663
2025-02-21,FUND_A,XS1000000002,101539,10153931.0,10.153931
2025-02-21,FUND_A,XS1000000003,125928,12592820.0,12.59282
2025-02-21,FUND_A,XS1000000005,85637,8563691.0,8.563691
2025-02-21,FUND_A,XS1000000006,69401,6940097.0,6.940097
2025-02-21,FUND_A,XS1000000008,88206,8820627.0,8.820627
2025-02-24,FUND_A,US0378331005,38029,7605827.0,7.605827
2025-02-24,FUND_A,US5949181045,35602,7120345.0,7.120345
2025-02-24,FUND_A,US46625H1005,32873,6574632.0,6.574632
2025-02-24,FUND_A,FR0000131104,24529,4905716.0,4.905716
2025-02-24,FUND_A,CH0012221716,20989,4197855.0,4.197855
2025-02-24,FUND_A,GB0009252882,24181,4836199.0,4.836199
2025-02-24,FUND_A,JP3633400001,26055,5210980.0,5.21098
2025-02-24,FUND_A,AU000000BHP4,18987,3797392.0,3.797392
2025-02-24,FUND_A,XS1000000001,105697,10569742.0,10.569742
2025-02-24,FUND_A,XS1000000002,98109,9810866.0,9.810866
2025-02-24,FUND_A,XS1000000003,116528,11652820.0,11.65282
2025-02-24,FUND_A,XS1000000005,77404,7740355.0,7.740355
2025-02-24,FUND_A,XS1000000006,67024,6702397.0,6.702397
2025-02-24,FUND_A,XS1000000008,92749,9274872.0,9.274872
2025-02-25,FUND_A,US0378331005,40812,8162499.0,8.162499
2025-02-25,FUND_A,US5949181045,34000,6800048.0,6.800048
2025-02-25,FUND_A,US46625H1005,31376,6275213.0,6.275213
2025-02-25,FUND_A,FR0000131104,26656,5331252.0,5.331252
2025-02-25,FUND_A,CH0012221716,18563,3712604.0,3.712604
2025-02-25,FUND_A,GB0009252882,23318,4663541.0,4.663541
2025-02-25,FUND_A,JP3633400001,26560,5312048.0,5.312048
2025-02-25,FUND_A,AU000000BHP4,15763,3152588.0,3.152588
2025-02-25,FUND_A,XS1000000001,104454,10445388.0,10.445388
2025-02-25,FUND_A,XS1000000002,105926,10592584.0,10.592584
2025-02-25,FUND_A,XS1000000003,117499,11749933.0,11.749933
2025-02-25,FUND_A,XS1000000005,76176,7617631.0,7.617631
2025-02-25,FUND_A,XS1000000006,68952,6895189.0,6.895189
2025-02-25,FUND_A,XS1000000008,92895,9289481.0,9.289481
2025-02-26,FUND_A,US0378331005,42281,8456184.0,8.456184
2025-02-26,FUND_A,US5949181045,34475,6895033.0,6.895033
2025-02-26,FUND_A,US46625H1005,31068,6213553.0,6.213553
2025-02-26,FUND_A,FR0000131104,22875,4574920.0,4.57492
2025-02-26,FUND_A,CH0012221716,20948,4189629.0,4.189629
2025-02-26,FUND_A,GB0009252882,23131,4626154.0,4.626154
2025-02-26,FUND_A,JP3633400001,23004,4600819.0,4.600819
2025-02-26,FUND_A,AU000000BHP4,18858,3771594.0,3.771594
2025-02-26,FUND_A,XS1000000001,103479,10347859.0,10.347859
2025-02-26,FUND_A,XS1000000002,100980,10098036.0,10.098036
2025-02-26,FUND_A,XS1000000003,116183,11618322.0,11.618322
2025-02-26,FUND_A,XS1000000005,84818,8481849.0,8.481849
2025-02-26,FUND_A,XS1000000006,72809,7280923.0,7.280923
2025-02-26,FUND_A,XS1000000008,88451,8845123.0,8.845123
2025-02-27,FUND_A,US0378331005,39370,7873990.0,7.87399
2025-02-27,FUND_A,US5949181045,34117,6823439.0,6.823439
2025-02-27,FUND_A,US46625H1005,29824,5964760.0,5.96476
2025-02-27,FUND_A,FR0000131104,24040,4808021.0,4.808021
2025-02-27,FUND_A,CH0012221716,21599,4319738.0,4.319738
2025-02-27,FUND_A,GB0009252882,23946,4789250.0,4.78925
2025-02-27,FUND_A,JP3633400001,22870,4573945.0,4.573945
2025-02-27,FUND_A,AU000000BHP4,19668,3933617.0,3.933617
2025-02-27,FUND_A,XS1000000001,100661,10066056.0,10.066056
2025-02-27,FUND_A,XS1000000002,102579,10257853.0,10.257853
2025-02-27,FUND_A,XS1000000003,121236,12123567.0,12.123567
2025-02-27,FUND_A,XS1000000005,78810,7881050.0,7.88105
2025-02-27,FUND_A,XS1000000006,71842,7184172.0,7.184172
2025-02-27,FUND_A,XS1000000008,94005,9400541.0,9.400541
2025-02-28,FUND_A,US0378331005,39044,7808768.0,7.808768
2025-02-28,FUND_A,US5949181045,36723,7344585.0,7.344585
2025-02-28,FUND_A,US46625H1005,30341,6068236.0,6.068236
2025-02-28,FUND_A,FR0000131104,25042,5008309.0,5.008309
2025-02-28,FUND_A,CH0012221716,19776,3955169.0,3.955169
2025-02-28,FUND_A,GB0009252882,23773,4754581.0,4.754581
2025-02-28,FUND_A,JP3633400001,23961,4792136.0,4.792136
2025-02-28,FUND_A,AU000000BHP4,19354,3870890.0,3.87089
2025-02-28,FUND_A,XS1000000001,103822,10382165.0,10.382165
2025-02-28,FUND_A,XS1000000002,96344,9634393.0,9.634393
2025-02-28,FUND_A,XS1000000003,124433,12443276.0,12.443276
2025-02-28,FUND_A,XS1000000005,77824,7782418.0,7.782418
2025-02-28,FUND_A,XS1000000006,69994,6999384.0,6.999384
2025-02-28,FUND_A,XS1000000008,91557,9155690.0,9.15569
2025-03-03,FUND_A,US0378331005,40030,8006090.0,8.00609
2025-03-03,FUND_A,US5949181045,33170,6634019.0,6.634019
2025-03-03,FUND_A,US46625H1005,32267,6453404.0,6.453404
2025-03-03,FUND_A,FR0000131104,23787,4757366.0,4.757366
2025-03-03,FUND_A,CH0012221716,18860,3772002.0,3.772002
2025-03-03,FUND_A,GB0009252882,24376,4875229.0,4.875229
2025-03-03,FUND_A,JP3633400001,24592,4918421.0,4.918421
2025-03-03,FUND_A,AU000000BHP4,19715,3942916.0,3.942916
2025-03-03,FUND_A,XS1000000001,103657,10365745.0,10.365745
2025-03-03,FUND_A,XS1000000002,99340,9933976.0,9.933976
2025-03-03,FUND_A,XS1000000003,116958,11695829.0,11.695829
2025-03-03,FUND_A,XS1000000005,85843,8584344.0,8.584344
2025-03-03,FUND_A,XS1000000006,66918,6691850.0,6.69185
2025-03-03,FUND_A,XS1000000008,93688,9368810.0,9.36881
2025-03-04,FUND_A,US0378331005,40269,8053741.0,8.053741
2025-03-04,FUND_A,US5949181045,36587,7317370.0,7.31737
2025-03-04,FUND_A,US46625H1005,31206,6241107.0,6.241107
2025-03-04,FUND_A,FR0000131104,25939,5187878.0,5.187878
2025-03-04,FUND_A,CH0012221716,20117,4023375.0,4.023375
2025-03-04,FUND_A,GB0009252882,24160,4832029.0,4.832029
2025-03-04,FUND_A,JP3633400001,23153,4630519.0,4.630519
2025-03-04,FUND_A,AU000000BHP4,16239,3247875.0,3.247875
2025-03-04,FUND_A,XS1000000001,102749,10274922.0,10.274922
2025-03-04,FUND_A,XS1000000002,98862,9886196.0,9.886196
2025-03-04,FUND_A,XS1000000003,121801,12180106.0,12.180106
2025-03-04,FUND_A,XS1000000005,80383,8038299.0,8.038299
2025-03-04,FUND_A,XS1000000006,70883,7088274.0,7.088274
2025-03-04,FUND_A,XS1000000008,89983,8998310.0,8.99831
2025-03-05,FUND_A,US0378331005,42225,8444978.0,8.444978
2025-03-05,FUND_A,US5949181045,34978,6995675.0,6.995675
2025-03-05,FUND_A,US46625H1005,31763,6352581.0,6.352581
2025-03-05,FUND_A,FR0000131104,24430,4886078.0,4.886078
2025-03-05,FUND_A,CH0012221716,19210,3841956.0,3.841956
2025-03-05,FUND_A,GB0009252882,21101,4220121.0,4.220121
2025-03-05,FUND_A,JP3633400001,24029,4805855.0,4.805855
2025-03-05,FUND_A,AU000000BHP4,15974,3194855.0,3.194855
2025-03-05,FUND_A,XS1000000001,102781,10278112.0,10.278112
2025-03-05,FUND_A,XS1000000002,105099,10509901.0,10.509901
2025-03-05,FUND_A,XS1000000003,119672,11967209.0,11.967209
2025-03-05,FUND_A,XS1000000005,79026,7902645.0,7.902645
2025-03-05,FUND_A,XS1000000006,71528,7152785.0,7.152785
2025-03-05,FUND_A,XS1000000008,94472,9447250.0,9.44725
2025-03-06,FUND_A,US0378331005,43399,8679734.0,8.679734
2025-03-06,FUND_A,US5949181045,35965,7192970.0,7.19297
2025-03-06,FUND_A,US46625H1005,29608,5921578.0,5.921578
2025-03-06,FUND_A,FR0000131104,23554,4710770.0,4.71077
2025-03-06,FUND_A,CH0012221716,18913,3782641.0,3.782641
2025-03-06,FUND_A,GB0009252882,21644,4328787.0,4.328787
2025-03-06,FUND_A,JP3633400001,23958,4791576.0,4.791576
2025-03-06,FUND_A,AU000000BHP4,15432,3086377.0,3.086377
2025-03-06,FUND_A,XS1000000001,102746,10274585.0,10.274585
2025-03-06,FUND_A,XS1000000002,100085,10008535.0,10.008535
2025-03-06,FUND_A,XS1000000003,127732,12773219.0,12.773219
2025-03-06,FUND_A,XS1000000005,82463,8246343.0,8.246343
2025-03-06,FUND_A,XS1000000006,73699,7369891.0,7.369891
2025-03-06,FUND_A,XS1000000008,88330,8832993.0,8.832993
2025-03-07,FUND_A,US0378331005,42139,8427719.0,8.427719
2025-03-07,FUND_A,US5949181045,35202,7040381.0,7.040381
2025-03-07,FUND_A,US46625H1005,32089,6417845.0,6.417845
2025-03-07,FUND_A,FR0000131104,25550,5109994.0,5.109994
2025-03-07,FUND_A,CH0012221716,19988,3997504.0,3.997504
2025-03-07,FUND_A,GB0009252882,22360,4471912.0,4.471912
2025-03-07,FUND_A,JP3633400001,23588,4717534.0,4.717534
2025-03-07,FUND_A,AU000000BHP4,15365,3072984.0,3.072984
2025-03-07,FUND_A,XS1000000001,105150,10514997.0,10.514997
2025-03-07,FUND_A,XS1000000002,100484,10048382.0,10.048382
2025-03-07,FUND_A,XS1000000003,124094,12409369.0,12.409369
2025-03-07,FUND_A,XS1000000005,79567,7956653.0,7.956653
2025-03-07,FUND_A,XS1000000006,66206,6620634.0,6.620634
2025-03-07,FUND_A,XS1000000008,91941,9194092.0,9.194092
2025-03-10,FUND_A,US0378331005,38209,7641872.0,7.641872
2025-03-10,FUND_A,US5949181045,33634,6726892.0,6.726892
2025-03-10,FUND_A,US46625H1005,30668,6133683.0,6.133683
2025-03-10,FUND_A,FR0000131104,24300,4859967.0,4.859967
2025-03-10,FUND_A,CH0012221716,22732,4546429.0,4.546429
2025-03-10,FUND_A,GB0009252882,20833,4166575.0,4.166575
2025-03-10,FUND_A,JP3633400001,26630,5325957.0,5.325957
2025-03-10,FUND_A,AU000000BHP4,18242,3648457.0,3.648457
2025-03-10,FUND_A,XS1000000001,104110,10410986.0,10.410986
2025-03-10,FUND_A,XS1000000002,98393,9839330.0,9.83933
2025-03-10,FUND_A,XS1000000003,121631,12163054.0,12.163054
2025-03-10,FUND_A,XS1000000005,80434,8043415.0,8.043415
2025-03-10,FUND_A,XS1000000006,70238,7023845.0,7.023845
2025-03-10,FUND_A,XS1000000008,94695,9469538.0,9.469538
2025-03-11,FUND_A,US0378331005,43249,8649872.0,8.649872
2025-03-11,FUND_A,US5949181045,34668,6933504.0,6.933504
2025-03-11,FUND_A,US46625H1005,31181,6236267.0,6.236267
2025-03-11,FUND_A,FR0000131104,26029,5205829.0,5.205829
2025-03-11,FUND_A,CH0012221716,21600,4319917.0,4.319917
2025-03-11,FUND_A,GB0009252882,25204,5040738.0,5.040738
2025-03-11,FUND_A,JP3633400001,23982,4796421.0,4.796421
2025-03-11,FUND_A,AU000000BHP4,16357,3271479.0,3.271479
2025-03-11,FUND_A,XS1000000001,103517,10351717.0,10.351717
2025-03-11,FUND_A,XS1000000002,98389,9838869.0,9.838869
2025-03-11,FUND_A,XS1000000003,118936,11893595.0,11.893595
2025-03-11,FUND_A,XS1000000005,77177,7717679.0,7.717679
2025-03-11,FUND_A,XS1000000006,66251,6625101.0,6.625101
2025-03-11,FUND_A,XS1000000008,91190,9119013.0,9.119013
2025-03-12,FUND_A,US0378331005,40240,8047997.0,8.047997
2025-03-12,FUND_A,US5949181045,33764,6752818.0,6.752818
2025-03-12,FUND_A,US46625H1005,28495,5699034.0,5.699034
2025-03-12,FUND_A,FR0000131104,25887,5177483.0,5.177483
2025-03-12,FUND_A,CH0012221716,20896,4179197.0,4.179197
2025-03-12,FUND_A,GB0009252882,22144,4428820.0,4.42882
2025-03-12,FUND_A,JP3633400001,25790,5158023.0,5.158023
2025-03-12,FUND_A,AU000000BHP4,19508,3901700.0,3.9017
2025-03-12,FUND_A,XS1000000001,102296,10229595.0,10.229595
2025-03-12,FUND_A,XS1000000002,100677,10067747.0,10.067747
2025-03-12,FUND_A,XS1000000003,120923,12092347.0,12.092347
2025-03-12,FUND_A,XS1000000005,83859,8385931.0,8.385931
2025-03-12,FUND_A,XS1000000006,68859,6885940.0,6.88594
2025-03-12,FUND_A,XS1000000008,89934,8993367.0,8.993367
2025-03-13,FUND_A,US0378331005,40947,8189375.0,8.189375
2025-03-13,FUND_A,US5949181045,37232,7446365.0,7.446365
2025-03-13,FUND_A,US46625H1005,31795,6359043.0,6.359043
2025-03-13,FUND_A,FR0000131104,22974,4594829.0,4.594829
2025-03-13,FUND_A,CH0012221716,18424,3684703.0,3.684703
2025-03-13,FUND_A,GB0009252882,21648,4329680.0,4.32968
2025-03-13,FUND_A,JP3633400001,26379,5275848.0,5.275848
2025-03-13,FUND_A,AU000000BHP4,17937,3587492.0,3.587492
2025-03-13,FUND_A,XS1000000001,98388,9838758.0,9.838758
2025-03-13,FUND_A,XS1000000002,96737,9673659.0,9.673659
2025-03-13,FUND_A,XS1000000003,122511,12251121.0,12.251121
2025-03-13,FUND_A,XS1000000005,82417,8241741.0,8.241741
2025-03-13,FUND_A,XS1000000006,74808,7480805.0,7.480805
2025-03-13,FUND_A,XS1000000008,90466,9046582.0,9.046582
2025-03-14,FUND_A,US0378331005,40383,8076551.0,8.076551
2025-03-14,FUND_A,US5949181045,33243,6648566.0,6.648566
2025-03-14,FUND_A,US46625H1005,27986,5597212.0,5.597212
2025-03-14,FUND_A,FR0000131104,24915,4983087.0,4.983087
2025-03-14,FUND_A,CH0012221716,19309,3861892.0,3.861892
2025-03-14,FUND_A,GB0009252882,21472,4294370.0,4.29437
2025-03-14,FUND_A,JP3633400001,23194,4638858.0,4.638858
2025-03-14,FUND_A,AU000000BHP4,20015,4002927.0,4.002927
2025-03-14,FUND_A,XS1000000001,104430,10442961.0,10.442961
2025-03-14,FUND_A,XS1000000002,101795,10179502.0,10.179502
2025-03-14,FUND_A,XS1000000003,125797,12579682.0,12.579682
2025-03-14,FUND_A,XS1000000005,85876,8587564.0,8.587564
2025-03-14,FUND_A,XS1000000006,72465,7246532.0,7.246532
2025-03-14,FUND_A,XS1000000008,88603,8860297.0,8.860297
2025-03-17,FUND_A,US0378331005,38071,7614220.0,7.61422
2025-03-17,FUND_A,US5949181045,36637,7327470.0,7.32747
2025-03-17,FUND_A,US46625H1005,30145,6029086.0,6.029086
2025-03-17,FUND_A,FR0000131104,26010,5202058.0,5.202058
2025-03-17,FUND_A,CH0012221716,22297,4459405.0,4.459405
2025-03-17,FUND_A,GB0009252882,21113,4222520.0,4.22252
2025-03-17,FUND_A,JP3633400001,25676,5135229.0,5.135229
2025-03-17,FUND_A,AU000000BHP4,18352,3670451.0,3.670451
2025-03-17,FUND_A,XS1000000001,100898,10089769.0,10.089769
2025-03-17,FUND_A,XS1000000002,96854,9685356.0,9.685356
2025-03-17,FUND_A,XS1000000003,119642,11964218.0,11.964218
2025-03-17,FUND_A,XS1000000005,79102,7910172.0,7.910172
2025-03-17,FUND_A,XS1000000006,72405,7240490.0,7.24049
2025-03-17,FUND_A,XS1000000008,94496,9449555.0,9.449555
2025-03-18,FUND_A,US0378331005,39052,7810441.0,7.810441
2025-03-18,FUND_A,US5949181045,35879,7175884.0,7.175884
2025-03-18,FUND_A,US46625H1005,28870,5773904.0,5.773904
2025-03-18,FUND_A,FR0000131104,27159,5431728.0,5.431728
2025-03-18,FUND_A,CH0012221716,21514,4302899.0,4.302899
2025-03-18,FUND_A,GB0009252882,22694,4538845.0,4.538845
2025-03-18,FUND_A,JP3633400001,24713,4942573.0,4.942573
2025-03-18,FUND_A,AU000000BHP4,16532,3306321.0,3.306321
2025-03-18,FUND_A,XS1000000001,97990,9798982.0,9.798982
2025-03-18,FUND_A,XS1000000002,104443,10444293.0,10.444293
2025-03-18,FUND_A,XS1000000003,118747,11874737.0,11.874737
2025-03-18,FUND_A,XS1000000005,79948,7994777.0,7.994777
2025-03-18,FUND_A,XS1000000006,74696,7469602.0,7.469602
2025-03-18,FUND_A,XS1000000008,91350,9135014.0,9.135014
2025-03-19,FUND_A,US0378331005,40391,8078264.0,8.078264
2025-03-19,FUND_A,US5949181045,34720,6943909.0,6.943909
2025-03-19,FUND_A,US46625H1005,28564,5712808.0,5.712808
2025-03-19,FUND_A,FR0000131104,24417,4883342.0,4.883342
2025-03-19,FUND_A,CH0012221716,21377,4275321.0,4.275321
2025-03-19,FUND_A,GB0009252882,23230,4645924.0,4.645924
2025-03-19,FUND_A,JP3633400001,26417,5283320.0,5.28332
2025-03-19,FUND_A,AU000000BHP4,16089,3217767.0,3.217767
2025-03-19,FUND_A,XS1000000001,100938,10093790.0,10.09379
2025-03-19,FUND_A,XS1000000002,104739,10473922.0,10.473922
2025-03-19,FUND_A,XS1000000003,119911,11991064.0,11.991064
2025-03-19,FUND_A,XS1000000005,82346,8234611.0,8.234611
2025-03-19,FUND_A,XS1000000006,66508,6650794.0,6.650794
2025-03-19,FUND_A,XS1000000008,95152,9515162.0,9.515162
2025-03-20,FUND_A,US0378331005,40854,8170729.0,8.170729
2025-03-20,FUND_A,US5949181045,33954,6790707.0,6.790707
2025-03-20,FUND_A,US46625H1005,28508,5701542.0,5.701542
2025-03-20,FUND_A,FR0000131104,25447,5089368.0,5.089368
2025-03-20,FUND_A,CH0012221716,20416,4083163.0,4.083163
2025-03-20,FUND_A,GB0009252882,20622,4124434.0,4.124434
2025-03-20,FUND_A,JP3633400001,27671,5534154.0,5.534154
2025-03-20,FUND_A,AU000000BHP4,19714,3942779.0,3.942779
2025-03-20,FUND_A,XS1000000001,100374,10037437.0,10.037437
2025-03-20,FUND_A,XS1000000002,96908,9690831.0,9.690831
2025-03-20,FUND_A,XS1000000003,124262,12426217.0,12.426217
2025-03-20,FUND_A,XS1000000005,80594,8059390.0,8.05939
2025-03-20,FUND_A,XS1000000006,72717,7271654.0,7.271654
2025-03-20,FUND_A,XS1000000008,90776,9077595.0,9.077595
2025-03-21,FUND_A,US0378331005,38537,7707458.0,7.707458
2025-03-21,FUND_A,US5949181045,36362,7272480.0,7.27248
2025-03-21,FUND_A,US46625H1005,32126,6425252.0,6.425252
2025-03-21,FUND_A,FR0000131104,23517,4703475.0,4.703475
2025-03-21,FUND_A,CH0012221716,20084,4016885.0,4.016885
2025-03-21,FUND_A,GB0009252882,21732,4346386.0,4.346386
2025-03-21,FUND_A,JP3633400001,26879,5375857.0,5.375857
2025-03-21,FUND_A,AU000000BHP4,17392,3478469.0,3.478469
2025-03-21,FUND_A,XS1000000001,102912,10291245.0,10.291245
2025-03-21,FUND_A,XS1000000002,102761,10276076.0,10.276076
2025-03-21,FUND_A,XS1000000003,116763,11676312.0,11.676312
2025-03-21,FUND_A,XS1000000005,82197,8219656.0,8.219656
2025-03-21,FUND_A,XS1000000006,68563,6856261.0,6.856261
2025-03-21,FUND_A,XS1000000008,93542,9354188.0,9.354188
2025-03-24,FUND_A,US0378331005,40488,8097627.0,8.097627
2025-03-24,FUND_A,US5949181045,37014,7402725.0,7.402725
2025-03-24,FUND_A,US46625H1005,29239,5847753.0,5.847753
2025-03-24,FUND_A,FR0000131104,24262,4852421.0,4.852421
2025-03-24,FUND_A,CH0012221716,20664,4132815.0,4.132815
2025-03-24,FUND_A,GB0009252882,25275,5055016.0,5.055016
2025-03-24,FUND_A,JP3633400001,25228,5045651.0,5.045651
2025-03-24,FUND_A,AU000000BHP4,15920,3183939.0,3.183939
2025-03-24,FUND_A,XS1000000001,101513,10151267.0,10.151267
2025-03-24,FUND_A,XS1000000002,99556,9955638.0,9.955638
2025-03-24,FUND_A,XS1000000003,121872,12187204.0,12.187204
2025-03-24,FUND_A,XS1000000005,81337,8133720.0,8.13372
2025-03-24,FUND_A,XS1000000006,70334,7033420.0,7.03342
2025-03-24,FUND_A,XS1000000008,89208,8920804.0,8.920804
2025-03-25,FUND_A,US0378331005,38398,7679536.0,7.679536
2025-03-25,FUND_A,US5949181045,35945,7188965.0,7.188965
2025-03-25,FUND_A,US46625H1005,30323,6064599.0,6.064599
2025-03-25,FUND_A,FR0000131104,23640,4727950.0,4.72795
2025-03-25,FUND_A,CH0012221716,21352,4270475.0,4.270475
2025-03-25,FUND_A,GB0009252882,20194,4038853.0,4.038853
2025-03-25,FUND_A,JP3633400001,26192,5238487.0,5.238487
2025-03-25,FUND_A,AU000000BHP4,18504,3700835.0,3.700835
2025-03-25,FUND_A,XS1000000001,102992,10299183.0,10.299183
2025-03-25,FUND_A,XS1000000002,98744,9874357.0,9.874357
2025-03-25,FUND_A,XS1000000003,121493,12149267.0,12.149267
2025-03-25,FUND_A,XS1000000005,83109,8310882.0,8.310882
2025-03-25,FUND_A,XS1000000006,74719,7471948.0,7.471948
2025-03-25,FUND_A,XS1000000008,89847,8984663.0,8.984663
2025-03-26,FUND_A,US0378331005,37807,7561456.0,7.561456
2025-03-26,FUND_A,US5949181045,35125,7024994.0,7.024994
2025-03-26,FUND_A,US46625H1005,30550,6109926.0,6.109926
2025-03-26,FUND_A,FR0000131104,26936,5387110.0,5.38711
2025-03-26,FUND_A,CH0012221716,21942,4388372.0,4.388372
2025-03-26,FUND_A,GB0009252882,22274,4454703.0,4.454703
2025-03-26,FUND_A,JP3633400001,25211,5042246.0,5.042246
2025-03-26,FUND_A,AU000000BHP4,17341,3468136.0,3.468136
2025-03-26,FUND_A,XS1000000001,102556,10255587.0,10.255587
2025-03-26,FUND_A,XS1000000002,99421,9942109.0,9.942109
2025-03-26,FUND_A,XS1000000003,121942,12194190.0,12.19419
2025-03-26,FUND_A,XS1000000005,76792,7679178.0,7.679178
2025-03-26,FUND_A,XS1000000006,69921,6992087.0,6.992087
2025-03-26,FUND_A,XS1000000008,94999,9499905.0,9.499905
2025-03-27,FUND_A,US0378331005,39182,7836429.0,7.836429
2025-03-27,FUND_A,US5949181045,35954,7190748.0,7.190748
2025-03-27,FUND_A,US46625H1005,30741,6148164.0,6.148164
2025-03-27,FUND_A,FR0000131104,26752,5350310.0,5.35031
2025-03-27,FUND_A,CH0012221716,21756,4351158.0,4.351158
2025-03-27,FUND_A,GB0009252882,24290,4858021.0,4.858021
2025-03-27,FUND_A,JP3633400001,24393,4878682.0,4.878682
2025-03-27,FUND_A,AU000000BHP4,16579,3315759.0,3.315759
2025-03-27,FUND_A,XS1000000001,102159,10215938.0,10.215938
2025-03-27,FUND_A,XS1000000002,102566,10256612.0,10.256612
2025-03-27,FUND_A,XS1000000003,123690,12369018.0,12.369018
2025-03-27,FUND_A,XS1000000005,75338,7533850.0,7.53385
2025-03-27,FUND_A,XS1000000006,65666,6566634.0,6.566634
2025-03-27,FUND_A,XS1000000008,91287,9128678.0,9.128678
2025-03-28,FUND_A,US0378331005,41997,8399484.0,8.399484
2025-03-28,FUND_A,US5949181045,37392,7478333.0,7.478333
2025-03-28,FUND_A,US46625H1005,31154,6230858.0,6.230858
2025-03-28,FUND_A,FR0000131104,24607,4921407.0,4.921407
2025-03-28,FUND_A,CH0012221716,17946,3589279.0,3.589279
2025-03-28,FUND_A,GB0009252882,23110,4621948.0,4.621948
2025-03-28,FUND_A,JP3633400001,26794,5358897.0,5.358897
2025-03-28,FUND_A,AU000000BHP4,17175,3434909.0,3.434909
2025-03-28,FUND_A,XS1000000001,101680,10168041.0,10.168041
2025-03-28,FUND_A,XS1000000002,103769,10376931.0,10.376931
2025-03-28,FUND_A,XS1000000003,115166,11516588.0,11.516588
2025-03-28,FUND_A,XS1000000005,82750,8275017.0,8.275017
2025-03-28,FUND_A,XS1000000006,67761,6776068.0,6.776068
2025-03-28,FUND_A,XS1000000008,88522,8852240.0,8.85224
2025-03-31,FUND_A,US0378331005,38991,7798266.0,7.798266
2025-03-31,FUND_A,US5949181045,35858,7171592.0,7.171592
2025-03-31,FUND_A,US46625H1005,30935,6187076.0,6.187076
2025-03-31,FUND_A,FR0000131104,26991,5398221.0,5.398221
2025-03-31,FUND_A,CH0012221716,18716,3743280.0,3.74328
2025-03-31,FUND_A,GB0009252882,20802,4160433.0,4.160433
2025-03-31,FUND_A,JP3633400001,27391,5478106.0,5.478106
2025-03-31,FUND_A,AU000000BHP4,18460,3692003.0,3.692003
2025-03-31,FUND_A,XS1000000001,99354,9935373.0,9.935373
2025-03-31,FUND_A,XS1000000002,106208,10620793.0,10.620793
2025-03-31,FUND_A,XS1000000003,118757,11875653.0,11.875653
2025-03-31,FUND_A,XS1000000005,81201,8120149.0,8.120149
2025-03-31,FUND_A,XS1000000006,68889,6888867.0,6.888867
2025-03-31,FUND_A,XS1000000008,89302,8930187.0,8.930187
2025-01-02,FUND_B,DE0005140008,36276,7255239.0,14.510478
2025-01-02,FUND_B,FR0000131104,45765,9152998.0,18.305996
2025-01-02,FUND_B,CH0012221716,43506,8701252.5,17.402505
2025-01-02,FUND_B,GB0009252882,40447,8089407.5,16.178815
2025-01-02,FUND_B,JP3633400001,41648,8329608.0,16.659216
2025-01-02,FUND_B,AU000000BHP4,42357,8471495.5,16.942991
2025-01-03,FUND_B,DE0005140008,37080,7415976.0,14.831952
2025-01-03,FUND_B,FR0000131104,45177,9035492.5,18.070985
2025-01-03,FUND_B,CH0012221716,42808,8561611.0,17.123222
2025-01-03,FUND_B,GB0009252882,39774,7954853.0,15.909706
2025-01-03,FUND_B,JP3633400001,41837,8367369.0,16.734738
2025-01-03,FUND_B,AU000000BHP4,43323,8664699.0,17.329398
2025-01-06,FUND_B,DE0005140008,36951,7390176.0,14.780352
2025-01-06,FUND_B,FR0000131104,44959,8991706.0,17.983412
2025-01-06,FUND_B,CH0012221716,42692,8538475.5,17.076951
2025-01-06,FUND_B,GB0009252882,39560,7912035.5,15.824071
2025-01-06,FUND_B,JP3633400001,42915,8583077.5,17.166155
2025-01-06,FUND_B,AU000000BHP4,42923,8584530.0,17.16906
2025-01-07,FUND_B,DE0005140008,38438,7687574.0,15.375148
2025-01-07,FUND_B,FR0000131104,44151,8830108.5,17.660217
2025-01-07,FUND_B,CH0012221716,43363,8672669.0,17.345338
2025-01-07,FUND_B,GB0009252882,40089,8017818.0,16.035636
2025-01-07,FUND_B,JP3633400001,41618,8323605.5,16.647211
2025-01-07,FUND_B,AU000000BHP4,42341,8468224.5,16.936449
2025-01-08,FUND_B,DE0005140008,37781,7556116.5,15.112233
2025-01-08,FUND_B,FR0000131104,45391,9078142.0,18.156284
2025-01-08,FUND_B,CH0012221716,41172,8234437.0,16.468874
2025-01-08,FUND_B,GB0009252882,40071,8014190.0,16.02838
2025-01-08,FUND_B,JP3633400001,42286,8457194.0,16.914388
2025-01-08,FUND_B,AU000000BHP4,43300,8659921.0,17.319842
2025-01-09,FUND_B,DE0005140008,36854,7370841.0,14.741682
2025-01-09,FUND_B,FR0000131104,45609,9121886.5,18.243773
2025-01-09,FUND_B,CH0012221716,42639,8527783.0,17.055566
2025-01-09,FUND_B,GB0009252882,39511,7902299.5,15.804599
2025-01-09,FUND_B,JP3633400001,42713,8542515.0,17.08503
2025-01-09,FUND_B,AU000000BHP4,42673,8534675.0,17.06935
2025-01-10,FUND_B,DE0005140008,37410,7482049.0,14.964098
2025-01-10,FUND_B,FR0000131104,44911,8982210.5,17.964421
2025-01-10,FUND_B,CH0012221716,42294,8458810.5,16.917621
2025-01-10,FUND_B,GB0009252882,40271,8054166.0,16.108332
2025-01-10,FUND_B,JP3633400001,42218,8443561.5,16.887123
2025-01-10,FUND_B,AU000000BHP4,42896,8579202.5,17.158405
2025-01-13,FUND_B,DE0005140008,37942,7588486.5,15.176973
2025-01-13,FUND_B,FR0000131104,44612,8922475.0,17.84495
2025-01-13,FUND_B,CH0012221716,42438,8487542.5,16.975085
2025-01-13,FUND_B,GB0009252882,40280,8056047.0,16.112094
2025-01-13,FUND_B,JP3633400001,43168,8633605.5,17.267211
2025-01-13,FUND_B,AU000000BHP4,41559,8311843.0,16.623686
2025-01-14,FUND_B,DE0005140008,37039,7407830.5,14.815661
2025-01-14,FUND_B,FR0000131104,45682,9136413.5,18.272827
2025-01-14,FUND_B,CH0012221716,41747,8349401.5,16.698803
2025-01-14,FUND_B,GB0009252882,39135,7826937.0,15.653874
2025-01-14,FUND_B,JP3633400001,42658,8531538.0,17.063076
2025-01-14,FUND_B,AU000000BHP4,43739,8747879.0,17.495758
2025-01-15,FUND_B,DE0005140008,37265,7452946.5,14.905893
2025-01-15,FUND_B,FR0000131104,45651,9130203.0,18.260406
2025-01-15,FUND_B,CH0012221716,42966,8593198.0,17.186396
2025-01-15,FUND_B,GB0009252882,39065,7812987.0,15.625974
2025-01-15,FUND_B,JP3633400001,42952,8590330.5,17.180661
2025-01-15,FUND_B,AU000000BHP4,42102,8420334.5,16.840669
2025-01-16,FUND_B,DE0005140008,38224,7644790.5,15.289581
2025-01-16,FUND_B,FR0000131104,45566,9113202.0,18.226404
2025-01-16,FUND_B,CH0012221716,42050,8410057.5,16.820115
2025-01-16,FUND_B,GB0009252882,38995,7798960.5,15.597921
2025-01-16,FUND_B,JP3633400001,43609,8721802.0,17.443604
2025-01-16,FUND_B,AU000000BHP4,41556,8311187.5,16.622375
2025-01-17,FUND_B,DE0005140008,37796,7559188.0,15.118376
2025-01-17,FUND_B,FR0000131104,44867,8973442.5,17.946885
2025-01-17,FUND_B,CH0012221716,42091,8418264.5,16.836529
2025-01-17,FUND_B,GB0009252882,40273,8054503.5,16.109007
2025-01-17,FUND_B,JP3633400001,42685,8537055.5,17.074111
2025-01-17,FUND_B,AU000000BHP4,42288,8457545.5,16.915091
2025-01-20,FUND_B,DE0005140008,37226,7445204.5,14.890409
2025-01-20,FUND_B,FR0000131104,45802,9160496.0,18.320992
2025-01-20,FUND_B,CH0012221716,41353,8270642.0,16.541284
2025-01-20,FUND_B,GB0009252882,40158,8031573.5,16.063147
2025-01-20,FUND_B,JP3633400001,42457,8491441.0,16.982882
2025-01-20,FUND_B,AU000000BHP4,43003,8600643.0,17.201286
2025-01-21,FUND_B,DE0005140008,37794,7558824.0,15.117648
2025-01-21,FUND_B,FR0000131104,45048,9009685.0,18.01937
2025-01-21,FUND_B,CH0012221716,43150,8629987.0,17.259974
2025-01-21,FUND_B,GB0009252882,40953,8190514.5,16.381029
2025-01-21,FUND_B,JP3633400001,41371,8274238.5,16.548477
2025-01-21,FUND_B,AU000000BHP4,41684,8336750.5,16.673501
2025-01-22,FUND_B,DE0005140008,36433,7286521.0,14.573042
2025-01-22,FUND_B,FR0000131104,46113,9222505.0,18.44501
2025-01-22,FUND_B,CH0012221716,42795,8558904.5,17.117809
2025-01-22,FUND_B,GB0009252882,41174,8234761.0,16.469522
2025-01-22,FUND_B,JP3633400001,41942,8388322.5,16.776645
2025-01-22,FUND_B,AU000000BHP4,41545,8308986.0,16.617972
2025-01-23,FUND_B,DE0005140008,38108,7621551.0,15.243102
2025-01-23,FUND_B,FR0000131104,45781,9156187.5,18.312375
2025-01-23,FUND_B,CH0012221716,41784,8356823.5,16.713647
2025-01-23,FUND_B,GB0009252882,39561,7912231.5,15.824463
2025-01-23,FUND_B,JP3633400001,41380,8276044.5,16.552089
2025-01-23,FUND_B,AU000000BHP4,43386,8677162.0,17.354324
2025-01-24,FUND_B,DE0005140008,37245,7449055.5,14.898111
2025-01-24,FUND_B,FR0000131104,45266,9053280.0,18.10656
2025-01-24,FUND_B,CH0012221716,41756,8351145.5,16.702291
2025-01-24,FUND_B,GB0009252882,41228,8245514.5,16.491029
2025-01-24,FUND_B,JP3633400001,41853,8370503.5,16.741007
2025-01-24,FUND_B,AU000000BHP4,42652,8530500.0,17.061
2025-01-27,FUND_B,DE0005140008,37672,7534347.0,15.068694
2025-01-27,FUND_B,FR0000131104,45302,9060365.5,18.120731
2025-01-27,FUND_B,CH0012221716,43322,8664457.0,17.328914
2025-01-27,FUND_B,GB0009252882,39531,7906156.0,15.812312
2025-01-27,FUND_B,JP3633400001,42816,8563288.0,17.126576
2025-01-27,FUND_B,AU000000BHP4,41357,8271386.5,16.542773
2025-01-28,FUND_B,DE0005140008,37514,7502788.5,15.005577
2025-01-28,FUND_B,FR0000131104,44265,8853018.0,17.706036
2025-01-28,FUND_B,CH0012221716,42732,8546327.0,17.092654
2025-01-28,FUND_B,GB0009252882,40012,8002424.0,16.004848
2025-01-28,FUND_B,JP3633400001,43894,8778819.5,17.557639
2025-01-28,FUND_B,AU000000BHP4,41583,8316623.0,16.633246
2025-01-29,FUND_B,DE0005140008,37026,7405277.0,14.810554
2025-01-29,FUND_B,FR0000131104,44678,8935507.0,17.871014
2025-01-29,FUND_B,CH0012221716,43450,8690087.0,17.380174
2025-01-29,FUND_B,GB0009252882,40724,8144742.5,16.289485
2025-01-29,FUND_B,JP3633400001,41331,8266203.0,16.532406
2025-01-29,FUND_B,AU000000BHP4,42791,8558183.5,17.116367
2025-01-30,FUND_B,DE0005140008,37766,7553118.5,15.106237
2025-01-30,FUND_B,FR0000131104,46384,9276855.0,18.55371
2025-01-30,FUND_B,CH0012221716,42320,8463947.0,16.927894
2025-01-30,FUND_B,GB0009252882,39909,7981708.0,15.963416
2025-01-30,FUND_B,JP3633400001,41896,8379167.5,16.758335
2025-01-30,FUND_B,AU000000BHP4,41726,8345204.0,16.690408
2025-01-31,FUND_B,DE0005140008,38284,7656733.5,15.313467
2025-01-31,FUND_B,FR0000131104,44786,8957140.0,17.91428
2025-01-31,FUND_B,CH0012221716,42810,8562057.5,17.124115
2025-01-31,FUND_B,GB0009252882,40263,8052675.0,16.10535
2025-01-31,FUND_B,JP3633400001,42647,8529320.0,17.05864
2025-01-31,FUND_B,AU000000BHP4,41210,8242074.0,16.484148
2025-02-03,FUND_B,DE0005140008,38388,7677591.0,15.355182
2025-02-03,FUND_B,FR0000131104,44557,8911473.0,17.822946
2025-02-03,FUND_B,CH0012221716,41751,8350151.0,16.700302
2025-02-03,FUND_B,GB0009252882,40341,8068222.0,16.136444
2025-02-03,FUND_B,JP3633400001,41607,8321365.5,16.642731
2025-02-03,FUND_B,AU000000BHP4,43356,8671197.5,17.342395
2025-02-04,FUND_B,DE0005140008,36890,7377966.5,14.755933
2025-02-04,FUND_B,FR0000131104,44437,8887353.0,17.774706
2025-02-04,FUND_B,CH0012221716,43568,8713651.0,17.427302
2025-02-04,FUND_B,GB0009252882,39703,7940527.5,15.881055
2025-02-04,FUND_B,JP3633400001,41757,8351382.5,16.702765
2025-02-04,FUND_B,AU000000BHP4,43646,8729119.5,17.458239
2025-02-05,FUND_B,DE0005140008,36786,7357283.5,14.714567
2025-02-05,FUND_B,FR0000131104,46566,9313213.5,18.626427
2025-02-05,FUND_B,CH0012221716,42219,8443844.5,16.887689
2025-02-05,FUND_B,GB0009252882,39645,7929090.0,15.85818
2025-02-05,FUND_B,JP3633400001,42488,8497601.5,16.995203
2025-02-05,FUND_B,AU000000BHP4,42295,8458967.0,16.917934
2025-02-06,FUND_B,DE0005140008,38265,7652973.0,15.305946
2025-02-06,FUND_B,FR0000131104,44233,8846633.5,17.693267
2025-02-06,FUND_B,CH0012221716,41682,8336343.0,16.672686
2025-02-06,FUND_B,GB0009252882,41114,8222831.0,16.445662
2025-02-06,FUND_B,JP3633400001,42245,8448944.5,16.897889
2025-02-06,FUND_B,AU000000BHP4,42461,8492275.0,16.98455
2025-02-07,FUND_B,DE0005140008,36790,7357993.5,14.715987
2025-02-07,FUND_B,FR0000131104,44006,8801163.0,17.602326
2025-02-07,FUND_B,CH0012221716,43227,8645381.0,17.290762
2025-02-07,FUND_B,GB0009252882,40179,8035835.5,16.071671
2025-02-07,FUND_B,JP3633400001,43237,8647360.0,17.29472
2025-02-07,FUND_B,AU000000BHP4,42561,8512267.0,17.024534
2025-02-10,FUND_B,DE0005140008,38236,7647196.5,15.294393
2025-02-10,FUND_B,FR0000131104,45081,9016273.0,18.032546
2025-02-10,FUND_B,CH0012221716,41567,8313428.5,16.626857
2025-02-10,FUND_B,GB0009252882,40052,8010496.5,16.020993
2025-02-10,FUND_B,JP3633400001,43660,8732057.5,17.464115
2025-02-10,FUND_B,AU000000BHP4,41403,8280548.5,16.561097
2025-02-11,FUND_B,DE0005140008,37960,7591920.5,15.183841
2025-02-11,FUND_B,FR0000131104,45619,9123770.5,18.247541
2025-02-11,FUND_B,CH0012221716,42277,8455380.5,16.910761
2025-02-11,FUND_B,GB0009252882,39636,7927134.0,15.854268
2025-02-11,FUND_B,JP3633400001,43376,8675229.0,17.350458
2025-02-11,FUND_B,AU000000BHP4,41133,8226565.5,16.453131
2025-02-12,FUND_B,DE0005140008,37432,7486484.5,14.972969
2025-02-12,FUND_B,FR0000131104,44736,8947215.5,17.894431
2025-02-12,FUND_B,CH0012221716,42948,8589599.5,17.179199
2025-02-12,FUND_B,GB0009252882,39960,7991925.0,15.98385
2025-02-12,FUND_B,JP3633400001,43507,8701356.0,17.402712
2025-02-12,FUND_B,AU000000BHP4,41417,8283419.0,16.566838
2025-02-13,FUND_B,DE0005140008,36742,7348357.5,14.696715
2025-02-13,FUND_B,FR0000131104,45631,9126134.0,18.252268
2025-02-13,FUND_B,CH0012221716,41743,8348694.0,16.697388
2025-02-13,FUND_B,GB0009252882,39751,7950218.0,15.900436
2025-02-13,FUND_B,JP3633400001,43173,8634647.0,17.269294
2025-02-13,FUND_B,AU000000BHP4,42960,8591950.0,17.1839
2025-02-14,FUND_B,DE0005140008,37060,7411948.5,14.823897
2025-02-14,FUND_B,FR0000131104,46233,9246510.5,18.493021
2025-02-14,FUND_B,CH0012221716,42573,8514538.5,17.029077
2025-02-14,FUND_B,GB0009252882,39881,7976164.5,15.952329
2025-02-14,FUND_B,JP3633400001,42760,8551970.0,17.10394
2025-02-14,FUND_B,AU000000BHP4,41494,8298868.0,16.597736
2025-02-17,FUND_B,DE0005140008,37662,7532322.0,15.064644
2025-02-17,FUND_B,FR0000131104,45468,9093616.0,18.187232
2025-02-17,FUND_B,CH0012221716,42490,8498099.0,16.996198
2025-02-17,FUND_B,GB0009252882,40306,8061100.0,16.1222
2025-02-17,FUND_B,JP3633400001,42664,8532745.0,17.06549
2025-02-17,FUND_B,AU000000BHP4,41411,8282118.0,16.564236
2025-02-18,FUND_B,DE0005140008,37763,7552545.0,15.10509
2025-02-18,FUND_B,FR0000131104,44776,8955272.0,17.910544
2025-02-18,FUND_B,CH0012221716,42530,8505924.0,17.011848
2025-02-18,FUND_B,GB0009252882,40293,8058661.5,16.117323
2025-02-18,FUND_B,JP3633400001,42724,8544848.5,17.089697
2025-02-18,FUND_B,AU000000BHP4,41914,8382749.0,16.765498
2025-02-19,FUND_B,DE0005140008,37463,7492683.5,14.985367
2025-02-19,FUND_B,FR0000131104,45591,9118212.5,18.236425
2025-02-19,FUND_B,CH0012221716,42351,8470275.0,16.94055
2025-02-19,FUND_B,GB0009252882,39285,7857046.0,15.714092
2025-02-19,FUND_B,JP3633400001,43728,8745694.5,17.491389
2025-02-19,FUND_B,AU000000BHP4,41580,8316088.5,16.632177
2025-02-20,FUND_B,DE0005140008,38280,7656047.5,15.312095
2025-02-20,FUND_B,FR0000131104,43927,8785325.5,17.570651
2025-02-20,FUND_B,CH0012221716,41438,8287632.5,16.575265
2025-02-20,FUND_B,GB0009252882,40545,8108978.0,16.217956
2025-02-20,FUND_B,JP3633400001,43224,8644776.0,17.289552
2025-02-20,FUND_B,AU000000BHP4,42586,8517240.5,17.034481
2025-02-21,FUND_B,DE0005140008,37860,7572092.5,15.144185
2025-02-21,FUND_B,FR0000131104,45327,9065344.0,18.130688
2025-02-21,FUND_B,CH0012221716,42235,8447017.5,16.894035
2025-02-21,FUND_B,GB0009252882,39205,7841000.5,15.682001
2025-02-21,FUND_B,JP3633400001,42295,8459039.0,16.918078
2025-02-21,FUND_B,AU000000BHP4,43078,8615507.0,17.231014
2025-02-24,FUND_B,DE0005140008,37651,7530269.0,15.060538
2025-02-24,FUND_B,FR0000131104,45349,9069776.5,18.139553
2025-02-24,FUND_B,CH0012221716,42517,8503396.5,17.006793
2025-02-24,FUND_B,GB0009252882,40659,8131748.0,16.263496
2025-02-24,FUND_B,JP3633400001,42219,8443822.0,16.887644
2025-02-24,FUND_B,AU000000BHP4,41605,8320987.5,16.641975
2025-02-25,FUND_B,DE0005140008,37837,7567319.5,15.134639
2025-02-25,FUND_B,FR0000131104,44448,8889685.0,17.77937
2025-02-25,FUND_B,CH0012221716,43053,8610638.0,17.221276
2025-02-25,FUND_B,GB0009252882,39458,7891698.0,15.783396
2025-02-25,FUND_B,JP3633400001,41677,8335347.5,16.670695
2025-02-25,FUND_B,AU000000BHP4,43527,8705311.5,17.410623
2025-02-26,FUND_B,DE0005140008,36681,7336123.0,14.672246
2025-02-26,FUND_B,FR0000131104,45057,9011344.5,18.022689
2025-02-26,FUND_B,CH0012221716,42124,8424898.5,16.849797
2025-02-26,FUND_B,GB0009252882,40232,8046496.5,16.092993
2025-02-26,FUND_B,JP3633400001,42793,8558646.0,17.117292
2025-02-26,FUND_B,AU000000BHP4,43112,8622491.5,17.244983
2025-02-27,FUND_B,DE0005140008,37970,7593943.5,15.187887
2025-02-27,FUND_B,FR0000131104,44898,8979607.0,17.959214
2025-02-27,FUND_B,CH0012221716,42492,8498307.0,16.996614
2025-02-27,FUND_B,GB0009252882,38485,7696971.5,15.393943
2025-02-27,FUND_B,JP3633400001,43201,8640279.0,17.280558
2025-02-27,FUND_B,AU000000BHP4,42954,8590892.0,17.181784
2025-02-28,FUND_B,DE0005140008,37365,7472990.5,14.945981
2025-02-28,FUND_B,FR0000131104,44735,8947083.0,17.894166
2025-02-28,FUND_B,CH0012221716,43527,8705336.5,17.410673
2025-02-28,FUND_B,GB0009252882,40000,8000055.0,16.00011
2025-02-28,FUND_B,JP3633400001,42609,8521706.0,17.043412
2025-02-28,FUND_B,AU000000BHP4,41764,8352829.5,16.705659
2025-03-03,FUND_B,DE0005140008,38562,7712490.0,15.42498
2025-03-03,FUND_B,FR0000131104,45328,9065554.5,18.131109
2025-03-03,FUND_B,CH0012221716,42403,8480696.0,16.961392
2025-03-03,FUND_B,GB0009252882,39245,7848984.0,15.697968
2025-03-03,FUND_B,JP3633400001,42987,8597306.5,17.194613
2025-03-03,FUND_B,AU000000BHP4,41475,8294969.0,16.589938
2025-03-04,FUND_B,DE0005140008,38186,7637290.0,15.27458
2025-03-04,FUND_B,FR0000131104,44371,8874106.0,17.748212
2025-03-04,FUND_B,CH0012221716,42379,8475713.0,16.951426
2025-03-04,FUND_B,GB0009252882,39676,7935237.5,15.870475
2025-03-04,FUND_B,JP3633400001,42254,8450777.0,16.901554
2025-03-04,FUND_B,AU000000BHP4,43134,8626876.5,17.253753
2025-03-05,FUND_B,DE0005140008,38478,7695577.0,15.391154
2025-03-05,FUND_B,FR0000131104,45507,9101398.0,18.202796
2025-03-05,FUND_B,CH0012221716,41773,8354532.5,16.709065
2025-03-05,FUND_B,GB0009252882,39172,7834495.5,15.668991
2025-03-05,FUND_B,JP3633400001,41955,8391030.0,16.78206
2025-03-05,FUND_B,AU000000BHP4,43115,8622967.0,17.245934
2025-03-06,FUND_B,DE0005140008,38008,7601512.0,15.203024
2025-03-06,FUND_B,FR0000131104,44515,8903066.5,17.806133
2025-03-06,FUND_B,CH0012221716,42987,8597400.5,17.194801
2025-03-06,FUND_B,GB0009252882,40041,8008136.0,16.016272
2025-03-06,FUND_B,JP3633400001,42436,8487242.5,16.974485
2025-03-06,FUND_B,AU000000BHP4,42013,8402642.5,16.805285
2025-03-07,FUND_B,DE0005140008,38234,7646815.0,15.29363
2025-03-07,FUND_B,FR0000131104,44146,8829243.0,17.658486
2025-03-07,FUND_B,CH0012221716,42432,8486424.0,16.972848
2025-03-07,FUND_B,GB0009252882,39558,7911636.5,15.823273
2025-03-07,FUND_B,JP3633400001,43055,8611025.5,17.222051
2025-03-07,FUND_B,AU000000BHP4,42574,8514855.5,17.029711
2025-03-10,FUND_B,DE0005140008,38295,7658911.0,15.317822
2025-03-10,FUND_B,FR0000131104,44299,8859868.0,17.719736
2025-03-10,FUND_B,CH0012221716,42658,8531561.5,17.063123
2025-03-10,FUND_B,GB0009252882,40648,8129638.0,16.259276
2025-03-10,FUND_B,JP3633400001,41679,8335848.0,16.671696
2025-03-10,FUND_B,AU000000BHP4,42421,8484173.0,16.968346
2025-03-11,FUND_B,DE0005140008,37267,7453492.0,14.906984
2025-03-11,FUND_B,FR0000131104,44680,8935959.5,17.871919
2025-03-11,FUND_B,CH0012221716,42446,8489236.0,16.978472
2025-03-11,FUND_B,GB0009252882,40097,8019367.0,16.038734
2025-03-11,FUND_B,JP3633400001,41818,8363692.5,16.727385
2025-03-11,FUND_B,AU000000BHP4,43691,8738253.0,17.476506
2025-03-12,FUND_B,DE0005140008,36543,7308657.5,14.617315
2025-03-12,FUND_B,FR0000131104,44523,8904540.0,17.80908
2025-03-12,FUND_B,CH0012221716,42838,8567617.5,17.135235
2025-03-12,FUND_B,GB0009252882,39842,7968306.5,15.936613
2025-03-12,FUND_B,JP3633400001,43161,8632201.0,17.264402
2025-03-12,FUND_B,AU000000BHP4,43093,8618678.0,17.237356
2025-03-13,FUND_B,DE0005140008,36511,7302237.5,14.604475
2025-03-13,FUND_B,FR0000131104,46006,9201294.5,18.402589
2025-03-13,FUND_B,CH0012221716,41448,8289541.0,16.579082
2025-03-13,FUND_B,GB0009252882,38883,7776622.5,15.553245
2025-03-13,FUND_B,JP3633400001,43650,8729948.0,17.459896
2025-03-13,FUND_B,AU000000BHP4,43502,8700356.0,17.400712
2025-03-14,FUND_B,DE0005140008,37912,7582435.5,15.164871
2025-03-14,FUND_B,FR0000131104,45451,9090115.0,18.18023
2025-03-14,FUND_B,CH0012221716,43278,8655611.5,17.311223
2025-03-14,FUND_B,GB0009252882,40029,8005891.0,16.011782
2025-03-14,FUND_B,JP3633400001,41783,8356692.0,16.713384
2025-03-14,FUND_B,AU000000BHP4,41546,8309255.0,16.61851
2025-03-17,FUND_B,DE0005140008,36847,7369337.0,14.738674
2025-03-17,FUND_B,FR0000131104,45488,9097518.5,18.195037
2025-03-17,FUND_B,CH0012221716,42547,8509356.0,17.018712
2025-03-17,FUND_B,GB0009252882,40593,8118589.0,16.237178
2025-03-17,FUND_B,JP3633400001,43297,8659302.5,17.318605
2025-03-17,FUND_B,AU000000BHP4,41229,8245897.5,16.491795
2025-03-18,FUND_B,DE0005140008,38397,7679409.0,15.358818
2025-03-18,FUND_B,FR0000131104,44400,8879945.5,17.759891
2025-03-18,FUND_B,CH0012221716,42762,8552417.0,17.104834
2025-03-18,FUND_B,GB0009252882,40097,8019465.5,16.038931
2025-03-18,FUND_B,JP3633400001,42279,8455774.5,16.911549
2025-03-18,FUND_B,AU000000BHP4,42065,8412988.5,16.825977
2025-03-19,FUND_B,DE0005140008,37483,7496583.5,14.993167
2025-03-19,FUND_B,FR0000131104,45044,9008859.0,18.017718
2025-03-19,FUND_B,CH0012221716,42102,8420360.0,16.84072
2025-03-19,FUND_B,GB0009252882,40441,8088130.5,16.176261
2025-03-19,FUND_B,JP3633400001,41965,8393027.0,16.786054
2025-03-19,FUND_B,AU000000BHP4,42965,8593039.5,17.186079
2025-03-20,FUND_B,DE0005140008,38189,7637816.0,15.275632
2025-03-20,FUND_B,FR0000131104,44246,8849210.0,17.69842
2025-03-20,FUND_B,CH0012221716,42704,8540842.0,17.081684
2025-03-20,FUND_B,GB0009252882,40452,8090468.0,16.180936
2025-03-20,FUND_B,JP3633400001,42922,8584300.5,17.168601
2025-03-20,FUND_B,AU000000BHP4,41487,8297363.5,16.594727
2025-03-21,FUND_B,DE0005140008,36786,7357139.5,14.714279
2025-03-21,FUND_B,FR0000131104,44448,8889618.5,17.779237
2025-03-21,FUND_B,CH0012221716,42954,8590804.5,17.181609
2025-03-21,FUND_B,GB0009252882,40839,8167762.0,16.335524
2025-03-21,FUND_B,JP3633400001,43087,8617482.5,17.234965
2025-03-21,FUND_B,AU000000BHP4,41886,8377193.0,16.754386
2025-03-24,FUND_B,DE0005140008,37746,7549279.0,15.098558
2025-03-24,FUND_B,FR0000131104,44472,8894386.5,17.788773
2025-03-24,FUND_B,CH0012221716,42644,8528771.0,17.057542
2025-03-24,FUND_B,GB0009252882,40186,8037162.0,16.074324
2025-03-24,FUND_B,JP3633400001,41889,8377744.5,16.755489
2025-03-24,FUND_B,AU000000BHP4,43063,8612657.0,17.225314
2025-03-25,FUND_B,DE0005140008,37486,7497253.5,14.994507
2025-03-25,FUND_B,FR0000131104,45128,9025524.0,18.051048
2025-03-25,FUND_B,CH0012221716,42612,8522483.5,17.044967
2025-03-25,FUND_B,GB0009252882,40721,8144112.0,16.288224
2025-03-25,FUND_B,JP3633400001,42619,8523825.0,17.04765
2025-03-25,FUND_B,AU000000BHP4,41434,8286801.5,16.573603
2025-03-26,FUND_B,DE0005140008,36919,7383712.5,14.767425
2025-03-26,FUND_B,FR0000131104,45469,9093733.5,18.187467
2025-03-26,FUND_B,CH0012221716,42581,8516252.0,17.032504
2025-03-26,FUND_B,GB0009252882,39976,7995151.5,15.990303
2025-03-26,FUND_B,JP3633400001,41956,8391242.0,16.782484
2025-03-26,FUND_B,AU000000BHP4,43100,8619908.0,17.239816
2025-03-27,FUND_B,DE0005140008,37178,7435549.0,14.871098
2025-03-27,FUND_B,FR0000131104,45064,9012739.0,18.025478
2025-03-27,FUND_B,CH0012221716,41562,8312368.5,16.624737
2025-03-27,FUND_B,GB0009252882,40997,8199310.5,16.398621
2025-03-27,FUND_B,JP3633400001,41612,8322330.0,16.64466
2025-03-27,FUND_B,AU000000BHP4,43589,8717703.0,17.435406
2025-03-28,FUND_B,DE0005140008,38089,7617754.5,15.235509
2025-03-28,FUND_B,FR0000131104,44934,8986848.0,17.973696
2025-03-28,FUND_B,CH0012221716,42186,8437199.5,16.874399
2025-03-28,FUND_B,GB0009252882,39595,7919094.5,15.838189
2025-03-28,FUND_B,JP3633400001,42303,8460639.5,16.921279
2025-03-28,FUND_B,AU000000BHP4,42892,8578463.5,17.156927
2025-03-31,FUND_B,DE0005140008,38258,7651690.0,15.30338
2025-03-31,FUND_B,FR0000131104,44605,8920947.0,17.841894
2025-03-31,FUND_B,CH0012221716,43015,8602910.5,17.205821
2025-03-31,FUND_B,GB0009252882,40137,8027399.5,16.054799
2025-03-31,FUND_B,JP3633400001,41801,8360232.5,16.720465
2025-03-31,FUND_B,AU000000BHP4,42184,8436820.5,16.873641
2025-01-02,FUND_C,XS1000000001,133345,13334465.25,17.779287
2025-01-02,FUND_C,XS1000000002,147782,14778153.0,19.704204
2025-01-02,FUND_C,XS1000000003,163205,16320515.25,21.760687
2025-01-02,FUND_C,XS1000000004,93670,9367006.5,12.489342
2025-01-02,FUND_C,XS1000000005,74363,7436293.5,9.915058
2025-01-02,FUND_C,XS1000000006,62056,6205561.5,8.274082
2025-01-02,FUND_C,XS1000000007,75580,7558005.75,10.077341
2025-01-03,FUND_C,XS1000000001,134084,13408370.25,17.877827
2025-01-03,FUND_C,XS1000000002,149828,14982836.25,19.977115
2025-01-03,FUND_C,XS1000000003,166444,16644425.25,22.192567
2025-01-03,FUND_C,XS1000000004,90586,9058574.25,12.078099
2025-01-03,FUND_C,XS1000000005,76044,7604372.25,10.139163
2025-01-03,FUND_C,XS1000000006,58108,5810777.25,7.747703
2025-01-03,FUND_C,XS1000000007,74906,7490644.5,9.987526
2025-01-06,FUND_C,XS1000000001,133867,13386652.5,17.84887
2025-01-06,FUND_C,XS1000000002,149870,14986974.75,19.982633
2025-01-06,FUND_C,XS1000000003,164395,16439542.5,21.91939
2025-01-06,FUND_C,XS1000000004,91071,9107077.5,12.14277
2025-01-06,FUND_C,XS1000000005,77456,7745550.75,10.327401
2025-01-06,FUND_C,XS1000000006,61331,6133149.75,8.177533
2025-01-06,FUND_C,XS1000000007,72011,7201051.5,9.601402
2025-01-07,FUND_C,XS1000000001,131019,13101945.0,17.46926
2025-01-07,FUND_C,XS1000000002,150261,15026055.0,20.03474
2025-01-07,FUND_C,XS1000000003,162218,16221807.75,21.629077
2025-01-07,FUND_C,XS1000000004,91025,9102539.25,12.136719
2025-01-07,FUND_C,XS1000000005,75632,7563198.75,10.084265
2025-01-07,FUND_C,XS1000000006,62599,6259876.5,8.346502
2025-01-07,FUND_C,XS1000000007,77246,7724578.5,10.299438
2025-01-08,FUND_C,XS1000000001,133796,13379639.25,17.839519
2025-01-08,FUND_C,XS1000000002,150673,15067254.75,20.089673
2025-01-08,FUND_C,XS1000000003,162367,16236675.0,21.6489
2025-01-08,FUND_C,XS1000000004,88904,8890434.0,11.853912
2025-01-08,FUND_C,XS1000000005,78535,7853483.25,10.471311
2025-01-08,FUND_C,XS1000000006,61510,6150983.25,8.201311
2025-01-08,FUND_C,XS1000000007,74215,7421529.75,9.895373
2025-01-09,FUND_C,XS1000000001,134377,13437674.25,17.916899
2025-01-09,FUND_C,XS1000000002,151776,15177595.5,20.236794
2025-01-09,FUND_C,XS1000000003,161962,16196153.25,21.594871
2025-01-09,FUND_C,XS1000000004,88198,8819817.0,11.759756
2025-01-09,FUND_C,XS1000000005,76428,7642757.25,10.190343
2025-01-09,FUND_C,XS1000000006,61735,6173507.25,8.231343
2025-01-09,FUND_C,XS1000000007,75525,7552495.5,10.069994
2025-01-10,FUND_C,XS1000000001,136497,13649697.0,18.199596
2025-01-10,FUND_C,XS1000000002,150719,15071949.75,20.095933
2025-01-10,FUND_C,XS1000000003,165216,16521624.75,22.028833
2025-01-10,FUND_C,XS1000000004,89561,8956134.75,11.941513
2025-01-10,FUND_C,XS1000000005,75558,7555812.0,10.074416
2025-01-10,FUND_C,XS1000000006,59006,5900613.0,7.867484
2025-01-10,FUND_C,XS1000000007,73442,7344168.75,9.792225
2025-01-13,FUND_C,XS1000000001,135247,13524743.25,18.032991
2025-01-13,FUND_C,XS1000000002,149010,14900996.25,19.867995
2025-01-13,FUND_C,XS1000000003,164410,16440995.25,21.921327
2025-01-13,FUND_C,XS1000000004,94248,9424806.0,12.566408
2025-01-13,FUND_C,XS1000000005,75611,7561148.25,10.081531
2025-01-13,FUND_C,XS1000000006,58502,5850186.0,7.800248
2025-01-13,FUND_C,XS1000000007,72971,7297124.25,9.729499
2025-01-14,FUND_C,XS1000000001,131763,13176264.75,17.568353
2025-01-14,FUND_C,XS1000000002,152507,15250671.75,20.334229
2025-01-14,FUND_C,XS1000000003,161927,16192733.25,21.590311
2025-01-14,FUND_C,XS1000000004,91985,9198542.25,12.264723
2025-01-14,FUND_C,XS1000000005,77475,7747453.5,10.329938
2025-01-14,FUND_C,XS1000000006,62846,6284609.25,8.379479
2025-01-14,FUND_C,XS1000000007,71497,7149724.5,9.532966
2025-01-15,FUND_C,XS1000000001,133942,13394244.75,17.858993
2025-01-15,FUND_C,XS1000000002,152187,15218673.0,20.291564
2025-01-15,FUND_C,XS1000000003,162435,16243505.25,21.658007
2025-01-15,FUND_C,XS1000000004,89186,8918640.75,11.891521
2025-01-15,FUND_C,XS1000000005,72557,7255716.75,9.674289
2025-01-15,FUND_C,XS1000000006,62563,6256296.0,8.341728
2025-01-15,FUND_C,XS1000000007,77129,7712923.5,10.283898
2025-01-16,FUND_C,XS1000000001,137757,13775698.5,18.367598
2025-01-16,FUND_C,XS1000000002,147963,14796324.0,19.728432
2025-01-16,FUND_C,XS1000000003,165059,16505874.75,22.007833
2025-01-16,FUND_C,XS1000000004,89617,8961713.25,11.948951
2025-01-16,FUND_C,XS1000000005,76567,7656681.0,10.208908
2025-01-16,FUND_C,XS1000000006,58217,5821707.0,7.762276
2025-01-16,FUND_C,XS1000000007,74820,7482001.5,9.976002
2025-01-17,FUND_C,XS1000000001,133249,13324903.5,17.766538
2025-01-17,FUND_C,XS1000000002,151707,15170699.25,20.227599
2025-01-17,FUND_C,XS1000000003,164447,16444674.0,21.926232
2025-01-17,FUND_C,XS1000000004,90162,9016176.0,12.021568
2025-01-17,FUND_C,XS1000000005,73495,7349493.75,9.799325
2025-01-17,FUND_C,XS1000000006,62250,6225024.0,8.300032
2025-01-17,FUND_C,XS1000000007,74690,7469030.25,9.958707
2025-01-20,FUND_C,XS1000000001,136476,13647633.75,18.196845
2025-01-20,FUND_C,XS1000000002,147885,14788510.5,19.718014
2025-01-20,FUND_C,XS1000000003,167084,16708389.0,22.277852
2025-01-20,FUND_C,XS1000000004,92927,9292719.0,12.390292
2025-01-20,FUND_C,XS1000000005,74149,7414917.75,9.886557
2025-01-20,FUND_C,XS1000000006,57923,5792316.0,7.723088
2025-01-20,FUND_C,XS1000000007,73555,7355513.25,9.807351
2025-01-21,FUND_C,XS1000000001,134344,13434418.5,17.912558
2025-01-21,FUND_C,XS1000000002,152519,15251866.5,20.335822
2025-01-21,FUND_C,XS1000000003,166310,16630987.5,22.17465
2025-01-21,FUND_C,XS1000000004,91671,9167141.25,12.222855
2025-01-21,FUND_C,XS1000000005,71827,7182724.5,9.576966
2025-01-21,FUND_C,XS1000000006,57755,5775455.25,7.700607
2025-01-21,FUND_C,XS1000000007,75574,7557406.5,10.076542
2025-01-22,FUND_C,XS1000000001,136744,13674408.0,18.232544
2025-01-22,FUND_C,XS1000000002,149250,14925015.0,19.90002
2025-01-22,FUND_C,XS1000000003,160771,16077105.75,21.436141
2025-01-22,FUND_C,XS1000000004,91881,9188075.25,12.250767
2025-01-22,FUND_C,XS1000000005,77036,7703557.5,10.27141
2025-01-22,FUND_C,XS1000000006,57938,5793809.25,7.725079
2025-01-22,FUND_C,XS1000000007,76380,7638029.25,10.184039
2025-01-23,FUND_C,XS1000000001,133453,13345274.25,17.793699
2025-01-23,FUND_C,XS1000000002,153220,15321983.25,20.429311
2025-01-23,FUND_C,XS1000000003,162546,16254611.25,21.672815
2025-01-23,FUND_C,XS1000000004,89636,8963637.0,11.951516
2025-01-23,FUND_C,XS1000000005,78440,7844026.5,10.458702
2025-01-23,FUND_C,XS1000000006,57983,5798341.5,7.731122
2025-01-23,FUND_C,XS1000000007,74721,7472126.25,9.962835
2025-01-24,FUND_C,XS1000000001,135174,13517397.0,18.023196
2025-01-24,FUND_C,XS1000000002,147874,14787444.75,19.716593
2025-01-24,FUND_C,XS1000000003,163222,16322168.25,21.762891
2025-01-24,FUND_C,XS1000000004,90891,9089057.25,12.118743
2025-01-24,FUND_C,XS1000000005,73729,7372854.0,9.830472
2025-01-24,FUND_C,XS1000000006,64329,6432859.5,8.577146
2025-01-24,FUND_C,XS1000000007,74782,7478219.25,9.970959
2025-01-27,FUND_C,XS1000000001,131246,13124615.25,17.499487
2025-01-27,FUND_C,XS1000000002,152980,15298029.0,20.397372
2025-01-27,FUND_C,XS1000000003,167269,16726948.5,22.302598
2025-01-27,FUND_C,XS1000000004,90975,9097549.5,12.130066
2025-01-27,FUND_C,XS1000000005,77059,7705896.75,10.274529
2025-01-27,FUND_C,XS1000000006,57188,5718820.5,7.625094
2025-01-27,FUND_C,XS1000000007,73281,7328140.5,9.770854
2025-01-28,FUND_C,XS1000000001,138299,13829852.25,18.439803
2025-01-28,FUND_C,XS1000000002,152380,15237987.75,20.317317
2025-01-28,FUND_C,XS1000000003,163265,16326524.25,21.768699
2025-01-28,FUND_C,XS1000000004,92091,9209108.25,12.278811
2025-01-28,FUND_C,XS1000000005,75062,7506245.25,10.008327
2025-01-28,FUND_C,XS1000000006,56627,5662731.0,7.550308
2025-01-28,FUND_C,XS1000000007,72276,7227550.5,9.636734
2025-01-29,FUND_C,XS1000000001,133444,13344434.25,17.792579
2025-01-29,FUND_C,XS1000000002,152827,15282706.5,20.376942
2025-01-29,FUND_C,XS1000000003,165707,16570741.5,22.094322
2025-01-29,FUND_C,XS1000000004,91894,9189357.75,12.252477
2025-01-29,FUND_C,XS1000000005,75364,7536354.75,10.048473
2025-01-29,FUND_C,XS1000000006,57202,5720174.25,7.626899
2025-01-29,FUND_C,XS1000000007,73562,7356231.0,9.808308
2025-01-30,FUND_C,XS1000000001,134131,13413135.0,17.88418
2025-01-30,FUND_C,XS1000000002,147292,14729193.0,19.638924
2025-01-30,FUND_C,XS1000000003,165165,16516548.0,22.022064
2025-01-30,FUND_C,XS1000000004,92634,9263430.75,12.351241
2025-01-30,FUND_C,XS1000000005,75027,7502667.0,10.003556
2025-01-30,FUND_C,XS1000000006,57348,5734767.75,7.646357
2025-01-30,FUND_C,XS1000000007,78403,7840259.25,10.453679
2025-01-31,FUND_C,XS1000000001,137016,13701607.5,18.26881
2025-01-31,FUND_C,XS1000000002,147765,14776504.5,19.702006
2025-01-31,FUND_C,XS1000000003,166685,16668530.25,22.224707
2025-01-31,FUND_C,XS1000000004,88902,8890188.75,11.853585
2025-01-31,FUND_C,XS1000000005,73015,7301454.0,9.735272
2025-01-31,FUND_C,XS1000000006,60035,6003474.75,8.004633
2025-01-31,FUND_C,XS1000000007,76582,7658238.75,10.210985
2025-02-03,FUND_C,XS1000000001,133756,13375576.5,17.834102
2025-02-03,FUND_C,XS1000000002,150162,15016184.25,20.021579
2025-02-03,FUND_C,XS1000000003,167109,16710925.5,22.281234
2025-02-03,FUND_C,XS1000000004,87350,8735025.0,11.6467
2025-02-03,FUND_C,XS1000000005,78974,7897412.25,10.529883
2025-02-03,FUND_C,XS1000000006,57057,5705685.0,7.60758
2025-02-03,FUND_C,XS1000000007,75592,7559191.5,10.078922
2025-02-04,FUND_C,XS1000000001,133682,13368189.75,17.824253
2025-02-04,FUND_C,XS1000000002,152100,15210024.75,20.280033
2025-02-04,FUND_C,XS1000000003,163725,16372450.5,21.829934
2025-02-04,FUND_C,XS1000000004,88272,8827175.25,11.769567
2025-02-04,FUND_C,XS1000000005,74016,7401579.0,9.868772
2025-02-04,FUND_C,XS1000000006,60397,6039718.5,8.052958
2025-02-04,FUND_C,XS1000000007,77809,7780861.5,10.374482
2025-02-05,FUND_C,XS1000000001,133105,13310457.0,17.747276
2025-02-05,FUND_C,XS1000000002,146319,14631927.0,19.509236
2025-02-05,FUND_C,XS1000000003,167104,16710388.5,22.280518
2025-02-05,FUND_C,XS1000000004,88804,8880412.5,11.84055
2025-02-05,FUND_C,XS1000000005,76720,7671950.25,10.229267
2025-02-05,FUND_C,XS1000000006,60940,6094004.25,8.125339
2025-02-05,FUND_C,XS1000000007,77009,7700860.5,10.267814
2025-02-06,FUND_C,XS1000000001,136865,13686546.0,18.248728
2025-02-06,FUND_C,XS1000000002,148854,14885434.5,19.847246
2025-02-06,FUND_C,XS1000000003,161703,16170250.5,21.560334
2025-02-06,FUND_C,XS1000000004,90412,9041219.25,12.054959
2025-02-06,FUND_C,XS1000000005,77409,7740876.0,10.321168
2025-02-06,FUND_C,XS1000000006,57606,5760591.75,7.680789
2025-02-06,FUND_C,XS1000000007,77151,7715082.0,10.286776
2025-02-07,FUND_C,XS1000000001,134198,13419759.0,17.893012
2025-02-07,FUND_C,XS1000000002,150862,15086164.5,20.114886
2025-02-07,FUND_C,XS1000000003,165326,16532635.5,22.043514
2025-02-07,FUND_C,XS1000000004,91968,9196815.75,12.262421
2025-02-07,FUND_C,XS1000000005,71437,7143735.0,9.52498
2025-02-07,FUND_C,XS1000000006,61824,6182400.0,8.2432
2025-02-07,FUND_C,XS1000000007,74385,7438489.5,9.917986
2025-02-10,FUND_C,XS1000000001,134099,13409919.0,17.879892
2025-02-10,FUND_C,XS1000000002,147291,14729069.25,19.638759
2025-02-10,FUND_C,XS1000000003,163537,16353672.0,21.804896
2025-02-10,FUND_C,XS1000000004,86985,8698486.5,11.597982
2025-02-10,FUND_C,XS1000000005,78630,7863045.75,10.484061
2025-02-10,FUND_C,XS1000000006,60407,6040744.5,8.054326
2025-02-10,FUND_C,XS1000000007,79051,7905063.0,10.540084
2025-02-11,FUND_C,XS1000000001,134993,13499287.5,17.99905
2025-02-11,FUND_C,XS1000000002,147789,14778873.0,19.705164
2025-02-11,FUND_C,XS1000000003,166493,16649285.25,22.199047
2025-02-11,FUND_C,XS1000000004,87470,8746954.5,11.662606
2025-02-11,FUND_C,XS1000000005,73747,7374710.25,9.832947
2025-02-11,FUND_C,XS1000000006,61955,6195492.0,8.260656
2025-02-11,FUND_C,XS1000000007,77554,7755398.25,10.340531
2025-02-12,FUND_C,XS1000000001,133421,13342123.5,17.789498
2025-02-12,FUND_C,XS1000000002,146833,14683337.25,19.577783
2025-02-12,FUND_C,XS1000000003,163620,16361991.75,21.815989
2025-02-12,FUND_C,XS1000000004,92700,9270006.0,12.360008
2025-02-12,FUND_C,XS1000000005,76642,7664202.0,10.218936
2025-02-12,FUND_C,XS1000000006,62810,6280998.0,8.374664
2025-02-12,FUND_C,XS1000000007,73973,7397341.5,9.863122
2025-02-13,FUND_C,XS1000000001,136587,13658707.5,18.21161
2025-02-13,FUND_C,XS1000000002,147844,14784366.0,19.712488
2025-02-13,FUND_C,XS1000000003,162641,16264059.75,21.685413
2025-02-13,FUND_C,XS1000000004,91860,9186021.75,12.248029
2025-02-13,FUND_C,XS1000000005,74078,7407838.5,9.877118
2025-02-13,FUND_C,XS1000000006,61375,6137526.0,8.183368
2025-02-13,FUND_C,XS1000000007,75615,7561481.25,10.081975
2025-02-14,FUND_C,XS1000000001,132356,13235629.5,17.647506
2025-02-14,FUND_C,XS1000000002,151357,15135657.75,20.180877
2025-02-14,FUND_C,XS1000000003,168071,16807068.75,22.409425
2025-02-14,FUND_C,XS1000000004,90693,9069349.5,12.092466
2025-02-14,FUND_C,XS1000000005,73946,7394644.5,9.859526
2025-02-14,FUND_C,XS1000000006,57072,5707230.0,7.60964
2025-02-14,FUND_C,XS1000000007,76504,7650419.25,10.200559
2025-02-17,FUND_C,XS1000000001,133831,13383118.5,17.844158
2025-02-17,FUND_C,XS1000000002,151089,15108855.0,20.14514
2025-02-17,FUND_C,XS1000000003,164794,16479369.0,21.972492
2025-02-17,FUND_C,XS1000000004,91617,9161660.25,12.215547
2025-02-17,FUND_C,XS1000000005,74043,7404288.0,9.872384
2025-02-17,FUND_C,XS1000000006,56687,5668731.0,7.558308
2025-02-17,FUND_C,XS1000000007,77940,7793978.25,10.391971
2025-02-18,FUND_C,XS1000000001,132877,13287669.0,17.716892
2025-02-18,FUND_C,XS1000000002,152568,15256784.25,20.342379
2025-02-18,FUND_C,XS1000000003,162068,16206813.0,21.609084
2025-02-18,FUND_C,XS1000000004,92889,9288891.0,12.385188
2025-02-18,FUND_C,XS1000000005,77764,7776380.25,10.368507
2025-02-18,FUND_C,XS1000000006,56381,5638107.0,7.517476
2025-02-18,FUND_C,XS1000000007,75454,7545355.5,10.060474
2025-02-19,FUND_C,XS1000000001,132874,13287427.5,17.71657
2025-02-19,FUND_C,XS1000000002,151007,15100746.75,20.134329
2025-02-19,FUND_C,XS1000000003,164979,16497910.5,21.997214
2025-02-19,FUND_C,XS1000000004,92629,9262870.5,12.350494
2025-02-19,FUND_C,XS1000000005,71727,7172675.25,9.563567
2025-02-19,FUND_C,XS1000000006,60307,6030729.0,8.040972
2025-02-19,FUND_C,XS1000000007,76476,7647640.5,10.196854
2025-02-20,FUND_C,XS1000000001,132435,13243530.0,17.65804
2025-02-20,FUND_C,XS1000000002,147786,14778569.25,19.704759
2025-02-20,FUND_C,XS1000000003,168263,16826322.75,22.435097
2025-02-20,FUND_C,XS1000000004,89623,8962296.75,11.949729
2025-02-20,FUND_C,XS1000000005,74642,7464236.25,9.952315
2025-02-20,FUND_C,XS1000000006,60930,6092958.0,8.123944
2025-02-20,FUND_C,XS1000000007,76321,7632087.75,10.176117
2025-02-21,FUND_C,XS1000000001,135309,13530867.0,18.041156
2025-02-21,FUND_C,XS1000000002,152203,15220274.25,20.293699
2025-02-21,FUND_C,XS1000000003,162796,16279569.0,21.706092
2025-02-21,FUND_C,XS1000000004,91275,9127542.75,12.170057
2025-02-21,FUND_C,XS1000000005,74981,7498125.75,9.997501
2025-02-21,FUND_C,XS1000000006,59764,5976411.0,7.968548
2025-02-21,FUND_C,XS1000000007,73672,7367211.0,9.822948
2025-02-24,FUND_C,XS1000000001,136537,13653678.0,18.204904
2025-02-24,FUND_C,XS1000000002,148574,14857375.5,19.809834
2025-02-24,FUND_C,XS1000000003,162595,16259515.5,21.679354
2025-02-24,FUND_C,XS1000000004,92047,9204738.75,12.272985
2025-02-24,FUND_C,XS1000000005,75222,7522150.5,10.029534
2025-02-24,FUND_C,XS1000000006,59333,5933277.75,7.911037
2025-02-24,FUND_C,XS1000000007,75693,7569264.75,10.092353
2025-02-25,FUND_C,XS1000000001,133003,13300323.0,17.733764
2025-02-25,FUND_C,XS1000000002,147968,14796844.5,19.729126
2025-02-25,FUND_C,XS1000000003,164337,16433745.75,21.911661
2025-02-25,FUND_C,XS1000000004,93575,9357492.75,12.476657
2025-02-25,FUND_C,XS1000000005,73276,7327608.0,9.770144
2025-02-25,FUND_C,XS1000000006,63024,6302403.75,8.403205
2025-02-25,FUND_C,XS1000000007,74816,7481582.25,9.975443
2025-02-26,FUND_C,XS1000000001,132116,13211559.0,17.615412
2025-02-26,FUND_C,XS1000000002,152584,15258361.5,20.344482
2025-02-26,FUND_C,XS1000000003,164573,16457281.5,21.943042
2025-02-26,FUND_C,XS1000000004,92952,9295197.0,12.393596
2025-02-26,FUND_C,XS1000000005,74558,7455775.5,9.941034
2025-02-26,FUND_C,XS1000000006,56885,5688510.0,7.58468
2025-02-26,FUND_C,XS1000000007,76333,7633316.25,10.177755
2025-02-27,FUND_C,XS1000000001,137095,13709466.0,18.279288
2025-02-27,FUND_C,XS1000000002,148110,14811024.75,19.748033
2025-02-27,FUND_C,XS1000000003,163264,16326411.75,21.768549
2025-02-27,FUND_C,XS1000000004,86424,8642389.5,11.523186
2025-02-27,FUND_C,XS1000000005,75044,7504437.0,10.005916
2025-02-27,FUND_C,XS1000000006,62708,6270777.0,8.361036
2025-02-27,FUND_C,XS1000000007,77355,7735492.5,10.31399
2025-02-28,FUND_C,XS1000000001,136042,13604218.5,18.138958
2025-02-28,FUND_C,XS1000000002,152592,15259208.25,20.345611
2025-02-28,FUND_C,XS1000000003,165369,16536858.0,22.049144
2025-02-28,FUND_C,XS1000000004,91834,9183389.25,12.244519
2025-02-28,FUND_C,XS1000000005,74765,7476539.25,9.968719
2025-02-28,FUND_C,XS1000000006,56932,5693156.25,7.590875
2025-02-28,FUND_C,XS1000000007,72466,7246630.5,9.662174
2025-03-03,FUND_C,XS1000000001,132645,13264470.75,17.685961
2025-03-03,FUND_C,XS1000000002,152584,15258401.25,20.344535
2025-03-03,FUND_C,XS1000000003,161878,16187808.75,21.583745
2025-03-03,FUND_C,XS1000000004,90646,9064648.5,12.086198
2025-03-03,FUND_C,XS1000000005,74214,7421441.25,9.895255
2025-03-03,FUND_C,XS1000000006,62444,6244370.25,8.325827
2025-03-03,FUND_C,XS1000000007,75589,7558858.5,10.078478
2025-03-04,FUND_C,XS1000000001,135136,13513585.5,18.018114
2025-03-04,FUND_C,XS1000000002,146136,14613557.25,19.484743
2025-03-04,FUND_C,XS1000000003,162722,16272225.75,21.696301
2025-03-04,FUND_C,XS1000000004,93261,9326127.75,12.434837
2025-03-04,FUND_C,XS1000000005,76244,7624446.0,10.165928
2025-03-04,FUND_C,XS1000000006,59881,5988087.0,7.984116
2025-03-04,FUND_C,XS1000000007,76620,7661971.5,10.215962
2025-03-05,FUND_C,XS1000000001,136760,13675983.75,18.234645
2025-03-05,FUND_C,XS1000000002,146093,14609253.0,19.479004
2025-03-05,FUND_C,XS1000000003,167727,16772701.5,22.363602
2025-03-05,FUND_C,XS1000000004,90627,9062672.25,12.083563
2025-03-05,FUND_C,XS1000000005,74264,7426358.25,9.901811
2025-03-05,FUND_C,XS1000000006,61054,6105384.75,8.140513
2025-03-05,FUND_C,XS1000000007,73476,7347646.5,9.796862
2025-03-06,FUND_C,XS1000000001,136080,13607985.0,18.14398
2025-03-06,FUND_C,XS1000000002,150165,15016547.25,20.022063
2025-03-06,FUND_C,XS1000000003,163934,16393440.0,21.85792
2025-03-06,FUND_C,XS1000000004,86499,8649924.75,11.533233
2025-03-06,FUND_C,XS1000000005,77498,7749759.75,10.333013
2025-03-06,FUND_C,XS1000000006,58737,5873718.0,7.831624
2025-03-06,FUND_C,XS1000000007,77086,7708626.0,10.278168
2025-03-07,FUND_C,XS1000000001,133840,13384014.75,17.845353
2025-03-07,FUND_C,XS1000000002,149612,14961201.0,19.948268
2025-03-07,FUND_C,XS1000000003,165080,16507972.5,22.01063
2025-03-07,FUND_C,XS1000000004,88930,8892980.25,11.857307
2025-03-07,FUND_C,XS1000000005,74887,7488666.75,9.984889
2025-03-07,FUND_C,XS1000000006,62587,6258686.25,8.344915
2025-03-07,FUND_C,XS1000000007,75065,7506477.75,10.008637
2025-03-10,FUND_C,XS1000000001,137286,13728614.25,18.304819
2025-03-10,FUND_C,XS1000000002,151833,15183315.75,20.244421
2025-03-10,FUND_C,XS1000000003,166358,16635774.0,22.181032
2025-03-10,FUND_C,XS1000000004,87479,8747919.0,11.663892
2025-03-10,FUND_C,XS1000000005,75452,7545198.75,10.060265
2025-03-10,FUND_C,XS1000000006,59936,5993572.5,7.99143
2025-03-10,FUND_C,XS1000000007,71656,7165605.75,9.554141
2025-03-11,FUND_C,XS1000000001,133840,13383966.0,17.845288
2025-03-11,FUND_C,XS1000000002,150609,15060946.5,20.081262
2025-03-11,FUND_C,XS1000000003,165413,16541290.5,22.055054
2025-03-11,FUND_C,XS1000000004,87724,8772351.0,11.696468
2025-03-11,FUND_C,XS1000000005,78499,7849884.0,10.466512
2025-03-11,FUND_C,XS1000000006,57543,5754338.25,7.672451
2025-03-11,FUND_C,XS1000000007,76372,7637223.0,10.182964
2025-03-12,FUND_C,XS1000000001,136476,13647597.75,18.196797
2025-03-12,FUND_C,XS1000000002,150591,15059127.75,20.078837
2025-03-12,FUND_C,XS1000000003,167350,16734976.5,22.313302
2025-03-12,FUND_C,XS1000000004,90359,9035877.0,12.047836
2025-03-12,FUND_C,XS1000000005,77338,7733796.75,10.311729
2025-03-12,FUND_C,XS1000000006,56389,5638893.75,7.518525
2025-03-12,FUND_C,XS1000000007,71497,7149730.5,9.532974
2025-03-13,FUND_C,XS1000000001,135129,13512861.0,18.017148
2025-03-13,FUND_C,XS1000000002,149544,14954403.75,19.939205
2025-03-13,FUND_C,XS1000000003,164995,16499512.5,21.99935
2025-03-13,FUND_C,XS1000000004,91372,9137178.75,12.182905
2025-03-13,FUND_C,XS1000000005,73865,7386478.5,9.848638
2025-03-13,FUND_C,XS1000000006,60624,6062417.25,8.083223
2025-03-13,FUND_C,XS1000000007,74471,7447148.25,9.929531
2025-03-14,FUND_C,XS1000000001,135084,13508440.5,18.011254
2025-03-14,FUND_C,XS1000000002,147473,14747348.25,19.663131
2025-03-14,FUND_C,XS1000000003,167348,16734792.0,22.313056
2025-03-14,FUND_C,XS1000000004,89297,8929741.5,11.906322
2025-03-14,FUND_C,XS1000000005,76791,7679097.75,10.238797
2025-03-14,FUND_C,XS1000000006,60995,6099490.5,8.132654
2025-03-14,FUND_C,XS1000000007,73011,7301089.5,9.734786
2025-03-17,FUND_C,XS1000000001,133560,13356028.5,17.808038
2025-03-17,FUND_C,XS1000000002,148662,14866167.0,19.821556
2025-03-17,FUND_C,XS1000000003,166748,16674810.0,22.23308
2025-03-17,FUND_C,XS1000000004,91084,9108418.5,12.144558
2025-03-17,FUND_C,XS1000000005,73754,7375371.75,9.833829
2025-03-17,FUND_C,XS1000000006,61613,6161324.25,8.215099
2025-03-17,FUND_C,XS1000000007,74579,7457880.0,9.94384
2025-03-18,FUND_C,XS1000000001,135484,13548384.75,18.064513
2025-03-18,FUND_C,XS1000000002,150475,15047494.5,20.063326
2025-03-18,FUND_C,XS1000000003,166290,16628958.75,22.171945
2025-03-18,FUND_C,XS1000000004,92775,9277516.5,12.370022
2025-03-18,FUND_C,XS1000000005,71621,7162077.0,9.549436
2025-03-18,FUND_C,XS1000000006,58531,5853056.25,7.804075
2025-03-18,FUND_C,XS1000000007,74825,7482512.25,9.976683
2025-03-19,FUND_C,XS1000000001,135579,13557923.25,18.077231
2025-03-19,FUND_C,XS1000000002,151918,15191769.75,20.255693
2025-03-19,FUND_C,XS1000000003,165621,16562085.0,22.08278
2025-03-19,FUND_C,XS1000000004,89386,8938568.25,11.918091
2025-03-19,FUND_C,XS1000000005,73019,7301868.0,9.735824
2025-03-19,FUND_C,XS1000000006,59273,5927292.0,7.903056
2025-03-19,FUND_C,XS1000000007,75205,7520493.75,10.027325
2025-03-20,FUND_C,XS1000000001,136402,13640208.0,18.186944
2025-03-20,FUND_C,XS1000000002,148697,14869716.0,19.826288
2025-03-20,FUND_C,XS1000000003,168402,16840248.0,22.453664
2025-03-20,FUND_C,XS1000000004,87793,8779322.25,11.705763
2025-03-20,FUND_C,XS1000000005,73997,7399695.0,9.86626
2025-03-20,FUND_C,XS1000000006,60822,6082199.25,8.109599
2025-03-20,FUND_C,XS1000000007,73886,7388610.75,9.851481
2025-03-21,FUND_C,XS1000000001,136902,13690246.5,18.253662
2025-03-21,FUND_C,XS1000000002,149909,14990931.0,19.987908
2025-03-21,FUND_C,XS1000000003,165025,16502491.5,22.003322
2025-03-21,FUND_C,XS1000000004,89944,8994408.75,11.992545
2025-03-21,FUND_C,XS1000000005,73526,7352595.0,9.80346
2025-03-21,FUND_C,XS1000000006,56395,5639460.0,7.51928
2025-03-21,FUND_C,XS1000000007,78299,7829867.25,10.439823
2025-03-24,FUND_C,XS1000000001,135084,13508413.5,18.011218
2025-03-24,FUND_C,XS1000000002,153549,15354936.75,20.473249
2025-03-24,FUND_C,XS1000000003,162916,16291581.0,21.722108
2025-03-24,FUND_C,XS1000000004,88925,8892522.0,11.856696
2025-03-24,FUND_C,XS1000000005,71652,7165202.25,9.553603
2025-03-24,FUND_C,XS1000000006,59981,5998093.5,7.997458
2025-03-24,FUND_C,XS1000000007,77893,7789251.75,10.385669
2025-03-25,FUND_C,XS1000000001,134743,13474269.0,17.965692
2025-03-25,FUND_C,XS1000000002,148224,14822364.0,19.763152
2025-03-25,FUND_C,XS1000000003,163558,16355847.0,21.807796
2025-03-25,FUND_C,XS1000000004,91642,9164191.5,12.218922
2025-03-25,FUND_C,XS1000000005,73708,7370831.25,9.827775
2025-03-25,FUND_C,XS1000000006,62215,6221540.25,8.295387
2025-03-25,FUND_C,XS1000000007,75910,7590956.25,10.121275
2025-03-26,FUND_C,XS1000000001,137775,13777517.25,18.370023
2025-03-26,FUND_C,XS1000000002,149861,14986062.0,19.981416
2025-03-26,FUND_C,XS1000000003,165209,16520916.0,22.027888
2025-03-26,FUND_C,XS1000000004,91053,9105333.75,12.140445
2025-03-26,FUND_C,XS1000000005,73133,7313257.5,9.75101
2025-03-26,FUND_C,XS1000000006,60750,6075027.0,8.100036
2025-03-26,FUND_C,XS1000000007,72219,7221886.5,9.629182
2025-03-27,FUND_C,XS1000000001,133945,13394460.0,17.85928
2025-03-27,FUND_C,XS1000000002,150759,15075922.5,20.10123
2025-03-27,FUND_C,XS1000000003,162033,16203258.0,21.604344
2025-03-27,FUND_C,XS1000000004,92914,9291393.75,12.388525
2025-03-27,FUND_C,XS1000000005,75738,7573817.25,10.098423
2025-03-27,FUND_C,XS1000000006,56681,5668096.5,7.557462
2025-03-27,FUND_C,XS1000000007,77931,7793051.25,10.390735
2025-03-28,FUND_C,XS1000000001,133630,13362969.75,17.817293
2025-03-28,FUND_C,XS1000000002,151560,15156005.25,20.208007
2025-03-28,FUND_C,XS1000000003,163092,16309188.0,21.745584
2025-03-28,FUND_C,XS1000000004,92893,9289269.75,12.385693
2025-03-28,FUND_C,XS1000000005,76583,7658295.0,10.21106
2025-03-28,FUND_C,XS1000000006,57496,5749571.25,7.666095
2025-03-28,FUND_C,XS1000000007,74747,7474702.5,9.96627
2025-03-31,FUND_C,XS1000000001,136292,13629201.75,18.172269
2025-03-31,FUND_C,XS1000000002,147992,14799207.0,19.732276
2025-03-31,FUND_C,XS1000000003,163830,16383014.25,21.844019
2025-03-31,FUND_C,XS1000000004,89597,8959677.75,11.946237
2025-03-31,FUND_C,XS1000000005,75519,7551865.5,10.069154
2025-03-31,FUND_C,XS1000000006,60248,6024829.5,8.033106
2025-03-31,FUND_C,XS1000000007,76522,7652203.5,10.202938
2025-01-02,BNK_MSCI_WORLD,US0378331005,748129,149625760.0,14.962576
2025-01-02,BNK_MSCI_WORLD,US5949181045,639137,127827480.0,12.782748
2025-01-02,BNK_MSCI_WORLD,US0231351067,503871,100774200.0,10.07742
2025-01-02,BNK_MSCI_WORLD,US88160R1014,232303,46460670.0,4.646067
2025-01-02,BNK_MSCI_WORLD,US46625H1005,423034,84606870.0,8.460687
2025-01-02,BNK_MSCI_WORLD,DE0005140008,360690,72138010.0,7.213801
2025-01-02,BNK_MSCI_WORLD,FR0000131104,438411,87682170.0,8.768217
2025-01-02,BNK_MSCI_WORLD,CH0012221716,390438,78087500.0,7.80875
2025-01-02,BNK_MSCI_WORLD,GB0009252882,365123,73024570.0,7.302457
2025-01-02,BNK_MSCI_WORLD,JP3633400001,400201,80040260.0,8.004026
2025-01-02,BNK_MSCI_WORLD,AU000000BHP4,259519,51903790.0,5.190379
2025-01-02,BNK_MSCI_WORLD,HK0000069689,239144,47828710.0,4.782871
2025-01-03,BNK_MSCI_WORLD,US0378331005,751635,150327060.0,15.032706
2025-01-03,BNK_MSCI_WORLD,US5949181045,631527,126305440.0,12.630544
2025-01-03,BNK_MSCI_WORLD,US0231351067,499289,99857890.0,9.985789
2025-01-03,BNK_MSCI_WORLD,US88160R1014,268931,53786270.0,5.378627
2025-01-03,BNK_MSCI_WORLD,US46625H1005,396716,79343110.0,7.934311
2025-01-03,BNK_MSCI_WORLD,DE0005140008,358095,71619070.0,7.161907
2025-01-03,BNK_MSCI_WORLD,FR0000131104,452742,90548350.0,9.054835
2025-01-03,BNK_MSCI_WORLD,CH0012221716,401836,80367240.0,8.036724
2025-01-03,BNK_MSCI_WORLD,GB0009252882,320302,64060310.0,6.406031
2025-01-03,BNK_MSCI_WORLD,JP3633400001,391361,78272160.0,7.827216
2025-01-03,BNK_MSCI_WORLD,AU000000BHP4,268302,53660360.0,5.366036
2025-01-03,BNK_MSCI_WORLD,HK0000069689,259264,51852730.0,5.185273
2025-01-06,BNK_MSCI_WORLD,US0378331005,758292,151658400.0,15.16584
2025-01-06,BNK_MSCI_WORLD,US5949181045,649160,129831900.0,12.98319
2025-01-06,BNK_MSCI_WORLD,US0231351067,507379,101475830.0,10.147583
2025-01-06,BNK_MSCI_WORLD,US88160R1014,252341,50468110.0,5.046811
2025-01-06,BNK_MSCI_WORLD,US46625H1005,380756,76151170.0,7.615117
2025-01-06,BNK_MSCI_WORLD,DE0005140008,353877,70775400.0,7.07754
2025-01-06,BNK_MSCI_WORLD,FR0000131104,452694,90538740.0,9.053874
2025-01-06,BNK_MSCI_WORLD,CH0012221716,414046,82809280.0,8.280928
2025-01-06,BNK_MSCI_WORLD,GB0009252882,329988,65997660.0,6.599766
2025-01-06,BNK_MSCI_WORLD,JP3633400001,406082,81216470.0,8.121647
2025-01-06,BNK_MSCI_WORLD,AU000000BHP4,224942,44988440.0,4.498844
2025-01-06,BNK_MSCI_WORLD,HK0000069689,270443,54088590.0,5.408859
2025-01-07,BNK_MSCI_WORLD,US0378331005,736391,147278140.0,14.727814
2025-01-07,BNK_MSCI_WORLD,US5949181045,630999,126199800.0,12.61998
2025-01-07,BNK_MSCI_WORLD,US0231351067,494645,98929000.0,9.8929
2025-01-07,BNK_MSCI_WORLD,US88160R1014,234449,46889740.0,4.688974
2025-01-07,BNK_MSCI_WORLD,US46625H1005,412830,82566070.0,8.256607
2025-01-07,BNK_MSCI_WORLD,DE0005140008,348308,69661520.0,6.966152
2025-01-07,BNK_MSCI_WORLD,FR0000131104,467492,93498320.0,9.349832
2025-01-07,BNK_MSCI_WORLD,CH0012221716,424424,84884840.0,8.488484
2025-01-07,BNK_MSCI_WORLD,GB0009252882,371616,74323250.0,7.432325
2025-01-07,BNK_MSCI_WORLD,JP3633400001,415116,83023100.0,8.30231
2025-01-07,BNK_MSCI_WORLD,AU000000BHP4,229955,45991040.0,4.599104
2025-01-07,BNK_MSCI_WORLD,HK0000069689,233776,46755170.0,4.675517
2025-01-08,BNK_MSCI_WORLD,US0378331005,735720,147144060.0,14.714406
2025-01-08,BNK_MSCI_WORLD,US5949181045,641560,128312100.0,12.83121
2025-01-08,BNK_MSCI_WORLD,US0231351067,508355,101671080.0,10.167108
2025-01-08,BNK_MSCI_WORLD,US88160R1014,251395,50278910.0,5.027891
2025-01-08,BNK_MSCI_WORLD,US46625H1005,390875,78175060.0,7.817506
2025-01-08,BNK_MSCI_WORLD,DE0005140008,333819,66763880.0,6.676388
2025-01-08,BNK_MSCI_WORLD,FR0000131104,470832,94166450.0,9.416645
2025-01-08,BNK_MSCI_WORLD,CH0012221716,392305,78460940.0,7.846094
2025-01-08,BNK_MSCI_WORLD,GB0009252882,342879,68575790.0,6.857579
2025-01-08,BNK_MSCI_WORLD,JP3633400001,413798,82759630.0,8.275963
2025-01-08,BNK_MSCI_WORLD,AU000000BHP4,261172,52234320.0,5.223432
2025-01-08,BNK_MSCI_WORLD,HK0000069689,257289,51457790.0,5.145779
2025-01-09,BNK_MSCI_WORLD,US0378331005,764913,152982650.0,15.298265
2025-01-09,BNK_MSCI_WORLD,US5949181045,660032,132006380.0,13.200638
2025-01-09,BNK_MSCI_WORLD,US0231351067,487961,97592160.0,9.759216
2025-01-09,BNK_MSCI_WORLD,US88160R1014,238965,47793070.0,4.779307
2025-01-09,BNK_MSCI_WORLD,US46625H1005,405688,81137500.0,8.11375
2025-01-09,BNK_MSCI_WORLD,DE0005140008,338566,67713210.0,6.771321
2025-01-09,BNK_MSCI_WORLD,FR0000131104,476917,95383470.0,9.538347
2025-01-09,BNK_MSCI_WORLD,CH0012221716,392574,78514790.0,7.851479
2025-01-09,BNK_MSCI_WORLD,GB0009252882,341795,68359010.0,6.835901
2025-01-09,BNK_MSCI_WORLD,JP3633400001,388026,77605180.0,7.760518
2025-01-09,BNK_MSCI_WORLD,AU000000BHP4,262047,52409430.0,5.240943
2025-01-09,BNK_MSCI_WORLD,HK0000069689,242516,48503160.0,4.850316
2025-01-10,BNK_MSCI_WORLD,US0378331005,732350,146470010.0,14.647001
2025-01-10,BNK_MSCI_WORLD,US5949181045,662556,132511300.0,13.25113
2025-01-10,BNK_MSCI_WORLD,US0231351067,507774,101554860.0,10.155486
2025-01-10,BNK_MSCI_WORLD,US88160R1014,235429,47085840.0,4.708584
2025-01-10,BNK_MSCI_WORLD,US46625H1005,375914,75182890.0,7.518289
2025-01-10,BNK_MSCI_WORLD,DE0005140008,353954,70790890.0,7.079089
2025-01-10,BNK_MSCI_WORLD,FR0000131104,437951,87590150.0,8.759015
2025-01-10,BNK_MSCI_WORLD,CH0012221716,418246,83649110.0,8.364911
2025-01-10,BNK_MSCI_WORLD,GB0009252882,360946,72189170.0,7.218917
2025-01-10,BNK_MSCI_WORLD,JP3633400001,416985,83397070.0,8.339707
2025-01-10,BNK_MSCI_WORLD,AU000000BHP4,261626,52325240.0,5.232524
2025-01-10,BNK_MSCI_WORLD,HK0000069689,236267,47253480.0,4.725348
2025-01-13,BNK_MSCI_WORLD,US0378331005,741987,148397440.0,14.839744
2025-01-13,BNK_MSCI_WORLD,US5949181045,663035,132607090.0,13.260709
2025-01-13,BNK_MSCI_WORLD,US0231351067,494053,98810630.0,9.881063
2025-01-13,BNK_MSCI_WORLD,US88160R1014,247990,49597940.0,4.959794
2025-01-13,BNK_MSCI_WORLD,US46625H1005,389189,77837790.0,7.783779
2025-01-13,BNK_MSCI_WORLD,DE0005140008,350184,70036740.0,7.003674
2025-01-13,BNK_MSCI_WORLD,FR0000131104,436637,87327350.0,8.732735
2025-01-13,BNK_MSCI_WORLD,CH0012221716,403345,80669070.0,8.066907
2025-01-13,BNK_MSCI_WORLD,GB0009252882,372961,74592190.0,7.459219
2025-01-13,BNK_MSCI_WORLD,JP3633400001,411253,82250560.0,8.225056
2025-01-13,BNK_MSCI_WORLD,AU000000BHP4,232681,46536150.0,4.653615
2025-01-13,BNK_MSCI_WORLD,HK0000069689,256685,51337050.0,5.133705
2025-01-14,BNK_MSCI_WORLD,US0378331005,759827,151965340.0,15.196534
2025-01-14,BNK_MSCI_WORLD,US5949181045,641756,128351140.0,12.835114
2025-01-14,BNK_MSCI_WORLD,US0231351067,512189,102437830.0,10.243783
2025-01-14,BNK_MSCI_WORLD,US88160R1014,253381,50676240.0,5.067624
2025-01-14,BNK_MSCI_WORLD,US46625H1005,409856,81971190.0,8.197119
2025-01-14,BNK_MSCI_WORLD,DE0005140008,330007,66001370.0,6.600137
2025-01-14,BNK_MSCI_WORLD,FR0000131104,448906,89781140.0,8.978114
2025-01-14,BNK_MSCI_WORLD,CH0012221716,413856,82771100.0,8.27711
2025-01-14,BNK_MSCI_WORLD,GB0009252882,332427,66485400.0,6.64854
2025-01-14,BNK_MSCI_WORLD,JP3633400001,416545,83309070.0,8.330907
2025-01-14,BNK_MSCI_WORLD,AU000000BHP4,226897,45379410.0,4.537941
2025-01-14,BNK_MSCI_WORLD,HK0000069689,254354,50870760.0,5.087076
2025-01-15,BNK_MSCI_WORLD,US0378331005,761338,152267580.0,15.226758
2025-01-15,BNK_MSCI_WORLD,US5949181045,636882,127376430.0,12.737643
2025-01-15,BNK_MSCI_WORLD,US0231351067,514909,102981840.0,10.298184
2025-01-15,BNK_MSCI_WORLD,US88160R1014,265393,53078660.0,5.307866
2025-01-15,BNK_MSCI_WORLD,US46625H1005,393642,78728300.0,7.87283
2025-01-15,BNK_MSCI_WORLD,DE0005140008,330580,66115970.0,6.611597
2025-01-15,BNK_MSCI_WORLD,FR0000131104,466990,93398020.0,9.339802
2025-01-15,BNK_MSCI_WORLD,CH0012221716,385930,77185990.0,7.718599
2025-01-15,BNK_MSCI_WORLD,GB0009252882,352609,70521850.0,7.052185
2025-01-15,BNK_MSCI_WORLD,JP3633400001,414884,82976730.0,8.297673
2025-01-15,BNK_MSCI_WORLD,AU000000BHP4,226464,45292730.0,4.529273
2025-01-15,BNK_MSCI_WORLD,HK0000069689,250380,50075900.0,5.00759
2025-01-16,BNK_MSCI_WORLD,US0378331005,736389,147277750.0,14.727775
2025-01-16,BNK_MSCI_WORLD,US5949181045,647639,129527850.0,12.952785
2025-01-16,BNK_MSCI_WORLD,US0231351067,511165,102233030.0,10.223303
2025-01-16,BNK_MSCI_WORLD,US88160R1014,265128,53025620.0,5.302562
2025-01-16,BNK_MSCI_WORLD,US46625H1005,375908,75181560.0,7.518156
2025-01-16,BNK_MSCI_WORLD,DE0005140008,361566,72313230.0,7.231323
2025-01-16,BNK_MSCI_WORLD,FR0000131104,424921,84984210.0,8.498421
2025-01-16,BNK_MSCI_WORLD,CH0012221716,412375,82475040.0,8.247504
2025-01-16,BNK_MSCI_WORLD,GB0009252882,367195,73439000.0,7.3439
2025-01-16,BNK_MSCI_WORLD,JP3633400001,386777,77355490.0,7.735549
2025-01-16,BNK_MSCI_WORLD,AU000000BHP4,244663,48932590.0,4.893259
2025-01-16,BNK_MSCI_WORLD,HK0000069689,266273,53254630.0,5.325463
2025-01-17,BNK_MSCI_WORLD,US0378331005,760319,152063790.0,15.206379
2025-01-17,BNK_MSCI_WORLD,US5949181045,660198,132039660.0,13.203966
2025-01-17,BNK_MSCI_WORLD,US0231351067,510255,102051060.0,10.205106
2025-01-17,BNK_MSCI_WORLD,US88160R1014,221734,44346810.0,4.434681
2025-01-17,BNK_MSCI_WORLD,US46625H1005,396726,79345130.0,7.934513
2025-01-17,BNK_MSCI_WORLD,DE0005140008,324901,64980120.0,6.498012
2025-01-17,BNK_MSCI_WORLD,FR0000131104,466307,93261400.0,9.32614
2025-01-17,BNK_MSCI_WORLD,CH0012221716,382790,76558010.0,7.655801
2025-01-17,BNK_MSCI_WORLD,GB0009252882,368261,73652260.0,7.365226
2025-01-17,BNK_MSCI_WORLD,JP3633400001,395513,79102600.0,7.91026
2025-01-17,BNK_MSCI_WORLD,AU000000BHP4,245566,49113100.0,4.91131
2025-01-17,BNK_MSCI_WORLD,HK0000069689,267430,53486040.0,5.348604
2025-01-20,BNK_MSCI_WORLD,US0378331005,771086,154217130.0,15.421713
2025-01-20,BNK_MSCI_WORLD,US5949181045,651385,130277060.0,13.027706
2025-01-20,BNK_MSCI_WORLD,US0231351067,486871,97374220.0,9.737422
2025-01-20,BNK_MSCI_WORLD,US88160R1014,231694,46338760.0,4.633876
2025-01-20,BNK_MSCI_WORLD,US46625H1005,384888,76977610.0,7.697761
2025-01-20,BNK_MSCI_WORLD,DE0005140008,349547,69909430.0,6.990943
2025-01-20,BNK_MSCI_WORLD,FR0000131104,439878,87975700.0,8.79757
2025-01-20,BNK_MSCI_WORLD,CH0012221716,386079,77215750.0,7.721575
2025-01-20,BNK_MSCI_WORLD,GB0009252882,363496,72699240.0,7.269924
2025-01-20,BNK_MSCI_WORLD,JP3633400001,416446,83289260.0,8.328926
2025-01-20,BNK_MSCI_WORLD,AU000000BHP4,254555,50911060.0,5.091106
2025-01-20,BNK_MSCI_WORLD,HK0000069689,264074,52814790.0,5.281479
2025-01-21,BNK_MSCI_WORLD,US0378331005,739806,147961160.0,14.796116
2025-01-21,BNK_MSCI_WORLD,US5949181045,673296,134659240.0,13.465924
2025-01-21,BNK_MSCI_WORLD,US0231351067,524125,104824990.0,10.482499
2025-01-21,BNK_MSCI_WORLD,US88160R1014,268539,53707740.0,5.370774
2025-01-21,BNK_MSCI_WORLD,US46625H1005,404058,80811600.0,8.08116
2025-01-21,BNK_MSCI_WORLD,DE0005140008,332044,66408760.0,6.640876
2025-01-21,BNK_MSCI_WORLD,FR0000131104,462231,92446200.0,9.24462
2025-01-21,BNK_MSCI_WORLD,CH0012221716,387397,77479440.0,7.747944
2025-01-21,BNK_MSCI_WORLD,GB0009252882,334760,66951930.0,6.695193
2025-01-21,BNK_MSCI_WORLD,JP3633400001,394395,78879060.0,7.887906
2025-01-21,BNK_MSCI_WORLD,AU000000BHP4,239354,47870720.0,4.787072
2025-01-21,BNK_MSCI_WORLD,HK0000069689,239996,47999150.0,4.799915
2025-01-22,BNK_MSCI_WORLD,US0378331005,742579,148515710.0,14.851571
2025-01-22,BNK_MSCI_WORLD,US5949181045,667907,133581370.0,13.358137
2025-01-22,BNK_MSCI_WORLD,US0231351067,526818,105363660.0,10.536366
2025-01-22,BNK_MSCI_WORLD,US88160R1014,241988,48397640.0,4.839764
2025-01-22,BNK_MSCI_WORLD,US46625H1005,414382,82876420.0,8.287642
2025-01-22,BNK_MSCI_WORLD,DE0005140008,328136,65627170.0,6.562717
2025-01-22,BNK_MSCI_WORLD,FR0000131104,461289,92257730.0,9.225773
2025-01-22,BNK_MSCI_WORLD,CH0012221716,412865,82572910.0,8.257291
2025-01-22,BNK_MSCI_WORLD,GB0009252882,330690,66138050.0,6.613805
2025-01-22,BNK_MSCI_WORLD,JP3633400001,383911,76782220.0,7.678222
2025-01-22,BNK_MSCI_WORLD,AU000000BHP4,242233,48446620.0,4.844662
2025-01-22,BNK_MSCI_WORLD,HK0000069689,247202,49440490.0,4.944049
2025-01-23,BNK_MSCI_WORLD,US0378331005,753070,150614100.0,15.06141
2025-01-23,BNK_MSCI_WORLD,US5949181045,672385,134476990.0,13.447699
2025-01-23,BNK_MSCI_WORLD,US0231351067,512180,102436090.0,10.243609
2025-01-23,BNK_MSCI_WORLD,US88160R1014,241493,48298630.0,4.829863
2025-01-23,BNK_MSCI_WORLD,US46625H1005,382366,76473170.0,7.647317
2025-01-23,BNK_MSCI_WORLD,DE0005140008,372262,74452410.0,7.445241
2025-01-23,BNK_MSCI_WORLD,FR0000131104,441478,88295610.0,8.829561
2025-01-23,BNK_MSCI_WORLD,CH0012221716,407324,81464780.0,8.146478
2025-01-23,BNK_MSCI_WORLD,GB0009252882,337275,67455030.0,6.745503
2025-01-23,BNK_MSCI_WORLD,JP3633400001,383177,76635330.0,7.663533
2025-01-23,BNK_MSCI_WORLD,AU000000BHP4,233573,46714510.0,4.671451
2025-01-23,BNK_MSCI_WORLD,HK0000069689,263417,52683340.0,5.268334
2025-01-24,BNK_MSCI_WORLD,US0378331005,756303,151260640.0,15.126064
2025-01-24,BNK_MSCI_WORLD,US5949181045,646661,129332240.0,12.933224
2025-01-24,BNK_MSCI_WORLD,US0231351067,503138,100627560.0,10.062756
2025-01-24,BNK_MSCI_WORLD,US88160R1014,248876,49775160.0,4.977516
2025-01-24,BNK_MSCI_WORLD,US46625H1005,402417,80483320.0,8.048332
2025-01-24,BNK_MSCI_WORLD,DE0005140008,358687,71737340.0,7.173734
2025-01-24,BNK_MSCI_WORLD,FR0000131104,436507,87301420.0,8.730142
2025-01-24,BNK_MSCI_WORLD,CH0012221716,387894,77578900.0,7.75789
2025-01-24,BNK_MSCI_WORLD,GB0009252882,363225,72645010.0,7.264501
2025-01-24,BNK_MSCI_WORLD,JP3633400001,419220,83844010.0,8.384401
2025-01-24,BNK_MSCI_WORLD,AU000000BHP4,229402,45880350.0,4.588035
2025-01-24,BNK_MSCI_WORLD,HK0000069689,247670,49534040.0,4.953404
2025-01-27,BNK_MSCI_WORLD,US0378331005,772914,154582730.0,15.458273
2025-01-27,BNK_MSCI_WORLD,US5949181045,639433,127886570.0,12.788657
2025-01-27,BNK_MSCI_WORLD,US0231351067,511632,102326400.0,10.23264
2025-01-27,BNK_MSCI_WORLD,US88160R1014,231906,46381210.0,4.638121
2025-01-27,BNK_MSCI_WORLD,US46625H1005,409118,81823650.0,8.182365
2025-01-27,BNK_MSCI_WORLD,DE0005140008,356138,71227570.0,7.122757
2025-01-27,BNK_MSCI_WORLD,FR0000131104,461229,92245760.0,9.224576
2025-01-27,BNK_MSCI_WORLD,CH0012221716,388895,77779090.0,7.777909
2025-01-27,BNK_MSCI_WORLD,GB0009252882,347121,69424190.0,6.942419
2025-01-27,BNK_MSCI_WORLD,JP3633400001,407730,81546000.0,8.1546
2025-01-27,BNK_MSCI_WORLD,AU000000BHP4,234676,46935150.0,4.693515
2025-01-27,BNK_MSCI_WORLD,HK0000069689,239208,47841690.0,4.784169
2025-01-28,BNK_MSCI_WORLD,US0378331005,755193,151038560.0,15.103856
2025-01-28,BNK_MSCI_WORLD,US5949181045,630411,126082280.0,12.608228
2025-01-28,BNK_MSCI_WORLD,US0231351067,501206,100241190.0,10.024119
2025-01-28,BNK_MSCI_WORLD,US88160R1014,265799,53159810.0,5.315981
2025-01-28,BNK_MSCI_WORLD,US46625H1005,398218,79643520.0,7.964352
2025-01-28,BNK_MSCI_WORLD,DE0005140008,351144,70228770.0,7.022877
2025-01-28,BNK_MSCI_WORLD,FR0000131104,448455,89690960.0,8.969096
2025-01-28,BNK_MSCI_WORLD,CH0012221716,378406,75681130.0,7.568113
2025-01-28,BNK_MSCI_WORLD,GB0009252882,348597,69719370.0,6.971937
2025-01-28,BNK_MSCI_WORLD,JP3633400001,415916,83183200.0,8.31832
2025-01-28,BNK_MSCI_WORLD,AU000000BHP4,261523,52304510.0,5.230451
2025-01-28,BNK_MSCI_WORLD,HK0000069689,245134,49026710.0,4.902671
2025-01-29,BNK_MSCI_WORLD,US0378331005,766081,153216240.0,15.321624
2025-01-29,BNK_MSCI_WORLD,US5949181045,662514,132502760.0,13.250276
2025-01-29,BNK_MSCI_WORLD,US0231351067,504086,100817140.0,10.081714
2025-01-29,BNK_MSCI_WORLD,US88160R1014,227341,45468240.0,4.546824
2025-01-29,BNK_MSCI_WORLD,US46625H1005,392359,78471770.0,7.847177
2025-01-29,BNK_MSCI_WORLD,DE0005140008,328299,65659760.0,6.565976
2025-01-29,BNK_MSCI_WORLD,FR0000131104,474866,94973290.0,9.497329
2025-01-29,BNK_MSCI_WORLD,CH0012221716,421872,84374300.0,8.43743
2025-01-29,BNK_MSCI_WORLD,GB0009252882,328562,65712370.0,6.571237
2025-01-29,BNK_MSCI_WORLD,JP3633400001,421831,84366230.0,8.436623
2025-01-29,BNK_MSCI_WORLD,AU000000BHP4,226663,45332650.0,4.533265
2025-01-29,BNK_MSCI_WORLD,HK0000069689,245526,49105240.0,4.910524
2025-01-30,BNK_MSCI_WORLD,US0378331005,745182,149036440.0,14.903644
2025-01-30,BNK_MSCI_WORLD,US5949181045,647421,129484270.0,12.948427
2025-01-30,BNK_MSCI_WORLD,US0231351067,511381,102276270.0,10.227627
2025-01-30,BNK_MSCI_WORLD,US88160R1014,251138,50227600.0,5.02276
2025-01-30,BNK_MSCI_WORLD,US46625H1005,386543,77308580.0,7.730858
2025-01-30,BNK_MSCI_WORLD,DE0005140008,365679,73135810.0,7.313581
2025-01-30,BNK_MSCI_WORLD,FR0000131104,433498,86699560.0,8.669956
2025-01-30,BNK_MSCI_WORLD,CH0012221716,408468,81693670.0,8.169367
2025-01-30,BNK_MSCI_WORLD,GB0009252882,361478,72295520.0,7.229552
2025-01-30,BNK_MSCI_WORLD,JP3633400001,384361,76872110.0,7.687211
2025-01-30,BNK_MSCI_WORLD,AU000000BHP4,252936,50587270.0,5.058727
2025-01-30,BNK_MSCI_WORLD,HK0000069689,251915,50382910.0,5.038291
2025-01-31,BNK_MSCI_WORLD,US0378331005,761608,152321700.0,15.23217
2025-01-31,BNK_MSCI_WORLD,US5949181045,666111,133222200.0,13.32222
2025-01-31,BNK_MSCI_WORLD,US0231351067,498703,99740620.0,9.974062
2025-01-31,BNK_MSCI_WORLD,US88160R1014,236924,47384720.0,4.738472
2025-01-31,BNK_MSCI_WORLD,US46625H1005,407017,81403310.0,8.140331
2025-01-31,BNK_MSCI_WORLD,DE0005140008,355949,71189830.0,7.118983
2025-01-31,BNK_MSCI_WORLD,FR0000131104,467310,93462000.0,9.3462
2025-01-31,BNK_MSCI_WORLD,CH0012221716,391086,78217290.0,7.821729
2025-01-31,BNK_MSCI_WORLD,GB0009252882,329344,65868760.0,6.586876
2025-01-31,BNK_MSCI_WORLD,JP3633400001,380960,76192100.0,7.61921
2025-01-31,BNK_MSCI_WORLD,AU000000BHP4,242995,48598990.0,4.859899
2025-01-31,BNK_MSCI_WORLD,HK0000069689,261992,52398470.0,5.239847
2025-02-03,BNK_MSCI_WORLD,US0378331005,748189,149637740.0,14.963774
2025-02-03,BNK_MSCI_WORLD,US5949181045,648103,129620540.0,12.962054
2025-02-03,BNK_MSCI_WORLD,US0231351067,513400,102680040.0,10.268004
2025-02-03,BNK_MSCI_WORLD,US88160R1014,236103,47220550.0,4.722055
2025-02-03,BNK_MSCI_WORLD,US46625H1005,390204,78040870.0,7.804087
2025-02-03,BNK_MSCI_WORLD,DE0005140008,336966,67393170.0,6.739317
2025-02-03,BNK_MSCI_WORLD,FR0000131104,469340,93868050.0,9.386805
2025-02-03,BNK_MSCI_WORLD,CH0012221716,409046,81809200.0,8.18092
2025-02-03,BNK_MSCI_WORLD,GB0009252882,328869,65773850.0,6.577385
2025-02-03,BNK_MSCI_WORLD,JP3633400001,413246,82649210.0,8.264921
2025-02-03,BNK_MSCI_WORLD,AU000000BHP4,244643,48928630.0,4.892863
2025-02-03,BNK_MSCI_WORLD,HK0000069689,261891,52378160.0,5.237816
2025-02-04,BNK_MSCI_WORLD,US0378331005,783414,156682740.0,15.668274
2025-02-04,BNK_MSCI_WORLD,US5949181045,637356,127471180.0,12.747118
2025-02-04,BNK_MSCI_WORLD,US0231351067,494280,98855920.0,9.885592
2025-02-04,BNK_MSCI_WORLD,US88160R1014,234299,46859890.0,4.685989
2025-02-04,BNK_MSCI_WORLD,US46625H1005,383645,76729070.0,7.672907
2025-02-04,BNK_MSCI_WORLD,DE0005140008,361453,72290560.0,7.229056
2025-02-04,BNK_MSCI_WORLD,FR0000131104,468675,93734980.0,9.373498
2025-02-04,BNK_MSCI_WORLD,CH0012221716,384414,76882860.0,7.688286
2025-02-04,BNK_MSCI_WORLD,GB0009252882,368723,73744520.0,7.374452
2025-02-04,BNK_MSCI_WORLD,JP3633400001,402421,80484150.0,8.048415
2025-02-04,BNK_MSCI_WORLD,AU000000BHP4,241095,48218990.0,4.821899
2025-02-04,BNK_MSCI_WORLD,HK0000069689,240226,48045130.0,4.804513
2025-02-05,BNK_MSCI_WORLD,US0378331005,771150,154230040.0,15.423004
2025-02-05,BNK_MSCI_WORLD,US5949181045,630244,126048870.0,12.604887
2025-02-05,BNK_MSCI_WORLD,US0231351067,502125,100424910.0,10.042491
2025-02-05,BNK_MSCI_WORLD,US88160R1014,240387,48077410.0,4.807741
2025-02-05,BNK_MSCI_WORLD,US46625H1005,417393,83478690.0,8.347869
2025-02-05,BNK_MSCI_WORLD,DE0005140008,362971,72594170.0,7.259417
2025-02-05,BNK_MSCI_WORLD,FR0000131104,442646,88529270.0,8.852927
2025-02-05,BNK_MSCI_WORLD,CH0012221716,406458,81291600.0,8.12916
2025-02-05,BNK_MSCI_WORLD,GB0009252882,360010,72002040.0,7.200204
2025-02-05,BNK_MSCI_WORLD,JP3633400001,392542,78508370.0,7.850837
2025-02-05,BNK_MSCI_WORLD,AU000000BHP4,241014,48202900.0,4.82029
2025-02-05,BNK_MSCI_WORLD,HK0000069689,233059,46611740.0,4.661174
2025-02-06,BNK_MSCI_WORLD,US0378331005,747212,149442360.0,14.944236
2025-02-06,BNK_MSCI_WORLD,US5949181045,626991,125398150.0,12.539815
2025-02-06,BNK_MSCI_WORLD,US0231351067,483044,96608800.0,9.66088
2025-02-06,BNK_MSCI_WORLD,US88160R1014,224799,44959810.0,4.495981
2025-02-06,BNK_MSCI_WORLD,US46625H1005,416408,83281600.0,8.32816
2025-02-06,BNK_MSCI_WORLD,DE0005140008,363729,72745800.0,7.27458
2025-02-06,BNK_MSCI_WORLD,FR0000131104,463875,92774980.0,9.277498
2025-02-06,BNK_MSCI_WORLD,CH0012221716,400511,80102280.0,8.010228
2025-02-06,BNK_MSCI_WORLD,GB0009252882,341426,68285140.0,6.828514
2025-02-06,BNK_MSCI_WORLD,JP3633400001,394086,78817130.0,7.881713
2025-02-06,BNK_MSCI_WORLD,AU000000BHP4,269716,53943300.0,5.39433
2025-02-06,BNK_MSCI_WORLD,HK0000069689,268203,53640640.0,5.364064
2025-02-07,BNK_MSCI_WORLD,US0378331005,753974,150794710.0,15.079471
2025-02-07,BNK_MSCI_WORLD,US5949181045,660268,132053510.0,13.205351
2025-02-07,BNK_MSCI_WORLD,US0231351067,487964,97592760.0,9.759276
2025-02-07,BNK_MSCI_WORLD,US88160R1014,244328,48865530.0,4.886553
2025-02-07,BNK_MSCI_WORLD,US46625H1005,380145,76028970.0,7.602897
2025-02-07,BNK_MSCI_WORLD,DE0005140008,341741,68348190.0,6.834819
2025-02-07,BNK_MSCI_WORLD,FR0000131104,459919,91983750.0,9.198375
2025-02-07,BNK_MSCI_WORLD,CH0012221716,396262,79252340.0,7.925234
2025-02-07,BNK_MSCI_WORLD,GB0009252882,365242,73048360.0,7.304836
2025-02-07,BNK_MSCI_WORLD,JP3633400001,387675,77534980.0,7.753498
2025-02-07,BNK_MSCI_WORLD,AU000000BHP4,258802,51760420.0,5.176042
2025-02-07,BNK_MSCI_WORLD,HK0000069689,263682,52736470.0,5.273647
2025-02-10,BNK_MSCI_WORLD,US0378331005,764502,152900350.0,15.290035
2025-02-10,BNK_MSCI_WORLD,US5949181045,647836,129567110.0,12.956711
2025-02-10,BNK_MSCI_WORLD,US0231351067,519155,103831010.0,10.383101
2025-02-10,BNK_MSCI_WORLD,US88160R1014,250819,50163730.0,5.016373
2025-02-10,BNK_MSCI_WORLD,US46625H1005,378617,75723330.0,7.572333
2025-02-10,BNK_MSCI_WORLD,DE0005140008,334415,66883090.0,6.688309
2025-02-10,BNK_MSCI_WORLD,FR0000131104,431646,86329260.0,8.632926
2025-02-10,BNK_MSCI_WORLD,CH0012221716,404040,80807990.0,8.080799
2025-02-10,BNK_MSCI_WORLD,GB0009252882,368109,73621800.0,7.36218
2025-02-10,BNK_MSCI_WORLD,JP3633400001,413980,82796050.0,8.279605
2025-02-10,BNK_MSCI_WORLD,AU000000BHP4,227766,45553110.0,4.555311
2025-02-10,BNK_MSCI_WORLD,HK0000069689,259116,51823180.0,5.182318
2025-02-11,BNK_MSCI_WORLD,US0378331005,730695,146139040.0,14.613904
2025-02-11,BNK_MSCI_WORLD,US5949181045,635095,127019030.0,12.701903
2025-02-11,BNK_MSCI_WORLD,US0231351067,506032,101206390.0,10.120639
2025-02-11,BNK_MSCI_WORLD,US88160R1014,253816,50763220.0,5.076322
2025-02-11,BNK_MSCI_WORLD,US46625H1005,416499,83299710.0,8.329971
2025-02-11,BNK_MSCI_WORLD,DE0005140008,332665,66533000.0,6.6533
2025-02-11,BNK_MSCI_WORLD,FR0000131104,460671,92134180.0,9.213418
2025-02-11,BNK_MSCI_WORLD,CH0012221716,409072,81814340.0,8.181434
2025-02-11,BNK_MSCI_WORLD,GB0009252882,351103,70220550.0,7.022055
2025-02-11,BNK_MSCI_WORLD,JP3633400001,396890,79378000.0,7.9378
2025-02-11,BNK_MSCI_WORLD,AU000000BHP4,267074,53414840.0,5.341484
2025-02-11,BNK_MSCI_WORLD,HK0000069689,240389,48077710.0,4.807771
2025-02-12,BNK_MSCI_WORLD,US0378331005,765304,153060840.0,15.306084
2025-02-12,BNK_MSCI_WORLD,US5949181045,619656,123931230.0,12.393123
2025-02-12,BNK_MSCI_WORLD,US0231351067,516762,103352430.0,10.335243
2025-02-12,BNK_MSCI_WORLD,US88160R1014,270437,54087410.0,5.408741
2025-02-12,BNK_MSCI_WORLD,US46625H1005,377147,75429340.0,7.542934
2025-02-12,BNK_MSCI_WORLD,DE0005140008,371317,74263400.0,7.42634
2025-02-12,BNK_MSCI_WORLD,FR0000131104,444562,88912430.0,8.891243
2025-02-12,BNK_MSCI_WORLD,CH0012221716,383349,76669880.0,7.666988
2025-02-12,BNK_MSCI_WORLD,GB0009252882,351751,70350280.0,7.035028
2025-02-12,BNK_MSCI_WORLD,JP3633400001,381464,76292800.0,7.62928
2025-02-12,BNK_MSCI_WORLD,AU000000BHP4,268112,53622490.0,5.362249
2025-02-12,BNK_MSCI_WORLD,HK0000069689,250137,50027470.0,5.002747
2025-02-13,BNK_MSCI_WORLD,US0378331005,759038,151807530.0,15.180753
2025-02-13,BNK_MSCI_WORLD,US5949181045,640038,128007570.0,12.800757
2025-02-13,BNK_MSCI_WORLD,US0231351067,498570,99714070.0,9.971407
2025-02-13,BNK_MSCI_WORLD,US88160R1014,241456,48291150.0,4.829115
2025-02-13,BNK_MSCI_WORLD,US46625H1005,385671,77134130.0,7.713413
2025-02-13,BNK_MSCI_WORLD,DE0005140008,348466,69693130.0,6.969313
2025-02-13,BNK_MSCI_WORLD,FR0000131104,447073,89414630.0,8.941463
2025-02-13,BNK_MSCI_WORLD,CH0012221716,377574,75514700.0,7.55147
2025-02-13,BNK_MSCI_WORLD,GB0009252882,371745,74349080.0,7.434908
2025-02-13,BNK_MSCI_WORLD,JP3633400001,396003,79200520.0,7.920052
2025-02-13,BNK_MSCI_WORLD,AU000000BHP4,265330,53066060.0,5.306606
2025-02-13,BNK_MSCI_WORLD,HK0000069689,269037,53807430.0,5.380743
2025-02-14,BNK_MSCI_WORLD,US0378331005,752804,150560870.0,15.056087
2025-02-14,BNK_MSCI_WORLD,US5949181045,653746,130749180.0,13.074918
2025-02-14,BNK_MSCI_WORLD,US0231351067,509398,101879660.0,10.187966
2025-02-14,BNK_MSCI_WORLD,US88160R1014,239007,47801310.0,4.780131
2025-02-14,BNK_MSCI_WORLD,US46625H1005,387062,77412390.0,7.741239
2025-02-14,BNK_MSCI_WORLD,DE0005140008,342253,68450550.0,6.845055
2025-02-14,BNK_MSCI_WORLD,FR0000131104,477619,95523740.0,9.552374
2025-02-14,BNK_MSCI_WORLD,CH0012221716,408993,81798590.0,8.179859
2025-02-14,BNK_MSCI_WORLD,GB0009252882,350191,70038140.0,7.003814
2025-02-14,BNK_MSCI_WORLD,JP3633400001,387390,77478080.0,7.747808
2025-02-14,BNK_MSCI_WORLD,AU000000BHP4,244504,48900750.0,4.890075
2025-02-14,BNK_MSCI_WORLD,HK0000069689,247034,49406730.0,4.940673
2025-02-17,BNK_MSCI_WORLD,US0378331005,759210,151842070.0,15.184207
2025-02-17,BNK_MSCI_WORLD,US5949181045,643642,128728500.0,12.87285
2025-02-17,BNK_MSCI_WORLD,US0231351067,502791,100558280.0,10.055828
2025-02-17,BNK_MSCI_WORLD,US88160R1014,256721,51344110.0,5.134411
2025-02-17,BNK_MSCI_WORLD,US46625H1005,384093,76818670.0,7.681867
2025-02-17,BNK_MSCI_WORLD,DE0005140008,362519,72503710.0,7.250371
2025-02-17,BNK_MSCI_WORLD,FR0000131104,468721,93744220.0,9.374422
2025-02-17,BNK_MSCI_WORLD,CH0012221716,403125,80624960.0,8.062496
2025-02-17,BNK_MSCI_WORLD,GB0009252882,346130,69225940.0,6.922594
2025-02-17,BNK_MSCI_WORLD,JP3633400001,379682,75936410.0,7.593641
2025-02-17,BNK_MSCI_WORLD,AU000000BHP4,262173,52434680.0,5.243468
2025-02-17,BNK_MSCI_WORLD,HK0000069689,231192,46238450.0,4.623845
2025-02-18,BNK_MSCI_WORLD,US0378331005,753191,150638210.0,15.063821
2025-02-18,BNK_MSCI_WORLD,US5949181045,642739,128547730.0,12.854773
2025-02-18,BNK_MSCI_WORLD,US0231351067,515490,103097950.0,10.309795
2025-02-18,BNK_MSCI_WORLD,US88160R1014,249515,49902950.0,4.990295
2025-02-18,BNK_MSCI_WORLD,US46625H1005,402905,80580970.0,8.058097
2025-02-18,BNK_MSCI_WORLD,DE0005140008,324565,64912960.0,6.491296
2025-02-18,BNK_MSCI_WORLD,FR0000131104,422304,84460810.0,8.446081
2025-02-18,BNK_MSCI_WORLD,CH0012221716,413044,82608780.0,8.260878
2025-02-18,BNK_MSCI_WORLD,GB0009252882,368432,73686380.0,7.368638
2025-02-18,BNK_MSCI_WORLD,JP3633400001,404212,80842310.0,8.084231
2025-02-18,BNK_MSCI_WORLD,AU000000BHP4,260511,52102120.0,5.210212
2025-02-18,BNK_MSCI_WORLD,HK0000069689,243094,48618840.0,4.861884
2025-02-19,BNK_MSCI_WORLD,US0378331005,770610,154122070.0,15.412207
2025-02-19,BNK_MSCI_WORLD,US5949181045,639462,127892400.0,12.78924
2025-02-19,BNK_MSCI_WORLD,US0231351067,512676,102535150.0,10.253515
2025-02-19,BNK_MSCI_WORLD,US88160R1014,226481,45296150.0,4.529615
2025-02-19,BNK_MSCI_WORLD,US46625H1005,402104,80420830.0,8.042083
2025-02-19,BNK_MSCI_WORLD,DE0005140008,345220,69044080.0,6.904408
2025-02-19,BNK_MSCI_WORLD,FR0000131104,457962,91592350.0,9.159235
2025-02-19,BNK_MSCI_WORLD,CH0012221716,410192,82038360.0,8.203836
2025-02-19,BNK_MSCI_WORLD,GB0009252882,357442,71488320.0,7.148832
2025-02-19,BNK_MSCI_WORLD,JP3633400001,400973,80194520.0,8.019452
2025-02-19,BNK_MSCI_WORLD,AU000000BHP4,250525,50105020.0,5.010502
2025-02-19,BNK_MSCI_WORLD,HK0000069689,226354,45270750.0,4.527075
2025-02-20,BNK_MSCI_WORLD,US0378331005,754327,150865330.0,15.086533
2025-02-20,BNK_MSCI_WORLD,US5949181045,627043,125408530.0,12.540853
2025-02-20,BNK_MSCI_WORLD,US0231351067,502633,100526660.0,10.052666
2025-02-20,BNK_MSCI_WORLD,US88160R1014,239290,47858090.0,4.785809
2025-02-20,BNK_MSCI_WORLD,US46625H1005,424856,84971300.0,8.49713
2025-02-20,BNK_MSCI_WORLD,DE0005140008,326612,65322490.0,6.532249
2025-02-20,BNK_MSCI_WORLD,FR0000131104,466737,93347450.0,9.334745
2025-02-20,BNK_MSCI_WORLD,CH0012221716,409649,81929800.0,8.19298
2025-02-20,BNK_MSCI_WORLD,GB0009252882,366155,73231030.0,7.323103
2025-02-20,BNK_MSCI_WORLD,JP3633400001,421463,84292670.0,8.429267
2025-02-20,BNK_MSCI_WORLD,AU000000BHP4,230885,46176950.0,4.617695
2025-02-20,BNK_MSCI_WORLD,HK0000069689,230348,46069680.0,4.606968
2025-02-21,BNK_MSCI_WORLD,US0378331005,735453,147090670.0,14.709067
2025-02-21,BNK_MSCI_WORLD,US5949181045,637203,127440640.0,12.744064
2025-02-21,BNK_MSCI_WORLD,US0231351067,503382,100676390.0,10.067639
2025-02-21,BNK_MSCI_WORLD,US88160R1014,266852,53370460.0,5.337046
2025-02-21,BNK_MSCI_WORLD,US46625H1005,389961,77992290.0,7.799229
2025-02-21,BNK_MSCI_WORLD,DE0005140008,346261,69252250.0,6.925225
2025-02-21,BNK_MSCI_WORLD,FR0000131104,445475,89094970.0,8.909497
2025-02-21,BNK_MSCI_WORLD,CH0012221716,396925,79385010.0,7.938501
2025-02-21,BNK_MSCI_WORLD,GB0009252882,354701,70940210.0,7.094021
2025-02-21,BNK_MSCI_WORLD,JP3633400001,426255,85251060.0,8.525106
2025-02-21,BNK_MSCI_WORLD,AU000000BHP4,237263,47452690.0,4.745269
2025-02-21,BNK_MSCI_WORLD,HK0000069689,260267,52053350.0,5.205335
2025-02-24,BNK_MSCI_WORLD,US0378331005,772682,154536330.0,15.453633
2025-02-24,BNK_MSCI_WORLD,US5949181045,662219,132443820.0,13.244382
2025-02-24,BNK_MSCI_WORLD,US0231351067,521480,104296000.0,10.4296
2025-02-24,BNK_MSCI_WORLD,US88160R1014,264792,52958310.0,5.295831
2025-02-24,BNK_MSCI_WORLD,US46625H1005,382291,76458290.0,7.645829
2025-02-24,BNK_MSCI_WORLD,DE0005140008,346334,69266710.0,6.926671
2025-02-24,BNK_MSCI_WORLD,FR0000131104,455754,91150860.0,9.115086
2025-02-24,BNK_MSCI_WORLD,CH0012221716,380409,76081860.0,7.608186
2025-02-24,BNK_MSCI_WORLD,GB0009252882,327715,65543080.0,6.554308
2025-02-24,BNK_MSCI_WORLD,JP3633400001,386212,77242490.0,7.724249
2025-02-24,BNK_MSCI_WORLD,AU000000BHP4,251716,50343140.0,5.034314
2025-02-24,BNK_MSCI_WORLD,HK0000069689,248396,49679110.0,4.967911
2025-02-25,BNK_MSCI_WORLD,US0378331005,768540,153707960.0,15.370796
2025-02-25,BNK_MSCI_WORLD,US5949181045,656987,131397330.0,13.139733
2025-02-25,BNK_MSCI_WORLD,US0231351067,520826,104165260.0,10.416526
2025-02-25,BNK_MSCI_WORLD,US88160R1014,231067,46213450.0,4.621345
2025-02-25,BNK_MSCI_WORLD,US46625H1005,403678,80735520.0,8.073552
2025-02-25,BNK_MSCI_WORLD,DE0005140008,328977,65795440.0,6.579544
2025-02-25,BNK_MSCI_WORLD,FR0000131104,438034,87606730.0,8.760673
2025-02-25,BNK_MSCI_WORLD,CH0012221716,420772,84154310.0,8.415431
2025-02-25,BNK_MSCI_WORLD,GB0009252882,371466,74293250.0,7.429325
2025-02-25,BNK_MSCI_WORLD,JP3633400001,401030,80205950.0,8.020595
2025-02-25,BNK_MSCI_WORLD,AU000000BHP4,228613,45722690.0,4.572269
2025-02-25,BNK_MSCI_WORLD,HK0000069689,230011,46002120.0,4.600212
2025-02-26,BNK_MSCI_WORLD,US0378331005,762486,152497150.0,15.249715
2025-02-26,BNK_MSCI_WORLD,US5949181045,662327,132465440.0,13.246544
2025-02-26,BNK_MSCI_WORLD,US0231351067,497439,99487740.0,9.948774
2025-02-26,BNK_MSCI_WORLD,US88160R1014,224061,44812210.0,4.481221
2025-02-26,BNK_MSCI_WORLD,US46625H1005,416633,83326690.0,8.332669
2025-02-26,BNK_MSCI_WORLD,DE0005140008,336840,67367920.0,6.736792
2025-02-26,BNK_MSCI_WORLD,FR0000131104,467680,93535980.0,9.353598
2025-02-26,BNK_MSCI_WORLD,CH0012221716,399742,79948350.0,7.994835
2025-02-26,BNK_MSCI_WORLD,GB0009252882,358478,71695700.0,7.16957
2025-02-26,BNK_MSCI_WORLD,JP3633400001,405954,81190770.0,8.119077
2025-02-26,BNK_MSCI_WORLD,AU000000BHP4,242122,48424500.0,4.84245
2025-02-26,BNK_MSCI_WORLD,HK0000069689,226238,45247550.0,4.524755
2025-02-27,BNK_MSCI_WORLD,US0378331005,726308,145261510.0,14.526151
2025-02-27,BNK_MSCI_WORLD,US5949181045,631102,126220390.0,12.622039
2025-02-27,BNK_MSCI_WORLD,US0231351067,511929,102385820.0,10.238582
2025-02-27,BNK_MSCI_WORLD,US88160R1014,242185,48437080.0,4.843708
2025-02-27,BNK_MSCI_WORLD,US46625H1005,415924,83184730.0,8.318473
2025-02-27,BNK_MSCI_WORLD,DE0005140008,338411,67682230.0,6.768223
2025-02-27,BNK_MSCI_WORLD,FR0000131104,458479,91695710.0,9.169571
2025-02-27,BNK_MSCI_WORLD,CH0012221716,378447,75689310.0,7.568931
2025-02-27,BNK_MSCI_WORLD,GB0009252882,370943,74188670.0,7.418867
2025-02-27,BNK_MSCI_WORLD,JP3633400001,407386,81477130.0,8.147713
2025-02-27,BNK_MSCI_WORLD,AU000000BHP4,247715,49543060.0,4.954306
2025-02-27,BNK_MSCI_WORLD,HK0000069689,271172,54234350.0,5.423435
2025-02-28,BNK_MSCI_WORLD,US0378331005,725144,145028900.0,14.50289
2025-02-28,BNK_MSCI_WORLD,US5949181045,644596,128919260.0,12.891926
2025-02-28,BNK_MSCI_WORLD,US0231351067,515129,103025830.0,10.302583
2025-02-28,BNK_MSCI_WORLD,US88160R1014,241185,48236950.0,4.823695
2025-02-28,BNK_MSCI_WORLD,US46625H1005,412007,82401390.0,8.240139
2025-02-28,BNK_MSCI_WORLD,DE0005140008,371442,74288340.0,7.428834
2025-02-28,BNK_MSCI_WORLD,FR0000131104,443282,88656450.0,8.865645
2025-02-28,BNK_MSCI_WORLD,CH0012221716,412234,82446720.0,8.244672
2025-02-28,BNK_MSCI_WORLD,GB0009252882,325342,65068310.0,6.506831
2025-02-28,BNK_MSCI_WORLD,JP3633400001,387310,77461910.0,7.746191
2025-02-28,BNK_MSCI_WORLD,AU000000BHP4,273671,54734120.0,5.473412
2025-02-28,BNK_MSCI_WORLD,HK0000069689,248659,49731820.0,4.973182
2025-03-03,BNK_MSCI_WORLD,US0378331005,741067,148213400.0,14.82134
2025-03-03,BNK_MSCI_WORLD,US5949181045,670498,134099540.0,13.409954
2025-03-03,BNK_MSCI_WORLD,US0231351067,495440,99088020.0,9.908802
2025-03-03,BNK_MSCI_WORLD,US88160R1014,258384,51676760.0,5.167676
2025-03-03,BNK_MSCI_WORLD,US46625H1005,407087,81417360.0,8.141736
2025-03-03,BNK_MSCI_WORLD,DE0005140008,328521,65704130.0,6.570413
2025-03-03,BNK_MSCI_WORLD,FR0000131104,454873,90974570.0,9.097457
2025-03-03,BNK_MSCI_WORLD,CH0012221716,413940,82788000.0,8.2788
2025-03-03,BNK_MSCI_WORLD,GB0009252882,359819,71963710.0,7.196371
2025-03-03,BNK_MSCI_WORLD,JP3633400001,378222,75644450.0,7.564445
2025-03-03,BNK_MSCI_WORLD,AU000000BHP4,232171,46434210.0,4.643421
2025-03-03,BNK_MSCI_WORLD,HK0000069689,259979,51995840.0,5.199584
2025-03-04,BNK_MSCI_WORLD,US0378331005,771638,154327700.0,15.43277
2025-03-04,BNK_MSCI_WORLD,US5949181045,675056,135011160.0,13.501116
2025-03-04,BNK_MSCI_WORLD,US0231351067,500527,100105410.0,10.010541
2025-03-04,BNK_MSCI_WORLD,US88160R1014,234876,46975220.0,4.697522
2025-03-04,BNK_MSCI_WORLD,US46625H1005,382670,76534100.0,7.65341
2025-03-04,BNK_MSCI_WORLD,DE0005140008,347136,69427190.0,6.942719
2025-03-04,BNK_MSCI_WORLD,FR0000131104,451744,90348860.0,9.034886
2025-03-04,BNK_MSCI_WORLD,CH0012221716,396160,79232060.0,7.923206
2025-03-04,BNK_MSCI_WORLD,GB0009252882,338174,67634880.0,6.763488
2025-03-04,BNK_MSCI_WORLD,JP3633400001,391960,78392050.0,7.839205
2025-03-04,BNK_MSCI_WORLD,AU000000BHP4,252329,50465750.0,5.046575
2025-03-04,BNK_MSCI_WORLD,HK0000069689,257728,51545630.0,5.154563
2025-03-05,BNK_MSCI_WORLD,US0378331005,754764,150952730.0,15.095273
2025-03-05,BNK_MSCI_WORLD,US5949181045,634179,126835780.0,12.683578
2025-03-05,BNK_MSCI_WORLD,US0231351067,498883,99776690.0,9.977669
2025-03-05,BNK_MSCI_WORLD,US88160R1014,232537,46507480.0,4.650748
2025-03-05,BNK_MSCI_WORLD,US46625H1005,409987,81997460.0,8.199746
2025-03-05,BNK_MSCI_WORLD,DE0005140008,345507,69101380.0,6.910138
2025-03-05,BNK_MSCI_WORLD,FR0000131104,449841,89968270.0,8.996827
2025-03-05,BNK_MSCI_WORLD,CH0012221716,394485,78897040.0,7.889704
2025-03-05,BNK_MSCI_WORLD,GB0009252882,348715,69743030.0,6.974303
2025-03-05,BNK_MSCI_WORLD,JP3633400001,383998,76799550.0,7.679955
2025-03-05,BNK_MSCI_WORLD,AU000000BHP4,273448,54689680.0,5.468968
2025-03-05,BNK_MSCI_WORLD,HK0000069689,273655,54730910.0,5.473091
2025-03-06,BNK_MSCI_WORLD,US0378331005,785584,157116890.0,15.711689
2025-03-06,BNK_MSCI_WORLD,US5949181045,663459,132691750.0,13.269175
2025-03-06,BNK_MSCI_WORLD,US0231351067,490773,98154660.0,9.815466
2025-03-06,BNK_MSCI_WORLD,US88160R1014,247718,49543670.0,4.954367
2025-03-06,BNK_MSCI_WORLD,US46625H1005,387704,77540860.0,7.754086
2025-03-06,BNK_MSCI_WORLD,DE0005140008,345187,69037390.0,6.903739
2025-03-06,BNK_MSCI_WORLD,FR0000131104,456440,91288010.0,9.128801
2025-03-06,BNK_MSCI_WORLD,CH0012221716,383869,76773730.0,7.677373
2025-03-06,BNK_MSCI_WORLD,GB0009252882,351965,70392980.0,7.039298
2025-03-06,BNK_MSCI_WORLD,JP3633400001,402030,80406060.0,8.040606
2025-03-06,BNK_MSCI_WORLD,AU000000BHP4,252971,50594270.0,5.059427
2025-03-06,BNK_MSCI_WORLD,HK0000069689,232299,46459720.0,4.645972
2025-03-07,BNK_MSCI_WORLD,US0378331005,742342,148468440.0,14.846844
2025-03-07,BNK_MSCI_WORLD,US5949181045,641440,128288020.0,12.828802
2025-03-07,BNK_MSCI_WORLD,US0231351067,509517,101903370.0,10.190337
2025-03-07,BNK_MSCI_WORLD,US88160R1014,256333,51266600.0,5.12666
2025-03-07,BNK_MSCI_WORLD,US46625H1005,387259,77451820.0,7.745182
2025-03-07,BNK_MSCI_WORLD,DE0005140008,332479,66495860.0,6.649586
2025-03-07,BNK_MSCI_WORLD,FR0000131104,443072,88614460.0,8.861446
2025-03-07,BNK_MSCI_WORLD,CH0012221716,425166,85033160.0,8.503316
2025-03-07,BNK_MSCI_WORLD,GB0009252882,343814,68762830.0,6.876283
2025-03-07,BNK_MSCI_WORLD,JP3633400001,408628,81725650.0,8.172565
2025-03-07,BNK_MSCI_WORLD,AU000000BHP4,266914,53382860.0,5.338286
2025-03-07,BNK_MSCI_WORLD,HK0000069689,243035,48606910.0,4.860691
2025-03-10,BNK_MSCI_WORLD,US0378331005,733465,146692960.0,14.669296
2025-03-10,BNK_MSCI_WORLD,US5949181045,658349,131669790.0,13.166979
2025-03-10,BNK_MSCI_WORLD,US0231351067,512199,102439770.0,10.243977
2025-03-10,BNK_MSCI_WORLD,US88160R1014,270659,54131760.0,5.413176
2025-03-10,BNK_MSCI_WORLD,US46625H1005,377548,75509650.0,7.550965
2025-03-10,BNK_MSCI_WORLD,DE0005140008,337230,67446000.0,6.7446
2025-03-10,BNK_MSCI_WORLD,FR0000131104,467096,93419210.0,9.341921
2025-03-10,BNK_MSCI_WORLD,CH0012221716,380748,76149700.0,7.61497
2025-03-10,BNK_MSCI_WORLD,GB0009252882,336910,67381900.0,6.73819
2025-03-10,BNK_MSCI_WORLD,JP3633400001,418509,83701760.0,8.370176
2025-03-10,BNK_MSCI_WORLD,AU000000BHP4,270387,54077370.0,5.407737
2025-03-10,BNK_MSCI_WORLD,HK0000069689,236901,47380130.0,4.738013
2025-03-11,BNK_MSCI_WORLD,US0378331005,759087,151817400.0,15.18174
2025-03-11,BNK_MSCI_WORLD,US5949181045,648985,129797070.0,12.979707
2025-03-11,BNK_MSCI_WORLD,US0231351067,503356,100671150.0,10.067115
2025-03-11,BNK_MSCI_WORLD,US88160R1014,236915,47382990.0,4.738299
2025-03-11,BNK_MSCI_WORLD,US46625H1005,393460,78692040.0,7.869204
2025-03-11,BNK_MSCI_WORLD,DE0005140008,365506,73101300.0,7.31013
2025-03-11,BNK_MSCI_WORLD,FR0000131104,444260,88852000.0,8.8852
2025-03-11,BNK_MSCI_WORLD,CH0012221716,380363,76072650.0,7.607265
2025-03-11,BNK_MSCI_WORLD,GB0009252882,352885,70577060.0,7.057706
2025-03-11,BNK_MSCI_WORLD,JP3633400001,404259,80851880.0,8.085188
2025-03-11,BNK_MSCI_WORLD,AU000000BHP4,252062,50412400.0,5.04124
2025-03-11,BNK_MSCI_WORLD,HK0000069689,258860,51772050.0,5.177205
2025-03-12,BNK_MSCI_WORLD,US0378331005,743199,148639850.0,14.863985
2025-03-12,BNK_MSCI_WORLD,US5949181045,664332,132866400.0,13.28664
2025-03-12,BNK_MSCI_WORLD,US0231351067,491922,98384330.0,9.838433
2025-03-12,BNK_MSCI_WORLD,US88160R1014,257198,51439590.0,5.143959
2025-03-12,BNK_MSCI_WORLD,US46625H1005,392014,78402850.0,7.840285
2025-03-12,BNK_MSCI_WORLD,DE0005140008,335367,67073470.0,6.707347
2025-03-12,BNK_MSCI_WORLD,FR0000131104,453958,90791540.0,9.079154
2025-03-12,BNK_MSCI_WORLD,CH0012221716,410804,82160900.0,8.21609
2025-03-12,BNK_MSCI_WORLD,GB0009252882,360272,72054360.0,7.205436
2025-03-12,BNK_MSCI_WORLD,JP3633400001,390567,78113340.0,7.811334
2025-03-12,BNK_MSCI_WORLD,AU000000BHP4,246874,49374800.0,4.93748
2025-03-12,BNK_MSCI_WORLD,HK0000069689,253493,50698550.0,5.069855
2025-03-13,BNK_MSCI_WORLD,US0378331005,729716,145943180.0,14.594318
2025-03-13,BNK_MSCI_WORLD,US5949181045,651341,130268230.0,13.026823
2025-03-13,BNK_MSCI_WORLD,US0231351067,505644,101128880.0,10.112888
2025-03-13,BNK_MSCI_WORLD,US88160R1014,261804,52360840.0,5.236084
2025-03-13,BNK_MSCI_WORLD,US46625H1005,374904,74980800.0,7.49808
2025-03-13,BNK_MSCI_WORLD,DE0005140008,370782,74156500.0,7.41565
2025-03-13,BNK_MSCI_WORLD,FR0000131104,444464,88892700.0,8.88927
2025-03-13,BNK_MSCI_WORLD,CH0012221716,391082,78216450.0,7.821645
2025-03-13,BNK_MSCI_WORLD,GB0009252882,346821,69364120.0,6.936412
2025-03-13,BNK_MSCI_WORLD,JP3633400001,416801,83360260.0,8.336026
2025-03-13,BNK_MSCI_WORLD,AU000000BHP4,256985,51396920.0,5.139692
2025-03-13,BNK_MSCI_WORLD,HK0000069689,249656,49931120.0,4.993112
2025-03-14,BNK_MSCI_WORLD,US0378331005,758752,151750430.0,15.175043
2025-03-14,BNK_MSCI_WORLD,US5949181045,638112,127622440.0,12.762244
2025-03-14,BNK_MSCI_WORLD,US0231351067,515843,103168570.0,10.316857
2025-03-14,BNK_MSCI_WORLD,US88160R1014,249940,49988010.0,4.998801
2025-03-14,BNK_MSCI_WORLD,US46625H1005,403831,80766130.0,8.076613
2025-03-14,BNK_MSCI_WORLD,DE0005140008,326758,65351650.0,6.535165
2025-03-14,BNK_MSCI_WORLD,FR0000131104,459942,91988320.0,9.198832
2025-03-14,BNK_MSCI_WORLD,CH0012221716,404794,80958880.0,8.095888
2025-03-14,BNK_MSCI_WORLD,GB0009252882,340157,68031490.0,6.803149
2025-03-14,BNK_MSCI_WORLD,JP3633400001,404268,80853660.0,8.085366
2025-03-14,BNK_MSCI_WORLD,AU000000BHP4,225496,45099180.0,4.509918
2025-03-14,BNK_MSCI_WORLD,HK0000069689,272106,54421230.0,5.442123
2025-03-17,BNK_MSCI_WORLD,US0378331005,757917,151583360.0,15.158336
2025-03-17,BNK_MSCI_WORLD,US5949181045,644168,128833540.0,12.883354
2025-03-17,BNK_MSCI_WORLD,US0231351067,511988,102397560.0,10.239756
2025-03-17,BNK_MSCI_WORLD,US88160R1014,272941,54588260.0,5.458826
2025-03-17,BNK_MSCI_WORLD,US46625H1005,396023,79204570.0,7.920457
2025-03-17,BNK_MSCI_WORLD,DE0005140008,325117,65023390.0,6.502339
2025-03-17,BNK_MSCI_WORLD,FR0000131104,437385,87476960.0,8.747696
2025-03-17,BNK_MSCI_WORLD,CH0012221716,400029,80005770.0,8.000577
2025-03-17,BNK_MSCI_WORLD,GB0009252882,350497,70099490.0,7.009949
2025-03-17,BNK_MSCI_WORLD,JP3633400001,403517,80703310.0,8.070331
2025-03-17,BNK_MSCI_WORLD,AU000000BHP4,253442,50688370.0,5.068837
2025-03-17,BNK_MSCI_WORLD,HK0000069689,246977,49395430.0,4.939543
2025-03-18,BNK_MSCI_WORLD,US0378331005,749785,149956940.0,14.995694
2025-03-18,BNK_MSCI_WORLD,US5949181045,668277,133655350.0,13.365535
2025-03-18,BNK_MSCI_WORLD,US0231351067,507971,101594280.0,10.159428
2025-03-18,BNK_MSCI_WORLD,US88160R1014,251779,50355770.0,5.035577
2025-03-18,BNK_MSCI_WORLD,US46625H1005,395003,79000520.0,7.900052
2025-03-18,BNK_MSCI_WORLD,DE0005140008,328519,65703760.0,6.570376
2025-03-18,BNK_MSCI_WORLD,FR0000131104,433248,86649670.0,8.664967
2025-03-18,BNK_MSCI_WORLD,CH0012221716,398578,79715580.0,7.971558
2025-03-18,BNK_MSCI_WORLD,GB0009252882,375706,75141210.0,7.514121
2025-03-18,BNK_MSCI_WORLD,JP3633400001,383477,76695460.0,7.669546
2025-03-18,BNK_MSCI_WORLD,AU000000BHP4,273944,54788780.0,5.478878
2025-03-18,BNK_MSCI_WORLD,HK0000069689,233713,46742670.0,4.674267
2025-03-19,BNK_MSCI_WORLD,US0378331005,744602,148920490.0,14.892049
2025-03-19,BNK_MSCI_WORLD,US5949181045,651272,130254440.0,13.025444
2025-03-19,BNK_MSCI_WORLD,US0231351067,487970,97593990.0,9.759399
2025-03-19,BNK_MSCI_WORLD,US88160R1014,250495,50098930.0,5.009893
2025-03-19,BNK_MSCI_WORLD,US46625H1005,400966,80193280.0,8.019328
2025-03-19,BNK_MSCI_WORLD,DE0005140008,348786,69757140.0,6.975714
2025-03-19,BNK_MSCI_WORLD,FR0000131104,462327,92465340.0,9.246534
2025-03-19,BNK_MSCI_WORLD,CH0012221716,393061,78612240.0,7.861224
2025-03-19,BNK_MSCI_WORLD,GB0009252882,341853,68370660.0,6.837066
2025-03-19,BNK_MSCI_WORLD,JP3633400001,417758,83551590.0,8.355159
2025-03-19,BNK_MSCI_WORLD,AU000000BHP4,232003,46400610.0,4.640061
2025-03-19,BNK_MSCI_WORLD,HK0000069689,268906,53781290.0,5.378129
2025-03-20,BNK_MSCI_WORLD,US0378331005,762035,152407050.0,15.240705
2025-03-20,BNK_MSCI_WORLD,US5949181045,662890,132578090.0,13.257809
2025-03-20,BNK_MSCI_WORLD,US0231351067,486176,97235190.0,9.723519
2025-03-20,BNK_MSCI_WORLD,US88160R1014,275874,55174730.0,5.517473
2025-03-20,BNK_MSCI_WORLD,US46625H1005,389566,77913210.0,7.791321
2025-03-20,BNK_MSCI_WORLD,DE0005140008,335766,67153140.0,6.715314
2025-03-20,BNK_MSCI_WORLD,FR0000131104,435658,87131520.0,8.713152
2025-03-20,BNK_MSCI_WORLD,CH0012221716,405460,81091910.0,8.109191
2025-03-20,BNK_MSCI_WORLD,GB0009252882,375206,75041230.0,7.504123
2025-03-20,BNK_MSCI_WORLD,JP3633400001,388959,77791890.0,7.779189
2025-03-20,BNK_MSCI_WORLD,AU000000BHP4,246754,49350760.0,4.935076
2025-03-20,BNK_MSCI_WORLD,HK0000069689,235656,47131300.0,4.71313
2025-03-21,BNK_MSCI_WORLD,US0378331005,761376,152275170.0,15.227517
2025-03-21,BNK_MSCI_WORLD,US5949181045,650324,130064780.0,13.006478
2025-03-21,BNK_MSCI_WORLD,US0231351067,479199,95839730.0,9.583973
2025-03-21,BNK_MSCI_WORLD,US88160R1014,257175,51435060.0,5.143506
2025-03-21,BNK_MSCI_WORLD,US46625H1005,387079,77415740.0,7.741574
2025-03-21,BNK_MSCI_WORLD,DE0005140008,356649,71329740.0,7.132974
2025-03-21,BNK_MSCI_WORLD,FR0000131104,446997,89399350.0,8.939935
2025-03-21,BNK_MSCI_WORLD,CH0012221716,412595,82519020.0,8.251902
2025-03-21,BNK_MSCI_WORLD,GB0009252882,337217,67443340.0,6.744334
2025-03-21,BNK_MSCI_WORLD,JP3633400001,414988,82997660.0,8.299766
2025-03-21,BNK_MSCI_WORLD,AU000000BHP4,266962,53392480.0,5.339248
2025-03-21,BNK_MSCI_WORLD,HK0000069689,229440,45887930.0,4.588793
2025-03-24,BNK_MSCI_WORLD,US0378331005,729859,145971800.0,14.59718
2025-03-24,BNK_MSCI_WORLD,US5949181045,668390,133677920.0,13.367792
2025-03-24,BNK_MSCI_WORLD,US0231351067,484196,96839260.0,9.683926
2025-03-24,BNK_MSCI_WORLD,US88160R1014,241224,48244740.0,4.824474
2025-03-24,BNK_MSCI_WORLD,US46625H1005,397753,79550590.0,7.955059
2025-03-24,BNK_MSCI_WORLD,DE0005140008,338012,67602360.0,6.760236
2025-03-24,BNK_MSCI_WORLD,FR0000131104,467985,93597050.0,9.359705
2025-03-24,BNK_MSCI_WORLD,CH0012221716,401260,80252010.0,8.025201
2025-03-24,BNK_MSCI_WORLD,GB0009252882,356844,71368730.0,7.136873
2025-03-24,BNK_MSCI_WORLD,JP3633400001,404722,80944350.0,8.094435
2025-03-24,BNK_MSCI_WORLD,AU000000BHP4,255485,51097080.0,5.109708
2025-03-24,BNK_MSCI_WORLD,HK0000069689,254271,50854120.0,5.085412
2025-03-25,BNK_MSCI_WORLD,US0378331005,749385,149876930.0,14.987693
2025-03-25,BNK_MSCI_WORLD,US5949181045,673557,134711430.0,13.471143
2025-03-25,BNK_MSCI_WORLD,US0231351067,510630,102126010.0,10.212601
2025-03-25,BNK_MSCI_WORLD,US88160R1014,268188,53637580.0,5.363758
2025-03-25,BNK_MSCI_WORLD,US46625H1005,414162,82832340.0,8.283234
2025-03-25,BNK_MSCI_WORLD,DE0005140008,343072,68614310.0,6.861431
2025-03-25,BNK_MSCI_WORLD,FR0000131104,460014,92002820.0,9.200282
2025-03-25,BNK_MSCI_WORLD,CH0012221716,382808,76561500.0,7.65615
2025-03-25,BNK_MSCI_WORLD,GB0009252882,334820,66963950.0,6.696395
2025-03-25,BNK_MSCI_WORLD,JP3633400001,384479,76895710.0,7.689571
2025-03-25,BNK_MSCI_WORLD,AU000000BHP4,242531,48506150.0,4.850615
2025-03-25,BNK_MSCI_WORLD,HK0000069689,236356,47271270.0,4.727127
2025-03-26,BNK_MSCI_WORLD,US0378331005,757034,151406740.0,15.140674
2025-03-26,BNK_MSCI_WORLD,US5949181045,648282,129656420.0,12.965642
2025-03-26,BNK_MSCI_WORLD,US0231351067,494190,98837960.0,9.883796
2025-03-26,BNK_MSCI_WORLD,US88160R1014,231088,46217610.0,4.621761
2025-03-26,BNK_MSCI_WORLD,US46625H1005,392817,78563320.0,7.856332
2025-03-26,BNK_MSCI_WORLD,DE0005140008,333127,66625360.0,6.662536
2025-03-26,BNK_MSCI_WORLD,FR0000131104,455189,91037770.0,9.103777
2025-03-26,BNK_MSCI_WORLD,CH0012221716,408249,81649800.0,8.16498
2025-03-26,BNK_MSCI_WORLD,GB0009252882,356022,71204470.0,7.120447
2025-03-26,BNK_MSCI_WORLD,JP3633400001,423519,84703820.0,8.470382
2025-03-26,BNK_MSCI_WORLD,AU000000BHP4,251868,50373580.0,5.037358
2025-03-26,BNK_MSCI_WORLD,HK0000069689,248616,49723140.0,4.972314
2025-03-27,BNK_MSCI_WORLD,US0378331005,739941,147988220.0,14.798822
2025-03-27,BNK_MSCI_WORLD,US5949181045,647667,129533370.0,12.953337
2025-03-27,BNK_MSCI_WORLD,US0231351067,502938,100587510.0,10.058751
2025-03-27,BNK_MSCI_WORLD,US88160R1014,230146,46029180.0,4.602918
2025-03-27,BNK_MSCI_WORLD,US46625H1005,397207,79441370.0,7.944137
2025-03-27,BNK_MSCI_WORLD,DE0005140008,329003,65800690.0,6.580069
2025-03-27,BNK_MSCI_WORLD,FR0000131104,436503,87300510.0,8.730051
2025-03-27,BNK_MSCI_WORLD,CH0012221716,420263,84052530.0,8.405253
2025-03-27,BNK_MSCI_WORLD,GB0009252882,377232,75446480.0,7.544648
2025-03-27,BNK_MSCI_WORLD,JP3633400001,404606,80921210.0,8.092121
2025-03-27,BNK_MSCI_WORLD,AU000000BHP4,252453,50490560.0,5.049056
2025-03-27,BNK_MSCI_WORLD,HK0000069689,262042,52408370.0,5.240837
2025-03-28,BNK_MSCI_WORLD,US0378331005,752620,150523950.0,15.052395
2025-03-28,BNK_MSCI_WORLD,US5949181045,673110,134622080.0,13.462208
2025-03-28,BNK_MSCI_WORLD,US0231351067,504014,100802880.0,10.080288
2025-03-28,BNK_MSCI_WORLD,US88160R1014,231234,46246900.0,4.62469
2025-03-28,BNK_MSCI_WORLD,US46625H1005,379996,75999130.0,7.599913
2025-03-28,BNK_MSCI_WORLD,DE0005140008,366382,73276350.0,7.327635
2025-03-28,BNK_MSCI_WORLD,FR0000131104,443635,88727060.0,8.872706
2025-03-28,BNK_MSCI_WORLD,CH0012221716,392307,78461420.0,7.846142
2025-03-28,BNK_MSCI_WORLD,GB0009252882,355107,71021380.0,7.102138
2025-03-28,BNK_MSCI_WORLD,JP3633400001,386926,77385200.0,7.73852
2025-03-28,BNK_MSCI_WORLD,AU000000BHP4,250139,50027760.0,5.002776
2025-03-28,BNK_MSCI_WORLD,HK0000069689,264529,52905880.0,5.290588
2025-03-31,BNK_MSCI_WORLD,US0378331005,758535,151707000.0,15.1707
2025-03-31,BNK_MSCI_WORLD,US5949181045,648416,129683300.0,12.96833
2025-03-31,BNK_MSCI_WORLD,US0231351067,477662,95532500.0,9.55325
2025-03-31,BNK_MSCI_WORLD,US88160R1014,229271,45854260.0,4.585426
2025-03-31,BNK_MSCI_WORLD,US46625H1005,411175,82234980.0,8.223498
2025-03-31,BNK_MSCI_WORLD,DE0005140008,363880,72776050.0,7.277605
2025-03-31,BNK_MSCI_WORLD,FR0000131104,440578,88115560.0,8.811556
2025-03-31,BNK_MSCI_WORLD,CH0012221716,413535,82707000.0,8.2707
2025-03-31,BNK_MSCI_WORLD,GB0009252882,325040,65008080.0,6.500808
2025-03-31,BNK_MSCI_WORLD,JP3633400001,408386,81677150.0,8.167715
2025-03-31,BNK_MSCI_WORLD,AU000000BHP4,250744,50148770.0,5.014877
2025-03-31,BNK_MSCI_WORLD,HK0000069689,272777,54555340.0,5.455534
2025-01-02,BNK_MSCI_EUR,DE0005140008,438174,87634740.0,17.526948
2025-01-02,BNK_MSCI_EUR,FR0000131104,555858,111171665.0,22.234333
2025-01-02,BNK_MSCI_EUR,CH0012221716,504113,100822600.0,20.16452
2025-01-02,BNK_MSCI_EUR,GB0009252882,443035,88607015.0,17.721403
2025-01-02,BNK_MSCI_EUR,AU000000BHP4,261357,52271490.0,10.454298
2025-01-02,BNK_MSCI_EUR,HK0000069689,297462,59492495.0,11.898499
2025-01-03,BNK_MSCI_EUR,DE0005140008,443505,88701000.0,17.7402
2025-01-03,BNK_MSCI_EUR,FR0000131104,554531,110906105.0,22.181221
2025-01-03,BNK_MSCI_EUR,CH0012221716,495450,99090000.0,19.818
2025-01-03,BNK_MSCI_EUR,GB0009252882,459542,91908310.0,18.381662
2025-01-03,BNK_MSCI_EUR,AU000000BHP4,255331,51066190.0,10.213238
2025-01-03,BNK_MSCI_EUR,HK0000069689,291642,58328395.0,11.665679
2025-01-06,BNK_MSCI_EUR,DE0005140008,456586,91317220.0,18.263444
2025-01-06,BNK_MSCI_EUR,FR0000131104,550773,110154580.0,22.030916
2025-01-06,BNK_MSCI_EUR,CH0012221716,494985,98996985.0,19.799397
2025-01-06,BNK_MSCI_EUR,GB0009252882,454094,90818765.0,18.163753
2025-01-06,BNK_MSCI_EUR,AU000000BHP4,252665,50533090.0,10.106618
2025-01-06,BNK_MSCI_EUR,HK0000069689,290897,58179360.0,11.635872
2025-01-07,BNK_MSCI_EUR,DE0005140008,448863,89772530.0,17.954506
2025-01-07,BNK_MSCI_EUR,FR0000131104,552365,110472940.0,22.094588
2025-01-07,BNK_MSCI_EUR,CH0012221716,501479,100295855.0,20.059171
2025-01-07,BNK_MSCI_EUR,GB0009252882,446830,89366005.0,17.873201
2025-01-07,BNK_MSCI_EUR,AU000000BHP4,250672,50134410.0,10.026882
2025-01-07,BNK_MSCI_EUR,HK0000069689,299791,59958260.0,11.991652
2025-01-08,BNK_MSCI_EUR,DE0005140008,451054,90210830.0,18.042166
2025-01-08,BNK_MSCI_EUR,FR0000131104,545694,109138820.0,21.827764
2025-01-08,BNK_MSCI_EUR,CH0012221716,505196,101039295.0,20.207859
2025-01-08,BNK_MSCI_EUR,GB0009252882,444817,88963420.0,17.792684
2025-01-08,BNK_MSCI_EUR,AU000000BHP4,244230,48845915.0,9.769183
2025-01-08,BNK_MSCI_EUR,HK0000069689,309009,61801720.0,12.360344
2025-01-09,BNK_MSCI_EUR,DE0005140008,455634,91126840.0,18.225368
2025-01-09,BNK_MSCI_EUR,FR0000131104,546680,109336005.0,21.867201
2025-01-09,BNK_MSCI_EUR,CH0012221716,482987,96597445.0,19.319489
2025-01-09,BNK_MSCI_EUR,GB0009252882,455074,91014855.0,18.202971
2025-01-09,BNK_MSCI_EUR,AU000000BHP4,253524,50704775.0,10.140955
2025-01-09,BNK_MSCI_EUR,HK0000069689,306100,61220085.0,12.244017
2025-01-10,BNK_MSCI_EUR,DE0005140008,458581,91716255.0,18.343251
2025-01-10,BNK_MSCI_EUR,FR0000131104,554664,110932720.0,22.186544
2025-01-10,BNK_MSCI_EUR,CH0012221716,486712,97342490.0,19.468498
2025-01-10,BNK_MSCI_EUR,GB0009252882,455447,91089315.0,18.217863
2025-01-10,BNK_MSCI_EUR,AU000000BHP4,241775,48354985.0,9.670997
2025-01-10,BNK_MSCI_EUR,HK0000069689,302821,60564240.0,12.112848
2025-01-13,BNK_MSCI_EUR,DE0005140008,455471,91094210.0,18.218842
2025-01-13,BNK_MSCI_EUR,FR0000131104,553208,110641535.0,22.128307
2025-01-13,BNK_MSCI_EUR,CH0012221716,501389,100277710.0,20.055542
2025-01-13,BNK_MSCI_EUR,GB0009252882,447046,89409235.0,17.881847
2025-01-13,BNK_MSCI_EUR,AU000000BHP4,250429,50085715.0,10.017143
2025-01-13,BNK_MSCI_EUR,HK0000069689,292458,58491590.0,11.698318
2025-01-14,BNK_MSCI_EUR,DE0005140008,447906,89581270.0,17.916254
2025-01-14,BNK_MSCI_EUR,FR0000131104,548862,109772385.0,21.954477
2025-01-14,BNK_MSCI_EUR,CH0012221716,503398,100679540.0,20.135908
2025-01-14,BNK_MSCI_EUR,GB0009252882,459555,91911030.0,18.382206
2025-01-14,BNK_MSCI_EUR,AU000000BHP4,239855,47970905.0,9.594181
2025-01-14,BNK_MSCI_EUR,HK0000069689,300424,60084870.0,12.016974
2025-01-15,BNK_MSCI_EUR,DE0005140008,445062,89012495.0,17.802499
2025-01-15,BNK_MSCI_EUR,FR0000131104,561674,112334850.0,22.46697
2025-01-15,BNK_MSCI_EUR,CH0012221716,497405,99481000.0,19.8962
2025-01-15,BNK_MSCI_EUR,GB0009252882,461886,92377225.0,18.475445
2025-01-15,BNK_MSCI_EUR,AU000000BHP4,246018,49203535.0,9.840707
2025-01-15,BNK_MSCI_EUR,HK0000069689,287954,57590890.0,11.518178
2025-01-16,BNK_MSCI_EUR,DE0005140008,453594,90718765.0,18.143753
2025-01-16,BNK_MSCI_EUR,FR0000131104,551852,110370490.0,22.074098
2025-01-16,BNK_MSCI_EUR,CH0012221716,502165,100432940.0,20.086588
2025-01-16,BNK_MSCI_EUR,GB0009252882,445758,89151595.0,17.830319
2025-01-16,BNK_MSCI_EUR,AU000000BHP4,252291,50458125.0,10.091625
2025-01-16,BNK_MSCI_EUR,HK0000069689,294340,58868085.0,11.773617
2025-01-17,BNK_MSCI_EUR,DE0005140008,444751,88950220.0,17.790044
2025-01-17,BNK_MSCI_EUR,FR0000131104,557971,111594260.0,22.318852
2025-01-17,BNK_MSCI_EUR,CH0012221716,499309,99861770.0,19.972354
2025-01-17,BNK_MSCI_EUR,GB0009252882,454027,90805425.0,18.161085
2025-01-17,BNK_MSCI_EUR,AU000000BHP4,245930,49186075.0,9.837215
2025-01-17,BNK_MSCI_EUR,HK0000069689,298011,59602245.0,11.920449
2025-01-20,BNK_MSCI_EUR,DE0005140008,457571,91514285.0,18.302857
2025-01-20,BNK_MSCI_EUR,FR0000131104,545185,109036940.0,21.807388
2025-01-20,BNK_MSCI_EUR,CH0012221716,501250,100250070.0,20.050014
2025-01-20,BNK_MSCI_EUR,GB0009252882,451026,90205100.0,18.04102
2025-01-20,BNK_MSCI_EUR,AU000000BHP4,249286,49857260.0,9.971452
2025-01-20,BNK_MSCI_EUR,HK0000069689,295682,59136350.0,11.82727
2025-01-21,BNK_MSCI_EUR,DE0005140008,458238,91647550.0,18.32951
2025-01-21,BNK_MSCI_EUR,FR0000131104,543064,108612855.0,21.722571
2025-01-21,BNK_MSCI_EUR,CH0012221716,493950,98789925.0,19.757985
2025-01-21,BNK_MSCI_EUR,GB0009252882,460792,92158335.0,18.431667
2025-01-21,BNK_MSCI_EUR,AU000000BHP4,251002,50200395.0,10.040079
2025-01-21,BNK_MSCI_EUR,HK0000069689,292955,58590940.0,11.718188
2025-01-22,BNK_MSCI_EUR,DE0005140008,458261,91652105.0,18.330421
2025-01-22,BNK_MSCI_EUR,FR0000131104,547718,109543695.0,21.908739
2025-01-22,BNK_MSCI_EUR,CH0012221716,486794,97358750.0,19.47175
2025-01-22,BNK_MSCI_EUR,GB0009252882,460766,92153260.0,18.430652
2025-01-22,BNK_MSCI_EUR,AU000000BHP4,242198,48439630.0,9.687926
2025-01-22,BNK_MSCI_EUR,HK0000069689,304263,60852560.0,12.170512
2025-01-23,BNK_MSCI_EUR,DE0005140008,441671,88334270.0,17.666854
2025-01-23,BNK_MSCI_EUR,FR0000131104,554847,110969460.0,22.193892
2025-01-23,BNK_MSCI_EUR,CH0012221716,492448,98489680.0,19.697936
2025-01-23,BNK_MSCI_EUR,GB0009252882,461731,92346270.0,18.469254
2025-01-23,BNK_MSCI_EUR,AU000000BHP4,244835,48966945.0,9.793389
2025-01-23,BNK_MSCI_EUR,HK0000069689,304467,60893375.0,12.178675
2025-01-24,BNK_MSCI_EUR,DE0005140008,446468,89293595.0,17.858719
2025-01-24,BNK_MSCI_EUR,FR0000131104,550133,110026630.0,22.005326
2025-01-24,BNK_MSCI_EUR,CH0012221716,513208,102641615.0,20.528323
2025-01-24,BNK_MSCI_EUR,GB0009252882,444333,88866685.0,17.773337
2025-01-24,BNK_MSCI_EUR,AU000000BHP4,248918,49783690.0,9.956738
2025-01-24,BNK_MSCI_EUR,HK0000069689,296939,59387785.0,11.877557
2025-01-27,BNK_MSCI_EUR,DE0005140008,456032,91206380.0,18.241276
2025-01-27,BNK_MSCI_EUR,FR0000131104,544603,108920515.0,21.784103
2025-01-27,BNK_MSCI_EUR,CH0012221716,505045,101009080.0,20.201816
2025-01-27,BNK_MSCI_EUR,GB0009252882,456139,91227710.0,18.245542
2025-01-27,BNK_MSCI_EUR,AU000000BHP4,238073,47614630.0,9.522926
2025-01-27,BNK_MSCI_EUR,HK0000069689,300108,60021685.0,12.004337
2025-01-28,BNK_MSCI_EUR,DE0005140008,442762,88552360.0,17.710472
2025-01-28,BNK_MSCI_EUR,FR0000131104,545550,109110095.0,21.822019
2025-01-28,BNK_MSCI_EUR,CH0012221716,506725,101344955.0,20.268991
2025-01-28,BNK_MSCI_EUR,GB0009252882,439663,87932575.0,17.586515
2025-01-28,BNK_MSCI_EUR,AU000000BHP4,256014,51202835.0,10.240567
2025-01-28,BNK_MSCI_EUR,HK0000069689,309286,61857180.0,12.371436
2025-01-29,BNK_MSCI_EUR,DE0005140008,463468,92693545.0,18.538709
2025-01-29,BNK_MSCI_EUR,FR0000131104,549556,109911290.0,21.982258
2025-01-29,BNK_MSCI_EUR,CH0012221716,492146,98429285.0,19.685857
2025-01-29,BNK_MSCI_EUR,GB0009252882,440472,88094370.0,17.618874
2025-01-29,BNK_MSCI_EUR,AU000000BHP4,247752,49550470.0,9.910094
2025-01-29,BNK_MSCI_EUR,HK0000069689,306605,61321035.0,12.264207
2025-01-30,BNK_MSCI_EUR,DE0005140008,440234,88046900.0,17.60938
2025-01-30,BNK_MSCI_EUR,FR0000131104,545549,109109840.0,21.821968
2025-01-30,BNK_MSCI_EUR,CH0012221716,509726,101945200.0,20.38904
2025-01-30,BNK_MSCI_EUR,GB0009252882,441102,88220480.0,17.644096
2025-01-30,BNK_MSCI_EUR,AU000000BHP4,256938,51387595.0,10.277519
2025-01-30,BNK_MSCI_EUR,HK0000069689,306450,61289990.0,12.257998
2025-01-31,BNK_MSCI_EUR,DE0005140008,443231,88646245.0,17.729249
2025-01-31,BNK_MSCI_EUR,FR0000131104,565388,113077645.0,22.615529
2025-01-31,BNK_MSCI_EUR,CH0012221716,493748,98749545.0,19.749909
2025-01-31,BNK_MSCI_EUR,GB0009252882,453219,90643885.0,18.128777
2025-01-31,BNK_MSCI_EUR,AU000000BHP4,239007,47801485.0,9.560297
2025-01-31,BNK_MSCI_EUR,HK0000069689,305406,61081195.0,12.216239
2025-02-03,BNK_MSCI_EUR,DE0005140008,448322,89664395.0,17.932879
2025-02-03,BNK_MSCI_EUR,FR0000131104,555337,111067445.0,22.213489
2025-02-03,BNK_MSCI_EUR,CH0012221716,502999,100599895.0,20.119979
2025-02-03,BNK_MSCI_EUR,GB0009252882,441107,88221350.0,17.64427
2025-02-03,BNK_MSCI_EUR,AU000000BHP4,247693,49538605.0,9.907721
2025-02-03,BNK_MSCI_EUR,HK0000069689,304542,60908310.0,12.181662
2025-02-04,BNK_MSCI_EUR,DE0005140008,460043,92008520.0,18.401704
2025-02-04,BNK_MSCI_EUR,FR0000131104,540894,108178825.0,21.635765
2025-02-04,BNK_MSCI_EUR,CH0012221716,491126,98225130.0,19.645026
2025-02-04,BNK_MSCI_EUR,GB0009252882,457349,91469710.0,18.293942
2025-02-04,BNK_MSCI_EUR,AU000000BHP4,252813,50562560.0,10.112512
2025-02-04,BNK_MSCI_EUR,HK0000069689,297776,59555250.0,11.91105
2025-02-05,BNK_MSCI_EUR,DE0005140008,464684,92936880.0,18.587376
2025-02-05,BNK_MSCI_EUR,FR0000131104,549029,109805805.0,21.961161
2025-02-05,BNK_MSCI_EUR,CH0012221716,494297,98859340.0,19.771868
2025-02-05,BNK_MSCI_EUR,GB0009252882,447412,89482405.0,17.896481
2025-02-05,BNK_MSCI_EUR,AU000000BHP4,241217,48243415.0,9.648683
2025-02-05,BNK_MSCI_EUR,HK0000069689,303361,60672155.0,12.134431
2025-02-06,BNK_MSCI_EUR,DE0005140008,447208,89441635.0,17.888327
2025-02-06,BNK_MSCI_EUR,FR0000131104,546226,109245220.0,21.849044
2025-02-06,BNK_MSCI_EUR,CH0012221716,501045,100209030.0,20.041806
2025-02-06,BNK_MSCI_EUR,GB0009252882,449443,89888690.0,17.977738
2025-02-06,BNK_MSCI_EUR,AU000000BHP4,255672,51134365.0,10.226873
2025-02-06,BNK_MSCI_EUR,HK0000069689,300405,60081060.0,12.016212
2025-02-07,BNK_MSCI_EUR,DE0005140008,447607,89521315.0,17.904263
2025-02-07,BNK_MSCI_EUR,FR0000131104,553617,110723330.0,22.144666
2025-02-07,BNK_MSCI_EUR,CH0012221716,503122,100624315.0,20.124863
2025-02-07,BNK_MSCI_EUR,GB0009252882,458826,91765145.0,18.353029
2025-02-07,BNK_MSCI_EUR,AU000000BHP4,246300,49260030.0,9.852006
2025-02-07,BNK_MSCI_EUR,HK0000069689,290529,58105865.0,11.621173
2025-02-10,BNK_MSCI_EUR,DE0005140008,457415,91482995.0,18.296599
2025-02-10,BNK_MSCI_EUR,FR0000131104,558275,111655090.0,22.331018
2025-02-10,BNK_MSCI_EUR,CH0012221716,497120,99423900.0,19.88478
2025-02-10,BNK_MSCI_EUR,GB0009252882,437894,87578770.0,17.515754
2025-02-10,BNK_MSCI_EUR,AU000000BHP4,248613,49722585.0,9.944517
2025-02-10,BNK_MSCI_EUR,HK0000069689,300683,60136655.0,12.027331
2025-02-11,BNK_MSCI_EUR,DE0005140008,444399,88879705.0,17.775941
2025-02-11,BNK_MSCI_EUR,FR0000131104,554077,110815365.0,22.163073
2025-02-11,BNK_MSCI_EUR,CH0012221716,505003,101000620.0,20.200124
2025-02-11,BNK_MSCI_EUR,GB0009252882,454398,90879510.0,18.175902
2025-02-11,BNK_MSCI_EUR,AU000000BHP4,237429,47485810.0,9.497162
2025-02-11,BNK_MSCI_EUR,HK0000069689,304695,60938990.0,12.187798
2025-02-12,BNK_MSCI_EUR,DE0005140008,446776,89355170.0,17.871034
2025-02-12,BNK_MSCI_EUR,FR0000131104,540665,108132970.0,21.626594
2025-02-12,BNK_MSCI_EUR,CH0012221716,499062,99812500.0,19.9625
2025-02-12,BNK_MSCI_EUR,GB0009252882,451581,90316285.0,18.063257
2025-02-12,BNK_MSCI_EUR,AU000000BHP4,258507,51701335.0,10.340267
2025-02-12,BNK_MSCI_EUR,HK0000069689,303409,60681740.0,12.136348
2025-02-13,BNK_MSCI_EUR,DE0005140008,445781,89156170.0,17.831234
2025-02-13,BNK_MSCI_EUR,FR0000131104,548870,109774085.0,21.954817
2025-02-13,BNK_MSCI_EUR,CH0012221716,502926,100585255.0,20.117051
2025-02-13,BNK_MSCI_EUR,GB0009252882,446370,89273935.0,17.854787
2025-02-13,BNK_MSCI_EUR,AU000000BHP4,243304,48660725.0,9.732145
2025-02-13,BNK_MSCI_EUR,HK0000069689,312749,62549835.0,12.509967
2025-02-14,BNK_MSCI_EUR,DE0005140008,450905,90181040.0,18.036208
2025-02-14,BNK_MSCI_EUR,FR0000131104,554124,110824715.0,22.164943
2025-02-14,BNK_MSCI_EUR,CH0012221716,500848,100169620.0,20.033924
2025-02-14,BNK_MSCI_EUR,GB0009252882,448622,89724395.0,17.944879
2025-02-14,BNK_MSCI_EUR,AU000000BHP4,255464,51092895.0,10.218579
2025-02-14,BNK_MSCI_EUR,HK0000069689,290037,58007330.0,11.601466
2025-02-17,BNK_MSCI_EUR,DE0005140008,453387,90677480.0,18.135496
2025-02-17,BNK_MSCI_EUR,FR0000131104,555934,111186770.0,22.237354
2025-02-17,BNK_MSCI_EUR,CH0012221716,497149,99429740.0,19.885948
2025-02-17,BNK_MSCI_EUR,GB0009252882,447690,89537975.0,17.907595
2025-02-17,BNK_MSCI_EUR,AU000000BHP4,251655,50331085.0,10.066217
2025-02-17,BNK_MSCI_EUR,HK0000069689,294185,58836950.0,11.76739
2025-02-18,BNK_MSCI_EUR,DE0005140008,453686,90737225.0,18.147445
2025-02-18,BNK_MSCI_EUR,FR0000131104,546077,109215330.0,21.843066
2025-02-18,BNK_MSCI_EUR,CH0012221716,492906,98581155.0,19.716231
2025-02-18,BNK_MSCI_EUR,GB0009252882,449380,89876015.0,17.975203
2025-02-18,BNK_MSCI_EUR,AU000000BHP4,256097,51219310.0,10.243862
2025-02-18,BNK_MSCI_EUR,HK0000069689,301855,60370960.0,12.074192
2025-02-19,BNK_MSCI_EUR,DE0005140008,441425,88284945.0,17.656989
2025-02-19,BNK_MSCI_EUR,FR0000131104,557838,111567575.0,22.313515
2025-02-19,BNK_MSCI_EUR,CH0012221716,508365,101673065.0,20.334613
2025-02-19,BNK_MSCI_EUR,GB0009252882,461034,92206895.0,18.441379
2025-02-19,BNK_MSCI_EUR,AU000000BHP4,240184,48036760.0,9.607352
2025-02-19,BNK_MSCI_EUR,HK0000069689,291154,58230755.0,11.646151
2025-02-20,BNK_MSCI_EUR,DE0005140008,447073,89414610.0,17.882922
2025-02-20,BNK_MSCI_EUR,FR0000131104,547256,109451280.0,21.890256
2025-02-20,BNK_MSCI_EUR,CH0012221716,501275,100255095.0,20.051019
2025-02-20,BNK_MSCI_EUR,GB0009252882,443952,88790440.0,17.758088
2025-02-20,BNK_MSCI_EUR,AU000000BHP4,255306,51061245.0,10.212249
2025-02-20,BNK_MSCI_EUR,HK0000069689,305137,61027330.0,12.205466
2025-02-21,BNK_MSCI_EUR,DE0005140008,439744,87948850.0,17.58977
2025-02-21,BNK_MSCI_EUR,FR0000131104,554262,110852500.0,22.1705
2025-02-21,BNK_MSCI_EUR,CH0012221716,504187,100837390.0,20.167478
2025-02-21,BNK_MSCI_EUR,GB0009252882,440852,88170420.0,17.634084
2025-02-21,BNK_MSCI_EUR,AU000000BHP4,260885,52177060.0,10.435412
2025-02-21,BNK_MSCI_EUR,HK0000069689,300069,60013785.0,12.002757
2025-02-24,BNK_MSCI_EUR,DE0005140008,457773,91554525.0,18.310905
2025-02-24,BNK_MSCI_EUR,FR0000131104,556367,111273480.0,22.254696
2025-02-24,BNK_MSCI_EUR,CH0012221716,492425,98484970.0,19.696994
2025-02-24,BNK_MSCI_EUR,GB0009252882,441346,88269235.0,17.653847
2025-02-24,BNK_MSCI_EUR,AU000000BHP4,257421,51484115.0,10.296823
2025-02-24,BNK_MSCI_EUR,HK0000069689,294668,58933675.0,11.786735
2025-02-25,BNK_MSCI_EUR,DE0005140008,460442,92088475.0,18.417695
2025-02-25,BNK_MSCI_EUR,FR0000131104,557733,111546600.0,22.30932
2025-02-25,BNK_MSCI_EUR,CH0012221716,489065,97812905.0,19.562581
2025-02-25,BNK_MSCI_EUR,GB0009252882,458456,91691265.0,18.338253
2025-02-25,BNK_MSCI_EUR,AU000000BHP4,244715,48943025.0,9.788605
2025-02-25,BNK_MSCI_EUR,HK0000069689,289589,57917725.0,11.583545
2025-02-26,BNK_MSCI_EUR,DE0005140008,456765,91353055.0,18.270611
2025-02-26,BNK_MSCI_EUR,FR0000131104,553683,110736535.0,22.147307
2025-02-26,BNK_MSCI_EUR,CH0012221716,490993,98198625.0,19.639725
2025-02-26,BNK_MSCI_EUR,GB0009252882,450317,90063310.0,18.012662
2025-02-26,BNK_MSCI_EUR,AU000000BHP4,247292,49458405.0,9.891681
2025-02-26,BNK_MSCI_EUR,HK0000069689,300950,60190070.0,12.038014
2025-02-27,BNK_MSCI_EUR,DE0005140008,453535,90706975.0,18.141395
2025-02-27,BNK_MSCI_EUR,FR0000131104,548947,109789360.0,21.957872
2025-02-27,BNK_MSCI_EUR,CH0012221716,495915,99182940.0,19.836588
2025-02-27,BNK_MSCI_EUR,GB0009252882,441888,88377505.0,17.675501
2025-02-27,BNK_MSCI_EUR,AU000000BHP4,252886,50577290.0,10.115458
2025-02-27,BNK_MSCI_EUR,HK0000069689,306830,61365930.0,12.273186
2025-02-28,BNK_MSCI_EUR,DE0005140008,446063,89212525.0,17.842505
2025-02-28,BNK_MSCI_EUR,FR0000131104,553762,110752375.0,22.150475
2025-02-28,BNK_MSCI_EUR,CH0012221716,491746,98349120.0,19.669824
2025-02-28,BNK_MSCI_EUR,GB0009252882,462028,92405565.0,18.481113
2025-02-28,BNK_MSCI_EUR,AU000000BHP4,245182,49036340.0,9.807268
2025-02-28,BNK_MSCI_EUR,HK0000069689,301220,60244075.0,12.048815
2025-03-03,BNK_MSCI_EUR,DE0005140008,443577,88715355.0,17.743071
2025-03-03,BNK_MSCI_EUR,FR0000131104,537018,107403525.0,21.480705
2025-03-03,BNK_MSCI_EUR,CH0012221716,506783,101356580.0,20.271316
2025-03-03,BNK_MSCI_EUR,GB0009252882,455347,91069325.0,18.213865
2025-03-03,BNK_MSCI_EUR,AU000000BHP4,249355,49871080.0,9.974216
2025-03-03,BNK_MSCI_EUR,HK0000069689,307921,61584135.0,12.316827
2025-03-04,BNK_MSCI_EUR,DE0005140008,456520,91304095.0,18.260819
2025-03-04,BNK_MSCI_EUR,FR0000131104,548590,109717930.0,21.943586
2025-03-04,BNK_MSCI_EUR,CH0012221716,496093,99218510.0,19.843702
2025-03-04,BNK_MSCI_EUR,GB0009252882,448401,89680255.0,17.936051
2025-03-04,BNK_MSCI_EUR,AU000000BHP4,255790,51157900.0,10.23158
2025-03-04,BNK_MSCI_EUR,HK0000069689,294607,58921315.0,11.784263
2025-03-05,BNK_MSCI_EUR,DE0005140008,440159,88031730.0,17.606346
2025-03-05,BNK_MSCI_EUR,FR0000131104,547706,109541105.0,21.908221
2025-03-05,BNK_MSCI_EUR,CH0012221716,500861,100172125.0,20.034425
2025-03-05,BNK_MSCI_EUR,GB0009252882,460793,92158670.0,18.431734
2025-03-05,BNK_MSCI_EUR,AU000000BHP4,242375,48475075.0,9.695015
2025-03-05,BNK_MSCI_EUR,HK0000069689,308106,61621295.0,12.324259
2025-03-06,BNK_MSCI_EUR,DE0005140008,459295,91858975.0,18.371795
2025-03-06,BNK_MSCI_EUR,FR0000131104,558022,111604490.0,22.320898
2025-03-06,BNK_MSCI_EUR,CH0012221716,486321,97264290.0,19.452858
2025-03-06,BNK_MSCI_EUR,GB0009252882,446463,89292690.0,17.858538
2025-03-06,BNK_MSCI_EUR,AU000000BHP4,243107,48621425.0,9.724285
2025-03-06,BNK_MSCI_EUR,HK0000069689,306791,61358130.0,12.271626
2025-03-07,BNK_MSCI_EUR,DE0005140008,450381,90076225.0,18.015245
2025-03-07,BNK_MSCI_EUR,FR0000131104,557140,111427930.0,22.285586
2025-03-07,BNK_MSCI_EUR,CH0012221716,492841,98568160.0,19.713632
2025-03-07,BNK_MSCI_EUR,GB0009252882,447182,89436400.0,17.88728
2025-03-07,BNK_MSCI_EUR,AU000000BHP4,254248,50849520.0,10.169904
2025-03-07,BNK_MSCI_EUR,HK0000069689,298209,59641760.0,11.928352
2025-03-10,BNK_MSCI_EUR,DE0005140008,452436,90487150.0,18.09743
2025-03-10,BNK_MSCI_EUR,FR0000131104,548332,109666395.0,21.933279
2025-03-10,BNK_MSCI_EUR,CH0012221716,501591,100318280.0,20.063656
2025-03-10,BNK_MSCI_EUR,GB0009252882,449206,89841265.0,17.968253
2025-03-10,BNK_MSCI_EUR,AU000000BHP4,256457,51291395.0,10.258279
2025-03-10,BNK_MSCI_EUR,HK0000069689,291978,58395515.0,11.679103
2025-03-11,BNK_MSCI_EUR,DE0005140008,462065,92413025.0,18.482605
2025-03-11,BNK_MSCI_EUR,FR0000131104,558997,111799400.0,22.35988
2025-03-11,BNK_MSCI_EUR,CH0012221716,495832,99166465.0,19.833293
2025-03-11,BNK_MSCI_EUR,GB0009252882,439614,87922740.0,17.584548
2025-03-11,BNK_MSCI_EUR,AU000000BHP4,248857,49771430.0,9.954286
2025-03-11,BNK_MSCI_EUR,HK0000069689,294635,58926940.0,11.785388
2025-03-12,BNK_MSCI_EUR,DE0005140008,443178,88635645.0,17.727129
2025-03-12,BNK_MSCI_EUR,FR0000131104,554756,110951220.0,22.190244
2025-03-12,BNK_MSCI_EUR,CH0012221716,506025,101204930.0,20.240986
2025-03-12,BNK_MSCI_EUR,GB0009252882,458191,91638270.0,18.327654
2025-03-12,BNK_MSCI_EUR,AU000000BHP4,235949,47189745.0,9.437949
2025-03-12,BNK_MSCI_EUR,HK0000069689,301901,60380190.0,12.076038
2025-03-13,BNK_MSCI_EUR,DE0005140008,459000,91799945.0,18.359989
2025-03-13,BNK_MSCI_EUR,FR0000131104,556013,111202595.0,22.240519
2025-03-13,BNK_MSCI_EUR,CH0012221716,490392,98078415.0,19.615683
2025-03-13,BNK_MSCI_EUR,GB0009252882,451015,90203030.0,18.040606
2025-03-13,BNK_MSCI_EUR,AU000000BHP4,243600,48719980.0,9.743996
2025-03-13,BNK_MSCI_EUR,HK0000069689,299980,59996035.0,11.999207
2025-03-14,BNK_MSCI_EUR,DE0005140008,436032,87206390.0,17.441278
2025-03-14,BNK_MSCI_EUR,FR0000131104,558625,111724960.0,22.344992
2025-03-14,BNK_MSCI_EUR,CH0012221716,501878,100375615.0,20.075123
2025-03-14,BNK_MSCI_EUR,GB0009252882,436855,87370930.0,17.474186
2025-03-14,BNK_MSCI_EUR,AU000000BHP4,258772,51754395.0,10.350879
2025-03-14,BNK_MSCI_EUR,HK0000069689,307839,61567720.0,12.313544
2025-03-17,BNK_MSCI_EUR,DE0005140008,451632,90326300.0,18.06526
2025-03-17,BNK_MSCI_EUR,FR0000131104,556423,111284525.0,22.256905
2025-03-17,BNK_MSCI_EUR,CH0012221716,498067,99613355.0,19.922671
2025-03-17,BNK_MSCI_EUR,GB0009252882,463030,92606020.0,18.521204
2025-03-17,BNK_MSCI_EUR,AU000000BHP4,240228,48045525.0,9.609105
2025-03-17,BNK_MSCI_EUR,HK0000069689,290621,58124280.0,11.624856
2025-03-18,BNK_MSCI_EUR,DE0005140008,440858,88171690.0,17.634338
2025-03-18,BNK_MSCI_EUR,FR0000131104,558025,111605025.0,22.321005
2025-03-18,BNK_MSCI_EUR,CH0012221716,489394,97878725.0,19.575745
2025-03-18,BNK_MSCI_EUR,GB0009252882,451717,90343325.0,18.068665
2025-03-18,BNK_MSCI_EUR,AU000000BHP4,248386,49677235.0,9.935447
2025-03-18,BNK_MSCI_EUR,HK0000069689,311620,62324000.0,12.4648
2025-03-19,BNK_MSCI_EUR,DE0005140008,443199,88639835.0,17.727967
2025-03-19,BNK_MSCI_EUR,FR0000131104,543755,108750940.0,21.750188
2025-03-19,BNK_MSCI_EUR,CH0012221716,495129,99025860.0,19.805172
2025-03-19,BNK_MSCI_EUR,GB0009252882,457293,91458660.0,18.291732
2025-03-19,BNK_MSCI_EUR,AU000000BHP4,254892,50978310.0,10.195662
2025-03-19,BNK_MSCI_EUR,HK0000069689,305732,61146395.0,12.229279
2025-03-20,BNK_MSCI_EUR,DE0005140008,448899,89779745.0,17.955949
2025-03-20,BNK_MSCI_EUR,FR0000131104,548511,109702230.0,21.940446
2025-03-20,BNK_MSCI_EUR,CH0012221716,493154,98630865.0,19.726173
2025-03-20,BNK_MSCI_EUR,GB0009252882,445993,89198555.0,17.839711
2025-03-20,BNK_MSCI_EUR,AU000000BHP4,258987,51797460.0,10.359492
2025-03-20,BNK_MSCI_EUR,HK0000069689,304456,60891150.0,12.17823
2025-03-21,BNK_MSCI_EUR,DE0005140008,442745,88548975.0,17.709795
2025-03-21,BNK_MSCI_EUR,FR0000131104,543278,108655545.0,21.731109
2025-03-21,BNK_MSCI_EUR,CH0012221716,500689,100137785.0,20.027557
2025-03-21,BNK_MSCI_EUR,GB0009252882,449042,89808355.0,17.961671
2025-03-21,BNK_MSCI_EUR,AU000000BHP4,251671,50334195.0,10.066839
2025-03-21,BNK_MSCI_EUR,HK0000069689,312576,62515150.0,12.50303
2025-03-24,BNK_MSCI_EUR,DE0005140008,448319,89663880.0,17.932776
2025-03-24,BNK_MSCI_EUR,FR0000131104,552140,110427920.0,22.085584
2025-03-24,BNK_MSCI_EUR,CH0012221716,500408,100081530.0,20.016306
2025-03-24,BNK_MSCI_EUR,GB0009252882,446098,89219690.0,17.843938
2025-03-24,BNK_MSCI_EUR,AU000000BHP4,244510,48902025.0,9.780405
2025-03-24,BNK_MSCI_EUR,HK0000069689,308525,61704960.0,12.340992
2025-03-25,BNK_MSCI_EUR,DE0005140008,458993,91798525.0,18.359705
2025-03-25,BNK_MSCI_EUR,FR0000131104,555931,111186165.0,22.237233
2025-03-25,BNK_MSCI_EUR,CH0012221716,489396,97879275.0,19.575855
2025-03-25,BNK_MSCI_EUR,GB0009252882,459232,91846300.0,18.36926
2025-03-25,BNK_MSCI_EUR,AU000000BHP4,246142,49228305.0,9.845661
2025-03-25,BNK_MSCI_EUR,HK0000069689,290307,58061430.0,11.612286
2025-03-26,BNK_MSCI_EUR,DE0005140008,443504,88700780.0,17.740156
2025-03-26,BNK_MSCI_EUR,FR0000131104,546145,109229070.0,21.845814
2025-03-26,BNK_MSCI_EUR,CH0012221716,500109,100021840.0,20.004368
2025-03-26,BNK_MSCI_EUR,GB0009252882,454223,90844630.0,18.168926
2025-03-26,BNK_MSCI_EUR,AU000000BHP4,243893,48778665.0,9.755733
2025-03-26,BNK_MSCI_EUR,HK0000069689,312125,62425010.0,12.485002
2025-03-27,BNK_MSCI_EUR,DE0005140008,441155,88230985.0,17.646197
2025-03-27,BNK_MSCI_EUR,FR0000131104,551206,110241120.0,22.048224
2025-03-27,BNK_MSCI_EUR,CH0012221716,502080,100416070.0,20.083214
2025-03-27,BNK_MSCI_EUR,GB0009252882,459198,91839505.0,18.367901
2025-03-27,BNK_MSCI_EUR,AU000000BHP4,245347,49069365.0,9.813873
2025-03-27,BNK_MSCI_EUR,HK0000069689,301015,60202950.0,12.04059
2025-03-28,BNK_MSCI_EUR,DE0005140008,458059,91611735.0,18.322347
2025-03-28,BNK_MSCI_EUR,FR0000131104,541540,108308030.0,21.661606
2025-03-28,BNK_MSCI_EUR,CH0012221716,488291,97658125.0,19.531625
2025-03-28,BNK_MSCI_EUR,GB0009252882,458721,91744245.0,18.348849
2025-03-28,BNK_MSCI_EUR,AU000000BHP4,262328,52465670.0,10.493134
2025-03-28,BNK_MSCI_EUR,HK0000069689,291061,58212195.0,11.642439
2025-03-31,BNK_MSCI_EUR,DE0005140008,456667,91333370.0,18.266674
2025-03-31,BNK_MSCI_EUR,FR0000131104,545105,109021010.0,21.804202
2025-03-31,BNK_MSCI_EUR,CH0012221716,501692,100338390.0,20.067678
2025-03-31,BNK_MSCI_EUR,GB0009252882,452206,90441210.0,18.088242
2025-03-31,BNK_MSCI_EUR,AU000000BHP4,251274,50254805.0,10.050961
2025-03-31,BNK_MSCI_EUR,HK0000069689,293056,58611215.0,11.722243
2025-01-02,BNK_AGG,XS1000000001,1307913,130791264.0,16.348908
2025-01-02,BNK_AGG,XS1000000002,1404851,140485128.0,17.560641
2025-01-02,BNK_AGG,XS1000000003,1568627,156862728.0,19.607841
2025-01-02,BNK_AGG,XS1000000004,834044,83404448.0,10.425556
2025-01-02,BNK_AGG,XS1000000005,957593,95759256.0,11.969907
2025-01-02,BNK_AGG,XS1000000006,691834,69183352.0,8.647919
2025-01-02,BNK_AGG,XS1000000007,1235138,123513816.0,15.439227
2025-01-03,BNK_AGG,XS1000000001,1309909,130990944.0,16.373868
2025-01-03,BNK_AGG,XS1000000002,1430412,143041248.0,17.880156
2025-01-03,BNK_AGG,XS1000000003,1567677,156767736.0,19.595967
2025-01-03,BNK_AGG,XS1000000004,799052,79905176.0,9.988147
2025-01-03,BNK_AGG,XS1000000005,935984,93598352.0,11.699794
2025-01-03,BNK_AGG,XS1000000006,727889,72788944.0,9.098618
2025-01-03,BNK_AGG,XS1000000007,1229076,122907600.0,15.36345
2025-01-06,BNK_AGG,XS1000000001,1291460,129145968.0,16.143246
2025-01-06,BNK_AGG,XS1000000002,1424261,142426056.0,17.803257
2025-01-06,BNK_AGG,XS1000000003,1639875,163987464.0,20.498433
2025-01-06,BNK_AGG,XS1000000004,785910,78591016.0,9.823877
2025-01-06,BNK_AGG,XS1000000005,951814,95181408.0,11.897676
2025-01-06,BNK_AGG,XS1000000006,705826,70582616.0,8.822827
2025-01-06,BNK_AGG,XS1000000007,1200855,120085480.0,15.010685
2025-01-07,BNK_AGG,XS1000000001,1316720,131672000.0,16.459
2025-01-07,BNK_AGG,XS1000000002,1409243,140924288.0,17.615536
2025-01-07,BNK_AGG,XS1000000003,1616959,161695888.0,20.211986
2025-01-07,BNK_AGG,XS1000000004,783259,78325936.0,9.790742
2025-01-07,BNK_AGG,XS1000000005,947961,94796128.0,11.849516
2025-01-07,BNK_AGG,XS1000000006,716248,71624824.0,8.953103
2025-01-07,BNK_AGG,XS1000000007,1209609,120960936.0,15.120117
2025-01-08,BNK_AGG,XS1000000001,1254682,125468152.0,15.683519
2025-01-08,BNK_AGG,XS1000000002,1433583,143358312.0,17.919789
2025-01-08,BNK_AGG,XS1000000003,1583350,158335008.0,19.791876
2025-01-08,BNK_AGG,XS1000000004,782067,78206712.0,9.775839
2025-01-08,BNK_AGG,XS1000000005,998574,99857440.0,12.48218
2025-01-08,BNK_AGG,XS1000000006,727751,72775128.0,9.096891
2025-01-08,BNK_AGG,XS1000000007,1219993,121999256.0,15.249907
2025-01-09,BNK_AGG,XS1000000001,1287988,128798800.0,16.09985
2025-01-09,BNK_AGG,XS1000000002,1445424,144542384.0,18.067798
2025-01-09,BNK_AGG,XS1000000003,1618810,161880960.0,20.23512
2025-01-09,BNK_AGG,XS1000000004,812345,81234496.0,10.154312
2025-01-09,BNK_AGG,XS1000000005,936955,93695480.0,11.711935
2025-01-09,BNK_AGG,XS1000000006,714582,71458168.0,8.932271
2025-01-09,BNK_AGG,XS1000000007,1183897,118389696.0,14.798712
2025-01-10,BNK_AGG,XS1000000001,1314106,131410576.0,16.426322
2025-01-10,BNK_AGG,XS1000000002,1441389,144138880.0,18.01736
2025-01-10,BNK_AGG,XS1000000003,1592393,159239328.0,19.904916
2025-01-10,BNK_AGG,XS1000000004,775029,77502912.0,9.687864
2025-01-10,BNK_AGG,XS1000000005,946296,94629632.0,11.828704
2025-01-10,BNK_AGG,XS1000000006,698102,69810152.0,8.726269
2025-01-10,BNK_AGG,XS1000000007,1232685,123268520.0,15.408565
2025-01-13,BNK_AGG,XS1000000001,1281793,128179336.0,16.022417
2025-01-13,BNK_AGG,XS1000000002,1382586,138258640.0,17.28233
2025-01-13,BNK_AGG,XS1000000003,1613530,161352992.0,20.169124
2025-01-13,BNK_AGG,XS1000000004,789731,78973056.0,9.871632
2025-01-13,BNK_AGG,XS1000000005,965907,96590712.0,12.073839
2025-01-13,BNK_AGG,XS1000000006,748011,74801136.0,9.350142
2025-01-13,BNK_AGG,XS1000000007,1218441,121844136.0,15.230517
2025-01-14,BNK_AGG,XS1000000001,1244162,124416168.0,15.552021
2025-01-14,BNK_AGG,XS1000000002,1448069,144806928.0,18.100866
2025-01-14,BNK_AGG,XS1000000003,1576445,157644512.0,19.705564
2025-01-14,BNK_AGG,XS1000000004,822757,82275744.0,10.284468
2025-01-14,BNK_AGG,XS1000000005,990317,99031704.0,12.378963
2025-01-14,BNK_AGG,XS1000000006,682362,68236168.0,8.529521
2025-01-14,BNK_AGG,XS1000000007,1235888,123588792.0,15.448599
2025-01-15,BNK_AGG,XS1000000001,1250318,125031792.0,15.628974
2025-01-15,BNK_AGG,XS1000000002,1459276,145927624.0,18.240953
2025-01-15,BNK_AGG,XS1000000003,1614449,161444912.0,20.180614
2025-01-15,BNK_AGG,XS1000000004,783849,78384856.0,9.798107
2025-01-15,BNK_AGG,XS1000000005,981458,98145848.0,12.268231
2025-01-15,BNK_AGG,XS1000000006,743316,74331640.0,9.291455
2025-01-15,BNK_AGG,XS1000000007,1167333,116733320.0,14.591665
2025-01-16,BNK_AGG,XS1000000001,1272304,127230360.0,15.903795
2025-01-16,BNK_AGG,XS1000000002,1447322,144732200.0,18.091525
2025-01-16,BNK_AGG,XS1000000003,1596861,159686080.0,19.96076
2025-01-16,BNK_AGG,XS1000000004,823348,82334800.0,10.29185
2025-01-16,BNK_AGG,XS1000000005,911441,91144080.0,11.39301
2025-01-16,BNK_AGG,XS1000000006,727413,72741296.0,9.092662
2025-01-16,BNK_AGG,XS1000000007,1221312,122131184.0,15.266398
2025-01-17,BNK_AGG,XS1000000001,1278875,127887496.0,15.985937
2025-01-17,BNK_AGG,XS1000000002,1438062,143806176.0,17.975772
2025-01-17,BNK_AGG,XS1000000003,1567443,156744312.0,19.593039
2025-01-17,BNK_AGG,XS1000000004,834984,83498360.0,10.437295
2025-01-17,BNK_AGG,XS1000000005,985741,98574080.0,12.32176
2025-01-17,BNK_AGG,XS1000000006,715900,71589984.0,8.948748
2025-01-17,BNK_AGG,XS1000000007,1178996,117899592.0,14.737449
2025-01-20,BNK_AGG,XS1000000001,1292455,129245472.0,16.155684
2025-01-20,BNK_AGG,XS1000000002,1421763,142176304.0,17.772038
2025-01-20,BNK_AGG,XS1000000003,1594923,159492344.0,19.936543
2025-01-20,BNK_AGG,XS1000000004,785540,78553960.0,9.819245
2025-01-20,BNK_AGG,XS1000000005,972059,97205856.0,12.150732
2025-01-20,BNK_AGG,XS1000000006,687082,68708248.0,8.588531
2025-01-20,BNK_AGG,XS1000000007,1246178,124617816.0,15.577227
2025-01-21,BNK_AGG,XS1000000001,1260435,126043464.0,15.755433
2025-01-21,BNK_AGG,XS1000000002,1415287,141528712.0,17.691089
2025-01-21,BNK_AGG,XS1000000003,1622914,162291416.0,20.286427
2025-01-21,BNK_AGG,XS1000000004,836367,83636736.0,10.454592
2025-01-21,BNK_AGG,XS1000000005,990937,99093712.0,12.386714
2025-01-21,BNK_AGG,XS1000000006,708313,70831336.0,8.853917
2025-01-21,BNK_AGG,XS1000000007,1165746,116574624.0,14.571828
2025-01-22,BNK_AGG,XS1000000001,1263932,126393152.0,15.799144
2025-01-22,BNK_AGG,XS1000000002,1447049,144704888.0,18.088111
2025-01-22,BNK_AGG,XS1000000003,1592965,159296536.0,19.912067
2025-01-22,BNK_AGG,XS1000000004,812927,81292728.0,10.161591
2025-01-22,BNK_AGG,XS1000000005,971183,97118288.0,12.139786
2025-01-22,BNK_AGG,XS1000000006,743320,74332000.0,9.2915
2025-01-22,BNK_AGG,XS1000000007,1168624,116862416.0,14.607802
2025-01-23,BNK_AGG,XS1000000001,1322190,132219000.0,16.527375
2025-01-23,BNK_AGG,XS1000000002,1439088,143908824.0,17.988603
2025-01-23,BNK_AGG,XS1000000003,1576232,157623224.0,19.702903
2025-01-23,BNK_AGG,XS1000000004,788217,78821656.0,9.852707
2025-01-23,BNK_AGG,XS1000000005,935754,93575432.0,11.696929
2025-01-23,BNK_AGG,XS1000000006,696200,69619992.0,8.702499
2025-01-23,BNK_AGG,XS1000000007,1242319,124231872.0,15.528984
2025-01-24,BNK_AGG,XS1000000001,1281976,128197640.0,16.024705
2025-01-24,BNK_AGG,XS1000000002,1452637,145263696.0,18.157962
2025-01-24,BNK_AGG,XS1000000003,1585504,158550352.0,19.818794
2025-01-24,BNK_AGG,XS1000000004,761246,76124600.0,9.515575
2025-01-24,BNK_AGG,XS1000000005,981143,98114344.0,12.264293
2025-01-24,BNK_AGG,XS1000000006,723425,72342504.0,9.042813
2025-01-24,BNK_AGG,XS1000000007,1214069,121406864.0,15.175858
2025-01-27,BNK_AGG,XS1000000001,1310861,131086120.0,16.385765
2025-01-27,BNK_AGG,XS1000000002,1426458,142645768.0,17.830721
2025-01-27,BNK_AGG,XS1000000003,1616862,161686248.0,20.210781
2025-01-27,BNK_AGG,XS1000000004,778722,77872224.0,9.734028
2025-01-27,BNK_AGG,XS1000000005,950274,95027408.0,11.878426
2025-01-27,BNK_AGG,XS1000000006,739538,73953784.0,9.244223
2025-01-27,BNK_AGG,XS1000000007,1177285,117728456.0,14.716057
2025-01-28,BNK_AGG,XS1000000001,1278997,127899656.0,15.987457
2025-01-28,BNK_AGG,XS1000000002,1453952,145395176.0,18.174397
2025-01-28,BNK_AGG,XS1000000003,1611565,161156496.0,20.144562
2025-01-28,BNK_AGG,XS1000000004,779559,77955856.0,9.744482
2025-01-28,BNK_AGG,XS1000000005,984676,98467632.0,12.308454
2025-01-28,BNK_AGG,XS1000000006,745953,74595256.0,9.324407
2025-01-28,BNK_AGG,XS1000000007,1145299,114529928.0,14.316241
2025-01-29,BNK_AGG,XS1000000001,1277274,127727376.0,15.965922
2025-01-29,BNK_AGG,XS1000000002,1461194,146119368.0,18.264921
2025-01-29,BNK_AGG,XS1000000003,1623526,162352568.0,20.294071
2025-01-29,BNK_AGG,XS1000000004,771081,77108088.0,9.638511
2025-01-29,BNK_AGG,XS1000000005,957064,95706368.0,11.963296
2025-01-29,BNK_AGG,XS1000000006,748537,74853704.0,9.356713
2025-01-29,BNK_AGG,XS1000000007,1161325,116132520.0,14.516565
2025-01-30,BNK_AGG,XS1000000001,1295526,129552560.0,16.19407
2025-01-30,BNK_AGG,XS1000000002,1414561,141456088.0,17.682011
2025-01-30,BNK_AGG,XS1000000003,1633419,163341864.0,20.417733
2025-01-30,BNK_AGG,XS1000000004,770990,77098992.0,9.637374
2025-01-30,BNK_AGG,XS1000000005,987698,98769840.0,12.34623
2025-01-30,BNK_AGG,XS1000000006,684929,68492944.0,8.561618
2025-01-30,BNK_AGG,XS1000000007,1212877,121287704.0,15.160963
2025-01-31,BNK_AGG,XS1000000001,1300078,130007808.0,16.250976
2025-01-31,BNK_AGG,XS1000000002,1481128,148112848.0,18.514106
2025-01-31,BNK_AGG,XS1000000003,1606792,160679168.0,20.084896
2025-01-31,BNK_AGG,XS1000000004,786632,78663224.0,9.832903
2025-01-31,BNK_AGG,XS1000000005,946479,94647888.0,11.830986
2025-01-31,BNK_AGG,XS1000000006,690175,69017480.0,8.627185
2025-01-31,BNK_AGG,XS1000000007,1188716,118871584.0,14.858948
2025-02-03,BNK_AGG,XS1000000001,1247712,124771232.0,15.596404
2025-02-03,BNK_AGG,XS1000000002,1399059,139905920.0,17.48824
2025-02-03,BNK_AGG,XS1000000003,1589690,158968952.0,19.871119
2025-02-03,BNK_AGG,XS1000000004,817997,81799672.0,10.224959
2025-02-03,BNK_AGG,XS1000000005,996785,99678480.0,12.45981
2025-02-03,BNK_AGG,XS1000000006,750205,75020472.0,9.377559
2025-02-03,BNK_AGG,XS1000000007,1198553,119855280.0,14.98191
2025-02-04,BNK_AGG,XS1000000001,1267662,126766232.0,15.845779
2025-02-04,BNK_AGG,XS1000000002,1440688,144068768.0,18.008596
2025-02-04,BNK_AGG,XS1000000003,1564862,156486192.0,19.560774
2025-02-04,BNK_AGG,XS1000000004,796703,79670328.0,9.958791
2025-02-04,BNK_AGG,XS1000000005,987073,98707256.0,12.338407
2025-02-04,BNK_AGG,XS1000000006,730559,73055920.0,9.13199
2025-02-04,BNK_AGG,XS1000000007,1212453,121245296.0,15.155662
2025-02-05,BNK_AGG,XS1000000001,1262842,126284224.0,15.785528
2025-02-05,BNK_AGG,XS1000000002,1416926,141692584.0,17.711573
2025-02-05,BNK_AGG,XS1000000003,1640430,164042984.0,20.505373
2025-02-05,BNK_AGG,XS1000000004,789740,78973992.0,9.871749
2025-02-05,BNK_AGG,XS1000000005,952915,95291472.0,11.911434
2025-02-05,BNK_AGG,XS1000000006,762065,76206472.0,9.525809
2025-02-05,BNK_AGG,XS1000000007,1175083,117508272.0,14.688534
2025-02-06,BNK_AGG,XS1000000001,1254740,125473952.0,15.684244
2025-02-06,BNK_AGG,XS1000000002,1431327,143132688.0,17.891586
2025-02-06,BNK_AGG,XS1000000003,1620019,162001920.0,20.25024
2025-02-06,BNK_AGG,XS1000000004,804489,80448888.0,10.056111
2025-02-06,BNK_AGG,XS1000000005,992745,99274488.0,12.409311
2025-02-06,BNK_AGG,XS1000000006,688069,68806864.0,8.600858
2025-02-06,BNK_AGG,XS1000000007,1208612,120861200.0,15.10765
2025-02-07,BNK_AGG,XS1000000001,1291912,129191216.0,16.148902
2025-02-07,BNK_AGG,XS1000000002,1441767,144176672.0,18.022084
2025-02-07,BNK_AGG,XS1000000003,1565898,156589824.0,19.573728
2025-02-07,BNK_AGG,XS1000000004,837223,83722328.0,10.465291
2025-02-07,BNK_AGG,XS1000000005,935242,93524168.0,11.690521
2025-02-07,BNK_AGG,XS1000000006,752824,75282392.0,9.410299
2025-02-07,BNK_AGG,XS1000000007,1175134,117513392.0,14.689174
2025-02-10,BNK_AGG,XS1000000001,1255492,125549216.0,15.693652
2025-02-10,BNK_AGG,XS1000000002,1424832,142483248.0,17.810406
2025-02-10,BNK_AGG,XS1000000003,1584527,158452736.0,19.806592
2025-02-10,BNK_AGG,XS1000000004,820607,82060696.0,10.257587
2025-02-10,BNK_AGG,XS1000000005,983554,98355360.0,12.29442
2025-02-10,BNK_AGG,XS1000000006,742771,74277088.0,9.284636
2025-02-10,BNK_AGG,XS1000000007,1188217,118821664.0,14.852708
2025-02-11,BNK_AGG,XS1000000001,1275342,127534224.0,15.941778
2025-02-11,BNK_AGG,XS1000000002,1433413,143341328.0,17.917666
2025-02-11,BNK_AGG,XS1000000003,1579852,157985232.0,19.748154
2025-02-11,BNK_AGG,XS1000000004,813924,81392352.0,10.174044
2025-02-11,BNK_AGG,XS1000000005,997213,99721288.0,12.465161
2025-02-11,BNK_AGG,XS1000000006,699317,69931704.0,8.741463
2025-02-11,BNK_AGG,XS1000000007,1200939,120093872.0,15.011734
2025-02-12,BNK_AGG,XS1000000001,1288633,128863296.0,16.107912
2025-02-12,BNK_AGG,XS1000000002,1439679,143967920.0,17.99599
2025-02-12,BNK_AGG,XS1000000003,1631221,163122096.0,20.390262
2025-02-12,BNK_AGG,XS1000000004,817164,81716432.0,10.214554
2025-02-12,BNK_AGG,XS1000000005,946570,94656960.0,11.83212
2025-02-12,BNK_AGG,XS1000000006,689780,68978000.0,8.62225
2025-02-12,BNK_AGG,XS1000000007,1186953,118695296.0,14.836912
2025-02-13,BNK_AGG,XS1000000001,1268756,126875648.0,15.859456
2025-02-13,BNK_AGG,XS1000000002,1412580,141257992.0,17.657249
2025-02-13,BNK_AGG,XS1000000003,1634473,163447296.0,20.430912
2025-02-13,BNK_AGG,XS1000000004,788029,78802944.0,9.850368
2025-02-13,BNK_AGG,XS1000000005,955874,95587440.0,11.94843
2025-02-13,BNK_AGG,XS1000000006,722208,72220816.0,9.027602
2025-02-13,BNK_AGG,XS1000000007,1218079,121807864.0,15.225983
2025-02-14,BNK_AGG,XS1000000001,1256285,125628456.0,15.703557
2025-02-14,BNK_AGG,XS1000000002,1453939,145393872.0,18.174234
2025-02-14,BNK_AGG,XS1000000003,1586146,158614552.0,19.826819
2025-02-14,BNK_AGG,XS1000000004,836830,83683024.0,10.460378
2025-02-14,BNK_AGG,XS1000000005,956399,95639888.0,11.954986
2025-02-14,BNK_AGG,XS1000000006,720822,72082232.0,9.010279
2025-02-14,BNK_AGG,XS1000000007,1189580,118957976.0,14.869747
2025-02-17,BNK_AGG,XS1000000001,1289755,128975512.0,16.121939
2025-02-17,BNK_AGG,XS1000000002,1432034,143203432.0,17.900429
2025-02-17,BNK_AGG,XS1000000003,1597025,159702544.0,19.962818
2025-02-17,BNK_AGG,XS1000000004,772448,77244776.0,9.655597
2025-02-17,BNK_AGG,XS1000000005,989811,98981056.0,12.372632
2025-02-17,BNK_AGG,XS1000000006,740604,74060424.0,9.257553
2025-02-17,BNK_AGG,XS1000000007,1178323,117832272.0,14.729034
2025-02-18,BNK_AGG,XS1000000001,1252988,125298776.0,15.662347
2025-02-18,BNK_AGG,XS1000000002,1426787,142678696.0,17.834837
2025-02-18,BNK_AGG,XS1000000003,1618902,161890184.0,20.236273
2025-02-18,BNK_AGG,XS1000000004,797934,79793424.0,9.974178
2025-02-18,BNK_AGG,XS1000000005,953245,95324504.0,11.915563
2025-02-18,BNK_AGG,XS1000000006,738706,73870600.0,9.233825
2025-02-18,BNK_AGG,XS1000000007,1211438,121143816.0,15.142977
2025-02-19,BNK_AGG,XS1000000001,1270534,127053360.0,15.88167
2025-02-19,BNK_AGG,XS1000000002,1439491,143949096.0,17.993637
2025-02-19,BNK_AGG,XS1000000003,1625568,162556824.0,20.319603
2025-02-19,BNK_AGG,XS1000000004,796133,79613304.0,9.951663
2025-02-19,BNK_AGG,XS1000000005,988232,98823232.0,12.352904
2025-02-19,BNK_AGG,XS1000000006,716434,71643360.0,8.95542
2025-02-19,BNK_AGG,XS1000000007,1163608,116360824.0,14.545103
2025-02-20,BNK_AGG,XS1000000001,1291330,129132976.0,16.141622
2025-02-20,BNK_AGG,XS1000000002,1433945,143394472.0,17.924309
2025-02-20,BNK_AGG,XS1000000003,1574691,157469120.0,19.68364
2025-02-20,BNK_AGG,XS1000000004,818789,81878920.0,10.234865
2025-02-20,BNK_AGG,XS1000000005,968369,96836880.0,12.10461
2025-02-20,BNK_AGG,XS1000000006,722513,72251328.0,9.031416
2025-02-20,BNK_AGG,XS1000000007,1190363,119036296.0,14.879537
2025-02-21,BNK_AGG,XS1000000001,1244129,124412936.0,15.551617
2025-02-21,BNK_AGG,XS1000000002,1454155,145415456.0,18.176932
2025-02-21,BNK_AGG,XS1000000003,1566912,156691192.0,19.586399
2025-02-21,BNK_AGG,XS1000000004,835062,83506240.0,10.43828
2025-02-21,BNK_AGG,XS1000000005,993387,99338712.0,12.417339
2025-02-21,BNK_AGG,XS1000000006,741403,74140336.0,9.267542
2025-02-21,BNK_AGG,XS1000000007,1164951,116495128.0,14.561891
2025-02-24,BNK_AGG,XS1000000001,1260464,126046448.0,15.755806
2025-02-24,BNK_AGG,XS1000000002,1463498,146349752.0,18.293719
2025-02-24,BNK_AGG,XS1000000003,1578048,157804832.0,19.725604
2025-02-24,BNK_AGG,XS1000000004,830944,83094416.0,10.386802
2025-02-24,BNK_AGG,XS1000000005,959968,95996848.0,11.999606
2025-02-24,BNK_AGG,XS1000000006,738870,73887048.0,9.235881
2025-02-24,BNK_AGG,XS1000000007,1168207,116820656.0,14.602582
2025-02-25,BNK_AGG,XS1000000001,1315762,131576200.0,16.447025
2025-02-25,BNK_AGG,XS1000000002,1476385,147638536.0,18.454817
2025-02-25,BNK_AGG,XS1000000003,1568816,156881592.0,19.610199
2025-02-25,BNK_AGG,XS1000000004,792794,79279392.0,9.909924
2025-02-25,BNK_AGG,XS1000000005,953889,95388912.0,11.923614
2025-02-25,BNK_AGG,XS1000000006,707649,70764856.0,8.845607
2025-02-25,BNK_AGG,XS1000000007,1184705,118470512.0,14.808814
2025-02-26,BNK_AGG,XS1000000001,1269066,126906568.0,15.863321
2025-02-26,BNK_AGG,XS1000000002,1461142,146114216.0,18.264277
2025-02-26,BNK_AGG,XS1000000003,1613279,161327936.0,20.165992
2025-02-26,BNK_AGG,XS1000000004,805032,80503192.0,10.062899
2025-02-26,BNK_AGG,XS1000000005,956089,95608920.0,11.951115
2025-02-26,BNK_AGG,XS1000000006,709327,70932696.0,8.866587
2025-02-26,BNK_AGG,XS1000000007,1186065,118606472.0,14.825809
2025-02-27,BNK_AGG,XS1000000001,1245346,124534576.0,15.566822
2025-02-27,BNK_AGG,XS1000000002,1439510,143950952.0,17.993869
2025-02-27,BNK_AGG,XS1000000003,1612242,161224200.0,20.153025
2025-02-27,BNK_AGG,XS1000000004,830829,83082872.0,10.385359
2025-02-27,BNK_AGG,XS1000000005,988825,98882504.0,12.360313
2025-02-27,BNK_AGG,XS1000000006,721244,72124432.0,9.015554
2025-02-27,BNK_AGG,XS1000000007,1162005,116200472.0,14.525059
2025-02-28,BNK_AGG,XS1000000001,1268544,126854416.0,15.856802
2025-02-28,BNK_AGG,XS1000000002,1449314,144931352.0,18.116419
2025-02-28,BNK_AGG,XS1000000003,1594620,159462032.0,19.932754
2025-02-28,BNK_AGG,XS1000000004,796423,79642264.0,9.955283
2025-02-28,BNK_AGG,XS1000000005,954902,95490160.0,11.93627
2025-02-28,BNK_AGG,XS1000000006,722067,72206664.0,9.025833
2025-02-28,BNK_AGG,XS1000000007,1214131,121413104.0,15.176638
2025-03-03,BNK_AGG,XS1000000001,1253181,125318056.0,15.664757
2025-03-03,BNK_AGG,XS1000000002,1433683,143368312.0,17.921039
2025-03-03,BNK_AGG,XS1000000003,1584383,158438280.0,19.804785
2025-03-03,BNK_AGG,XS1000000004,815318,81531768.0,10.191471
2025-03-03,BNK_AGG,XS1000000005,983485,98348464.0,12.293558
2025-03-03,BNK_AGG,XS1000000006,688699,68869896.0,8.608737
2025-03-03,BNK_AGG,XS1000000007,1241252,124125232.0,15.515654
2025-03-04,BNK_AGG,XS1000000001,1260591,126059088.0,15.757386
2025-03-04,BNK_AGG,XS1000000002,1412364,141236384.0,17.654548
2025-03-04,BNK_AGG,XS1000000003,1612078,161207824.0,20.150978
2025-03-04,BNK_AGG,XS1000000004,829764,82976432.0,10.372054
2025-03-04,BNK_AGG,XS1000000005,987120,98712000.0,12.339
2025-03-04,BNK_AGG,XS1000000006,678428,67842792.0,8.480349
2025-03-04,BNK_AGG,XS1000000007,1219655,121965472.0,15.245684
2025-03-05,BNK_AGG,XS1000000001,1272225,127222496.0,15.902812
2025-03-05,BNK_AGG,XS1000000002,1431407,143140688.0,17.892586
2025-03-05,BNK_AGG,XS1000000003,1609425,160942536.0,20.117817
2025-03-05,BNK_AGG,XS1000000004,820844,82084376.0,10.260547
2025-03-05,BNK_AGG,XS1000000005,933715,93371456.0,11.671432
2025-03-05,BNK_AGG,XS1000000006,754243,75424336.0,9.428042
2025-03-05,BNK_AGG,XS1000000007,1178141,117814128.0,14.726766
2025-03-06,BNK_AGG,XS1000000001,1314483,131448264.0,16.431033
2025-03-06,BNK_AGG,XS1000000002,1431686,143168584.0,17.896073
2025-03-06,BNK_AGG,XS1000000003,1621803,162180320.0,20.27254
2025-03-06,BNK_AGG,XS1000000004,779505,77950480.0,9.74381
2025-03-06,BNK_AGG,XS1000000005,950843,95084264.0,11.885533
2025-03-06,BNK_AGG,XS1000000006,729726,72972640.0,9.12158
2025-03-06,BNK_AGG,XS1000000007,1171955,117195456.0,14.649432
2025-03-07,BNK_AGG,XS1000000001,1241525,124152536.0,15.519067
2025-03-07,BNK_AGG,XS1000000002,1447973,144797320.0,18.099665
2025-03-07,BNK_AGG,XS1000000003,1599454,159945400.0,19.993175
2025-03-07,BNK_AGG,XS1000000004,810712,81071248.0,10.133906
2025-03-07,BNK_AGG,XS1000000005,977264,97726416.0,12.215802
2025-03-07,BNK_AGG,XS1000000006,736553,73655344.0,9.206918
2025-03-07,BNK_AGG,XS1000000007,1186517,118651736.0,14.831467
2025-03-10,BNK_AGG,XS1000000001,1260633,126063312.0,15.757914
2025-03-10,BNK_AGG,XS1000000002,1433893,143389304.0,17.923663
2025-03-10,BNK_AGG,XS1000000003,1610657,161065664.0,20.133208
2025-03-10,BNK_AGG,XS1000000004,775723,77572264.0,9.696533
2025-03-10,BNK_AGG,XS1000000005,994347,99434696.0,12.429337
2025-03-10,BNK_AGG,XS1000000006,755088,75508768.0,9.438596
2025-03-10,BNK_AGG,XS1000000007,1169660,116965992.0,14.620749
2025-03-11,BNK_AGG,XS1000000001,1246802,124680224.0,15.585028
2025-03-11,BNK_AGG,XS1000000002,1456566,145656552.0,18.207069
2025-03-11,BNK_AGG,XS1000000003,1615789,161578864.0,20.197358
2025-03-11,BNK_AGG,XS1000000004,774605,77460456.0,9.682557
2025-03-11,BNK_AGG,XS1000000005,949949,94994912.0,11.874364
2025-03-11,BNK_AGG,XS1000000006,748270,74826992.0,9.353374
2025-03-11,BNK_AGG,XS1000000007,1208020,120802000.0,15.10025
2025-03-12,BNK_AGG,XS1000000001,1271263,127126296.0,15.890787
2025-03-12,BNK_AGG,XS1000000002,1476736,147673568.0,18.459196
2025-03-12,BNK_AGG,XS1000000003,1612261,161226144.0,20.153268
2025-03-12,BNK_AGG,XS1000000004,816837,81683720.0,10.210465
2025-03-12,BNK_AGG,XS1000000005,936796,93679600.0,11.70995
2025-03-12,BNK_AGG,XS1000000006,687499,68749872.0,8.593734
2025-03-12,BNK_AGG,XS1000000007,1198608,119860800.0,14.9826
2025-03-13,BNK_AGG,XS1000000001,1285765,128576512.0,16.072064
2025-03-13,BNK_AGG,XS1000000002,1412275,141227536.0,17.653442
2025-03-13,BNK_AGG,XS1000000003,1627413,162741288.0,20.342661
2025-03-13,BNK_AGG,XS1000000004,805848,80584840.0,10.073105
2025-03-13,BNK_AGG,XS1000000005,946686,94668616.0,11.833577
2025-03-13,BNK_AGG,XS1000000006,692135,69213456.0,8.651682
2025-03-13,BNK_AGG,XS1000000007,1229877,122987744.0,15.373468
2025-03-14,BNK_AGG,XS1000000001,1295906,129590568.0,16.198821
2025-03-14,BNK_AGG,XS1000000002,1450618,145061792.0,18.132724
2025-03-14,BNK_AGG,XS1000000003,1577921,157792144.0,19.724018
2025-03-14,BNK_AGG,XS1000000004,788485,78848464.0,9.856058
2025-03-14,BNK_AGG,XS1000000005,930154,93015352.0,11.626919
2025-03-14,BNK_AGG,XS1000000006,723541,72354104.0,9.044263
2025-03-14,BNK_AGG,XS1000000007,1233376,123337576.0,15.417197
2025-03-17,BNK_AGG,XS1000000001,1306464,130646376.0,16.330797
2025-03-17,BNK_AGG,XS1000000002,1449455,144945480.0,18.118185
2025-03-17,BNK_AGG,XS1000000003,1611619,161161880.0,20.145235
2025-03-17,BNK_AGG,XS1000000004,780269,78026944.0,9.753368
2025-03-17,BNK_AGG,XS1000000005,951228,95122784.0,11.890348
2025-03-17,BNK_AGG,XS1000000006,680508,68050768.0,8.506346
2025-03-17,BNK_AGG,XS1000000007,1220458,122045776.0,15.255722
2025-03-18,BNK_AGG,XS1000000001,1305356,130535640.0,16.316955
2025-03-18,BNK_AGG,XS1000000002,1404964,140496392.0,17.562049
2025-03-18,BNK_AGG,XS1000000003,1637878,163787824.0,20.473478
2025-03-18,BNK_AGG,XS1000000004,814254,81425400.0,10.178175
2025-03-18,BNK_AGG,XS1000000005,971030,97103016.0,12.137877
2025-03-18,BNK_AGG,XS1000000006,682743,68274336.0,8.534292
2025-03-18,BNK_AGG,XS1000000007,1183774,118377392.0,14.797174
2025-03-19,BNK_AGG,XS1000000001,1299607,129960736.0,16.245092
2025-03-19,BNK_AGG,XS1000000002,1419196,141919568.0,17.739946
2025-03-19,BNK_AGG,XS1000000003,1631337,163133744.0,20.391718
2025-03-19,BNK_AGG,XS1000000004,808434,80843368.0,10.105421
2025-03-19,BNK_AGG,XS1000000005,950395,95039472.0,11.879934
2025-03-19,BNK_AGG,XS1000000006,707505,70750520.0,8.843815
2025-03-19,BNK_AGG,XS1000000007,1183526,118352592.0,14.794074
2025-03-20,BNK_AGG,XS1000000001,1263557,126355656.0,15.794457
2025-03-20,BNK_AGG,XS1000000002,1441210,144121008.0,18.015126
2025-03-20,BNK_AGG,XS1000000003,1618527,161852656.0,20.231582
2025-03-20,BNK_AGG,XS1000000004,828171,82817112.0,10.352139
2025-03-20,BNK_AGG,XS1000000005,954338,95433760.0,11.92922
2025-03-20,BNK_AGG,XS1000000006,690040,69003992.0,8.625499
2025-03-20,BNK_AGG,XS1000000007,1204158,120415808.0,15.051976
2025-03-21,BNK_AGG,XS1000000001,1292435,129243472.0,16.155434
2025-03-21,BNK_AGG,XS1000000002,1466834,146683432.0,18.335429
2025-03-21,BNK_AGG,XS1000000003,1589258,158925752.0,19.865719
2025-03-21,BNK_AGG,XS1000000004,811440,81143976.0,10.142997
2025-03-21,BNK_AGG,XS1000000005,968309,96830920.0,12.103865
2025-03-21,BNK_AGG,XS1000000006,703577,70357664.0,8.794708
2025-03-21,BNK_AGG,XS1000000007,1168148,116814792.0,14.601849
2025-03-24,BNK_AGG,XS1000000001,1233770,123376984.0,15.422123
2025-03-24,BNK_AGG,XS1000000002,1465602,146560152.0,18.320019
2025-03-24,BNK_AGG,XS1000000003,1596577,159657664.0,19.957208
2025-03-24,BNK_AGG,XS1000000004,821372,82137176.0,10.267147
2025-03-24,BNK_AGG,XS1000000005,932325,93232464.0,11.654058
2025-03-24,BNK_AGG,XS1000000006,730178,73017792.0,9.127224
2025-03-24,BNK_AGG,XS1000000007,1220178,122017768.0,15.252221
2025-03-25,BNK_AGG,XS1000000001,1253602,125360232.0,15.670029
2025-03-25,BNK_AGG,XS1000000002,1400486,140048640.0,17.50608
2025-03-25,BNK_AGG,XS1000000003,1608025,160802464.0,20.100308
2025-03-25,BNK_AGG,XS1000000004,825194,82519424.0,10.314928
2025-03-25,BNK_AGG,XS1000000005,976411,97641112.0,12.205139
2025-03-25,BNK_AGG,XS1000000006,738124,73812384.0,9.226548
2025-03-25,BNK_AGG,XS1000000007,1198157,119815728.0,14.976966
2025-03-26,BNK_AGG,XS1000000001,1281394,128139408.0,16.017426
2025-03-26,BNK_AGG,XS1000000002,1441581,144158096.0,18.019762
2025-03-26,BNK_AGG,XS1000000003,1603378,160337760.0,20.04222
2025-03-26,BNK_AGG,XS1000000004,805238,80523784.0,10.065473
2025-03-26,BNK_AGG,XS1000000005,990944,99094416.0,12.386802
2025-03-26,BNK_AGG,XS1000000006,694549,69454880.0,8.68186
2025-03-26,BNK_AGG,XS1000000007,1182917,118291672.0,14.786459
2025-03-27,BNK_AGG,XS1000000001,1279474,127947408.0,15.993426
2025-03-27,BNK_AGG,XS1000000002,1412110,141210968.0,17.651371
2025-03-27,BNK_AGG,XS1000000003,1627345,162734480.0,20.34181
2025-03-27,BNK_AGG,XS1000000004,811096,81109608.0,10.138701
2025-03-27,BNK_AGG,XS1000000005,941382,94138248.0,11.767281
2025-03-27,BNK_AGG,XS1000000006,743009,74300904.0,9.287613
2025-03-27,BNK_AGG,XS1000000007,1185584,118558384.0,14.819798
2025-03-28,BNK_AGG,XS1000000001,1262678,126267784.0,15.783473
2025-03-28,BNK_AGG,XS1000000002,1439879,143987896.0,17.998487
2025-03-28,BNK_AGG,XS1000000003,1606951,160695072.0,20.086884
2025-03-28,BNK_AGG,XS1000000004,801003,80100312.0,10.012539
2025-03-28,BNK_AGG,XS1000000005,945539,94553880.0,11.819235
2025-03-28,BNK_AGG,XS1000000006,735923,73592280.0,9.199035
2025-03-28,BNK_AGG,XS1000000007,1208028,120802776.0,15.100347
2025-03-31,BNK_AGG,XS1000000001,1315208,131520824.0,16.440103
2025-03-31,BNK_AGG,XS1000000002,1419985,141998488.0,17.749811
2025-03-31,BNK_AGG,XS1000000003,1573898,157389776.0,19.673722
2025-03-31,BNK_AGG,XS1000000004,773227,77322720.0,9.66534
2025-03-31,BNK_AGG,XS1000000005,944346,94434592.0,11.804324
2025-03-31,BNK_AGG,XS1000000006,747560,74755992.0,9.344499
2025-03-31,BNK_AGG,XS1000000007,1225776,122577608.0,15.322201
